Date,Difficulty_BTC
2015-01-01,40640955017
2015-01-02,40640955017
2015-01-03,40640955017
2015-01-04,40640955017
2015-01-05,40640955017
2015-01-06,40640955017
2015-01-07,40640955017
2015-01-08,40640955017
2015-01-09,40640955017
2015-01-10,40640955017
2015-01-11,40640955017
2015-01-12,43971662056
2015-01-13,43971662056
2015-01-14,43971662056
2015-01-15,43971662056
2015-01-16,43971662056
2015-01-17,43971662056
2015-01-18,43971662056
2015-01-19,43971662056
2015-01-20,43971662056
2015-01-21,43971662056
2015-01-22,43971662056
2015-01-23,43971662056
2015-01-24,43971662056
2015-01-25,43971662056
2015-01-26,43971662056
2015-01-27,43971662056
2015-01-28,41272873895
2015-01-29,41272873895
2015-01-30,41272873895
2015-01-31,41272873895
2015-02-01,41272873895
2015-02-02,41272873895
2015-02-03,41272873895
2015-02-04,41272873895
2015-02-05,41272873895
2015-02-06,41272873895
2015-02-07,41272873895
2015-02-08,41272873895
2015-02-09,44455415962
2015-02-10,44455415962
2015-02-11,44455415962
2015-02-12,44455415962
2015-02-13,44455415962
2015-02-14,44455415962
2015-02-15,44455415962
2015-02-16,44455415962
2015-02-17,44455415962
2015-02-18,44455415962
2015-02-19,44455415962
2015-02-20,44455415962
2015-02-21,44455415962
2015-02-22,44455415962
2015-02-23,46684376317
2015-02-24,46684376317
2015-02-25,46684376317
2015-02-26,46684376317
2015-02-27,46684376317
2015-02-28,46684376317
2015-03-01,46684376317
2015-03-02,46684376317
2015-03-03,46684376317
2015-03-04,46684376317
2015-03-05,46684376317
2015-03-06,46684376317
2015-03-07,46684376317
2015-03-08,46684376317
2015-03-09,47427554951
2015-03-10,47427554951
2015-03-11,47427554951
2015-03-12,47427554951
2015-03-13,47427554951
2015-03-14,47427554951
2015-03-15,47427554951
2015-03-16,47427554951
2015-03-17,47427554951
2015-03-18,47427554951
2015-03-19,47427554951
2015-03-20,47427554951
2015-03-21,47427554951
2015-03-22,47427554951
2015-03-23,47427554951
2015-03-24,46717549645
2015-03-25,46717549645
2015-03-26,46717549645
2015-03-27,46717549645
2015-03-28,46717549645
2015-03-29,46717549645
2015-03-30,46717549645
2015-03-31,46717549645
2015-04-01,46717549645
2015-04-02,46717549645
2015-04-03,46717549645
2015-04-04,46717549645
2015-04-05,49446390688
2015-04-06,49446390688
2015-04-07,49446390688
2015-04-08,49446390688
2015-04-09,49446390688
2015-04-10,49446390688
2015-04-11,49446390688
2015-04-12,49446390688
2015-04-13,49446390688
2015-04-14,49446390688
2015-04-15,49446390688
2015-04-16,49446390688
2015-04-17,49446390688
2015-04-18,49446390688
2015-04-19,49446390688
2015-04-20,49446390688
2015-04-21,47610564514
2015-04-22,47610564514
2015-04-23,47610564514
2015-04-24,47610564514
2015-04-25,47610564514
2015-04-26,47610564514
2015-04-27,47610564514
2015-04-28,47610564514
2015-04-29,47610564514
2015-04-30,47610564514
2015-05-01,47610564514
2015-05-02,47610564514
2015-05-03,47610564514
2015-05-04,47643398018
2015-05-05,47643398018
2015-05-06,47643398018
2015-05-07,47643398018
2015-05-08,47643398018
2015-05-09,47643398018
2015-05-10,47643398018
2015-05-11,47643398018
2015-05-12,47643398018
2015-05-13,47643398018
2015-05-14,47643398018
2015-05-15,47643398018
2015-05-16,47643398018
2015-05-17,48807487245
2015-05-18,48807487245
2015-05-19,48807487245
2015-05-20,48807487245
2015-05-21,48807487245
2015-05-22,48807487245
2015-05-23,48807487245
2015-05-24,48807487245
2015-05-25,48807487245
2015-05-26,48807487245
2015-05-27,48807487245
2015-05-28,48807487245
2015-05-29,48807487245
2015-05-30,48807487245
2015-05-31,48807487245
2015-06-01,48807487245
2015-06-02,47589591154
2015-06-03,47589591154
2015-06-04,47589591154
2015-06-05,47589591154
2015-06-06,47589591154
2015-06-07,47589591154
2015-06-08,47589591154
2015-06-09,47589591154
2015-06-10,47589591154
2015-06-11,47589591154
2015-06-12,47589591154
2015-06-13,47589591154
2015-06-14,49692386355
2015-06-15,49692386355
2015-06-16,49692386355
2015-06-17,49692386355
2015-06-18,49692386355
2015-06-19,49692386355
2015-06-20,49692386355
2015-06-21,49692386355
2015-06-22,49692386355
2015-06-23,49692386355
2015-06-24,49692386355
2015-06-25,49692386355
2015-06-26,49692386355
2015-06-27,49692386355
2015-06-28,49692386355
2015-06-29,49402014931
2015-06-30,49402014931
2015-07-01,49402014931
2015-07-02,49402014931
2015-07-03,49402014931
2015-07-04,49402014931
2015-07-05,49402014931
2015-07-06,49402014931
2015-07-07,49402014931
2015-07-08,49402014931
2015-07-09,49402014931
2015-07-10,49402014931
2015-07-11,49402014931
2015-07-12,51076366304
2015-07-13,51076366304
2015-07-14,51076366304
2015-07-15,51076366304
2015-07-16,51076366304
2015-07-17,51076366304
2015-07-18,51076366304
2015-07-19,51076366304
2015-07-20,51076366304
2015-07-21,51076366304
2015-07-22,51076366304
2015-07-23,51076366304
2015-07-24,51076366304
2015-07-25,52278304846
2015-07-26,52278304846
2015-07-27,52278304846
2015-07-28,52278304846
2015-07-29,52278304846
2015-07-30,52278304846
2015-07-31,52278304846
2015-08-01,52278304846
2015-08-02,52278304846
2015-08-03,52278304846
2015-08-04,52278304846
2015-08-05,52278304846
2015-08-06,52278304846
2015-08-07,52278304846
2015-08-08,52699842409
2015-08-09,52699842409
2015-08-10,52699842409
2015-08-11,52699842409
2015-08-12,52699842409
2015-08-13,52699842409
2015-08-14,52699842409
2015-08-15,52699842409
2015-08-16,52699842409
2015-08-17,52699842409
2015-08-18,52699842409
2015-08-19,52699842409
2015-08-20,52699842409
2015-08-21,52699842409
2015-08-22,52699842409
2015-08-23,54256630328
2015-08-24,54256630328
2015-08-25,54256630328
2015-08-26,54256630328
2015-08-27,54256630328
2015-08-28,54256630328
2015-08-29,54256630328
2015-08-30,54256630328
2015-08-31,54256630328
2015-09-01,54256630328
2015-09-02,54256630328
2015-09-03,54256630328
2015-09-04,54256630328
2015-09-05,56957648455
2015-09-06,56957648455
2015-09-07,56957648455
2015-09-08,56957648455
2015-09-09,56957648455
2015-09-10,56957648455
2015-09-11,56957648455
2015-09-12,56957648455
2015-09-13,56957648455
2015-09-14,56957648455
2015-09-15,56957648455
2015-09-16,56957648455
2015-09-17,56957648455
2015-09-18,56957648455
2015-09-19,59335351234
2015-09-20,59335351234
2015-09-21,59335351234
2015-09-22,59335351234
2015-09-23,59335351234
2015-09-24,59335351234
2015-09-25,59335351234
2015-09-26,59335351234
2015-09-27,59335351234
2015-09-28,59335351234
2015-09-29,59335351234
2015-09-30,59335351234
2015-10-01,60813224039
2015-10-02,60813224039
2015-10-03,60813224039
2015-10-04,60813224039
2015-10-05,60813224039
2015-10-06,60813224039
2015-10-07,60813224039
2015-10-08,60813224039
2015-10-09,60813224039
2015-10-10,60813224039
2015-10-11,60813224039
2015-10-12,60813224039
2015-10-13,60813224039
2015-10-14,60813224039
2015-10-15,60883825480
2015-10-16,60883825480
2015-10-17,60883825480
2015-10-18,60883825480
2015-10-19,60883825480
2015-10-20,60883825480
2015-10-21,60883825480
2015-10-22,60883825480
2015-10-23,60883825480
2015-10-24,60883825480
2015-10-25,60883825480
2015-10-26,60883825480
2015-10-27,60883825480
2015-10-28,60883825480
2015-10-29,60883825480
2015-10-30,62253982450
2015-10-31,62253982450
2015-11-01,62253982450
2015-11-02,62253982450
2015-11-03,62253982450
2015-11-04,62253982450
2015-11-05,62253982450
2015-11-06,62253982450
2015-11-07,62253982450
2015-11-08,62253982450
2015-11-09,62253982450
2015-11-10,62253982450
2015-11-11,62253982450
2015-11-12,65848255180
2015-11-13,65848255180
2015-11-14,65848255180
2015-11-15,65848255180
2015-11-16,65848255180
2015-11-17,65848255180
2015-11-18,65848255180
2015-11-19,65848255180
2015-11-20,65848255180
2015-11-21,65848255180
2015-11-22,65848255180
2015-11-23,65848255180
2015-11-24,65848255180
2015-11-25,72722780643
2015-11-26,72722780643
2015-11-27,72722780643
2015-11-28,72722780643
2015-11-29,72722780643
2015-11-30,72722780643
2015-12-01,72722780643
2015-12-02,72722780643
2015-12-03,72722780643
2015-12-04,72722780643
2015-12-05,72722780643
2015-12-06,72722780643
2015-12-07,72722780643
2015-12-08,79102380900
2015-12-09,79102380900
2015-12-10,79102380900
2015-12-11,79102380900
2015-12-12,79102380900
2015-12-13,79102380900
2015-12-14,79102380900
2015-12-15,79102380900
2015-12-16,79102380900
2015-12-17,79102380900
2015-12-18,79102380900
2015-12-19,79102380900
2015-12-20,93448670796
2015-12-21,93448670796
2015-12-22,93448670796
2015-12-23,93448670796
2015-12-24,93448670796
2015-12-25,93448670796
2015-12-26,93448670796
2015-12-27,93448670796
2015-12-28,93448670796
2015-12-29,93448670796
2015-12-30,93448670796
2015-12-31,93448670796
2016-01-01,1.04E+11
2016-01-02,1.04E+11
2016-01-03,1.04E+11
2016-01-04,1.04E+11
2016-01-05,1.04E+11
2016-01-06,1.04E+11
2016-01-07,1.04E+11
2016-01-08,1.04E+11
2016-01-09,1.04E+11
2016-01-10,1.04E+11
2016-01-11,1.04E+11
2016-01-12,1.04E+11
2016-01-13,1.04E+11
2016-01-14,1.13E+11
2016-01-15,1.13E+11
2016-01-16,1.13E+11
2016-01-17,1.13E+11
2016-01-18,1.13E+11
2016-01-19,1.13E+11
2016-01-20,1.13E+11
2016-01-21,1.13E+11
2016-01-22,1.13E+11
2016-01-23,1.13E+11
2016-01-24,1.13E+11
2016-01-25,1.13E+11
2016-01-26,1.13E+11
2016-01-27,1.20E+11
2016-01-28,1.20E+11
2016-01-29,1.20E+11
2016-01-30,1.20E+11
2016-01-31,1.20E+11
2016-02-01,1.20E+11
2016-02-02,1.20E+11
2016-02-03,1.20E+11
2016-02-04,1.20E+11
2016-02-05,1.20E+11
2016-02-06,1.20E+11
2016-02-07,1.20E+11
2016-02-08,1.44E+11
2016-02-09,1.44E+11
2016-02-10,1.44E+11
2016-02-11,1.44E+11
2016-02-12,1.44E+11
2016-02-13,1.44E+11
2016-02-14,1.44E+11
2016-02-15,1.44E+11
2016-02-16,1.44E+11
2016-02-17,1.44E+11
2016-02-18,1.44E+11
2016-02-19,1.44E+11
2016-02-20,1.63E+11
2016-02-21,1.63E+11
2016-02-22,1.63E+11
2016-02-23,1.63E+11
2016-02-24,1.63E+11
2016-02-25,1.63E+11
2016-02-26,1.63E+11
2016-02-27,1.63E+11
2016-02-28,1.63E+11
2016-02-29,1.63E+11
2016-03-01,1.63E+11
2016-03-02,1.63E+11
2016-03-03,1.63E+11
2016-03-04,1.63E+11
2016-03-05,1.63E+11
2016-03-06,1.63E+11
2016-03-07,1.58E+11
2016-03-08,1.58E+11
2016-03-09,1.58E+11
2016-03-10,1.58E+11
2016-03-11,1.58E+11
2016-03-12,1.58E+11
2016-03-13,1.58E+11
2016-03-14,1.58E+11
2016-03-15,1.58E+11
2016-03-16,1.58E+11
2016-03-17,1.58E+11
2016-03-18,1.58E+11
2016-03-19,1.65E+11
2016-03-20,1.65E+11
2016-03-21,1.65E+11
2016-03-22,1.65E+11
2016-03-23,1.65E+11
2016-03-24,1.65E+11
2016-03-25,1.65E+11
2016-03-26,1.65E+11
2016-03-27,1.65E+11
2016-03-28,1.65E+11
2016-03-29,1.65E+11
2016-03-30,1.65E+11
2016-03-31,1.65E+11
2016-04-01,1.65E+11
2016-04-02,1.67E+11
2016-04-03,1.67E+11
2016-04-04,1.67E+11
2016-04-05,1.67E+11
2016-04-06,1.67E+11
2016-04-07,1.67E+11
2016-04-08,1.67E+11
2016-04-09,1.67E+11
2016-04-10,1.67E+11
2016-04-11,1.67E+11
2016-04-12,1.67E+11
2016-04-13,1.67E+11
2016-04-14,1.67E+11
2016-04-15,1.79E+11
2016-04-16,1.79E+11
2016-04-17,1.79E+11
2016-04-18,1.79E+11
2016-04-19,1.79E+11
2016-04-20,1.79E+11
2016-04-21,1.79E+11
2016-04-22,1.79E+11
2016-04-23,1.79E+11
2016-04-24,1.79E+11
2016-04-25,1.79E+11
2016-04-26,1.79E+11
2016-04-27,1.79E+11
2016-04-28,1.79E+11
2016-04-29,1.79E+11
2016-04-30,1.79E+11
2016-05-01,1.79E+11
2016-05-02,1.79E+11
2016-05-03,1.79E+11
2016-05-04,1.79E+11
2016-05-05,1.79E+11
2016-05-06,1.79E+11
2016-05-07,1.79E+11
2016-05-08,1.79E+11
2016-05-09,1.79E+11
2016-05-10,1.79E+11
2016-05-11,1.79E+11
2016-05-12,1.91E+11
2016-05-13,1.94E+11
2016-05-14,1.94E+11
2016-05-15,1.94E+11
2016-05-16,1.94E+11
2016-05-17,1.94E+11
2016-05-18,1.94E+11
2016-05-19,1.94E+11
2016-05-20,1.94E+11
2016-05-21,1.94E+11
2016-05-22,1.94E+11
2016-05-23,1.94E+11
2016-05-24,1.94E+11
2016-05-25,1.95E+11
2016-05-26,1.99E+11
2016-05-27,1.99E+11
2016-05-28,1.99E+11
2016-05-29,1.99E+11
2016-05-30,1.99E+11
2016-05-31,1.99E+11
2016-06-01,1.99E+11
2016-06-02,1.99E+11
2016-06-03,1.99E+11
2016-06-04,1.99E+11
2016-06-05,1.99E+11
2016-06-06,1.99E+11
2016-06-07,1.99E+11
2016-06-08,1.99E+11
2016-06-09,1.96E+11
2016-06-10,1.96E+11
2016-06-11,1.96E+11
2016-06-12,1.96E+11
2016-06-13,1.96E+11
2016-06-14,1.96E+11
2016-06-15,1.96E+11
2016-06-16,1.96E+11
2016-06-17,1.96E+11
2016-06-18,1.96E+11
2016-06-19,1.96E+11
2016-06-20,1.96E+11
2016-06-21,1.96E+11
2016-06-22,2.06E+11
2016-06-23,2.09E+11
2016-06-24,2.09E+11
2016-06-25,2.09E+11
2016-06-26,2.09E+11
2016-06-27,2.09E+11
2016-06-28,2.09E+11
2016-06-29,2.09E+11
2016-06-30,2.09E+11
2016-07-01,2.09E+11
2016-07-02,2.09E+11
2016-07-03,2.09E+11
2016-07-04,2.09E+11
2016-07-05,2.10E+11
2016-07-06,2.13E+11
2016-07-07,2.13E+11
2016-07-08,2.13E+11
2016-07-09,2.13E+11
2016-07-10,2.13E+11
2016-07-11,2.13E+11
2016-07-12,2.13E+11
2016-07-13,2.13E+11
2016-07-14,2.13E+11
2016-07-15,2.13E+11
2016-07-16,2.13E+11
2016-07-17,2.13E+11
2016-07-18,2.13E+11
2016-07-19,2.13E+11
2016-07-20,2.13E+11
2016-07-21,2.13E+11
2016-07-22,2.13E+11
2016-07-23,2.13E+11
2016-07-24,2.13E+11
2016-07-25,2.13E+11
2016-07-26,2.13E+11
2016-07-27,2.13E+11
2016-07-28,2.13E+11
2016-07-29,2.13E+11
2016-07-30,2.13E+11
2016-07-31,2.13E+11
2016-08-01,2.13E+11
2016-08-02,2.13E+11
2016-08-03,2.11E+11
2016-08-04,2.02E+11
2016-08-05,2.02E+11
2016-08-06,2.02E+11
2016-08-07,2.02E+11
2016-08-08,2.02E+11
2016-08-09,2.02E+11
2016-08-10,2.02E+11
2016-08-11,2.02E+11
2016-08-12,2.02E+11
2016-08-13,2.02E+11
2016-08-14,2.02E+11
2016-08-15,2.02E+11
2016-08-16,2.03E+11
2016-08-17,2.17E+11
2016-08-18,2.17E+11
2016-08-19,2.17E+11
2016-08-20,2.17E+11
2016-08-21,2.17E+11
2016-08-22,2.17E+11
2016-08-23,2.17E+11
2016-08-24,2.17E+11
2016-08-25,2.17E+11
2016-08-26,2.17E+11
2016-08-27,2.17E+11
2016-08-28,2.17E+11
2016-08-29,2.17E+11
2016-08-30,2.18E+11
2016-08-31,2.21E+11
2016-09-01,2.21E+11
2016-09-02,2.21E+11
2016-09-03,2.21E+11
2016-09-04,2.21E+11
2016-09-05,2.21E+11
2016-09-06,2.21E+11
2016-09-07,2.21E+11
2016-09-08,2.21E+11
2016-09-09,2.21E+11
2016-09-10,2.21E+11
2016-09-11,2.21E+11
2016-09-12,2.21E+11
2016-09-13,2.25E+11
2016-09-14,2.26E+11
2016-09-15,2.26E+11
2016-09-16,2.26E+11
2016-09-17,2.26E+11
2016-09-18,2.26E+11
2016-09-19,2.26E+11
2016-09-20,2.26E+11
2016-09-21,2.26E+11
2016-09-22,2.26E+11
2016-09-23,2.26E+11
2016-09-24,2.26E+11
2016-09-25,2.26E+11
2016-09-26,2.35E+11
2016-09-27,2.41E+11
2016-09-28,2.41E+11
2016-09-29,2.41E+11
2016-09-30,2.41E+11
2016-10-01,2.41E+11
2016-10-02,2.41E+11
2016-10-03,2.41E+11
2016-10-04,2.41E+11
2016-10-05,2.41E+11
2016-10-06,2.41E+11
2016-10-07,2.41E+11
2016-10-08,2.41E+11
2016-10-09,2.51E+11
2016-10-10,2.59E+11
2016-10-11,2.59E+11
2016-10-12,2.59E+11
2016-10-13,2.59E+11
2016-10-14,2.59E+11
2016-10-15,2.59E+11
2016-10-16,2.59E+11
2016-10-17,2.59E+11
2016-10-18,2.59E+11
2016-10-19,2.59E+11
2016-10-20,2.59E+11
2016-10-21,2.59E+11
2016-10-22,2.59E+11
2016-10-23,2.58E+11
2016-10-24,2.54E+11
2016-10-25,2.54E+11
2016-10-26,2.54E+11
2016-10-27,2.54E+11
2016-10-28,2.54E+11
2016-10-29,2.54E+11
2016-10-30,2.54E+11
2016-10-31,2.54E+11
2016-11-01,2.54E+11
2016-11-02,2.54E+11
2016-11-03,2.54E+11
2016-11-04,2.54E+11
2016-11-05,2.54E+11
2016-11-06,2.54E+11
2016-11-07,2.55E+11
2016-11-08,2.55E+11
2016-11-09,2.55E+11
2016-11-10,2.55E+11
2016-11-11,2.55E+11
2016-11-12,2.55E+11
2016-11-13,2.55E+11
2016-11-14,2.55E+11
2016-11-15,2.55E+11
2016-11-16,2.55E+11
2016-11-17,2.55E+11
2016-11-18,2.55E+11
2016-11-19,2.72E+11
2016-11-20,2.82E+11
2016-11-21,2.82E+11
2016-11-22,2.82E+11
2016-11-23,2.82E+11
2016-11-24,2.82E+11
2016-11-25,2.82E+11
2016-11-26,2.82E+11
2016-11-27,2.82E+11
2016-11-28,2.82E+11
2016-11-29,2.82E+11
2016-11-30,2.82E+11
2016-12-01,2.82E+11
2016-12-02,2.82E+11
2016-12-03,2.86E+11
2016-12-04,2.87E+11
2016-12-05,2.87E+11
2016-12-06,2.87E+11
2016-12-07,2.87E+11
2016-12-08,2.87E+11
2016-12-09,2.87E+11
2016-12-10,2.87E+11
2016-12-11,2.87E+11
2016-12-12,2.87E+11
2016-12-13,2.87E+11
2016-12-14,2.87E+11
2016-12-15,2.87E+11
2016-12-16,3.08E+11
2016-12-17,3.10E+11
2016-12-18,3.10E+11
2016-12-19,3.10E+11
2016-12-20,3.10E+11
2016-12-21,3.10E+11
2016-12-22,3.10E+11
2016-12-23,3.10E+11
2016-12-24,3.10E+11
2016-12-25,3.10E+11
2016-12-26,3.10E+11
2016-12-27,3.10E+11
2016-12-28,3.10E+11
2016-12-29,3.12E+11
2016-12-30,3.18E+11
2016-12-31,3.18E+11
2017-01-01,3.18E+11
2017-01-02,3.18E+11
2017-01-03,3.18E+11
2017-01-04,3.18E+11
2017-01-05,3.18E+11
2017-01-06,3.18E+11
2017-01-07,3.18E+11
2017-01-08,3.18E+11
2017-01-09,3.18E+11
2017-01-10,3.18E+11
2017-01-11,3.19E+11
2017-01-12,3.37E+11
2017-01-13,3.37E+11
2017-01-14,3.37E+11
2017-01-15,3.37E+11
2017-01-16,3.37E+11
2017-01-17,3.37E+11
2017-01-18,3.37E+11
2017-01-19,3.37E+11
2017-01-20,3.37E+11
2017-01-21,3.37E+11
2017-01-22,3.37E+11
2017-01-23,3.39E+11
2017-01-24,3.93E+11
2017-01-25,3.93E+11
2017-01-26,3.93E+11
2017-01-27,3.93E+11
2017-01-28,3.93E+11
2017-01-29,3.93E+11
2017-01-30,3.93E+11
2017-01-31,3.93E+11
2017-02-01,3.93E+11
2017-02-02,3.93E+11
2017-02-03,3.93E+11
2017-02-04,3.93E+11
2017-02-05,3.94E+11
2017-02-06,4.22E+11
2017-02-07,4.22E+11
2017-02-08,4.22E+11
2017-02-09,4.22E+11
2017-02-10,4.22E+11
2017-02-11,4.22E+11
2017-02-12,4.22E+11
2017-02-13,4.22E+11
2017-02-14,4.22E+11
2017-02-15,4.22E+11
2017-02-16,4.22E+11
2017-02-17,4.22E+11
2017-02-18,4.22E+11
2017-02-19,4.33E+11
2017-02-20,4.41E+11
2017-02-21,4.41E+11
2017-02-22,4.41E+11
2017-02-23,4.41E+11
2017-02-24,4.41E+11
2017-02-25,4.41E+11
2017-02-26,4.41E+11
2017-02-27,4.41E+11
2017-02-28,4.41E+11
2017-03-01,4.41E+11
2017-03-02,4.41E+11
2017-03-03,4.41E+11
2017-03-04,4.46E+11
2017-03-05,4.61E+11
2017-03-06,4.61E+11
2017-03-07,4.61E+11
2017-03-08,4.61E+11
2017-03-09,4.61E+11
2017-03-10,4.61E+11
2017-03-11,4.61E+11
2017-03-12,4.61E+11
2017-03-13,4.61E+11
2017-03-14,4.61E+11
2017-03-15,4.61E+11
2017-03-16,4.61E+11
2017-03-17,4.61E+11
2017-03-18,4.70E+11
2017-03-19,4.76E+11
2017-03-20,4.76E+11
2017-03-21,4.76E+11
2017-03-22,4.76E+11
2017-03-23,4.76E+11
2017-03-24,4.76E+11
2017-03-25,4.76E+11
2017-03-26,4.76E+11
2017-03-27,4.76E+11
2017-03-28,4.76E+11
2017-03-29,4.76E+11
2017-03-30,4.76E+11
2017-03-31,4.83E+11
2017-04-01,5.00E+11
2017-04-02,5.00E+11
2017-04-03,5.00E+11
2017-04-04,5.00E+11
2017-04-05,5.00E+11
2017-04-06,5.00E+11
2017-04-07,5.00E+11
2017-04-08,5.00E+11
2017-04-09,5.00E+11
2017-04-10,5.00E+11
2017-04-11,5.00E+11
2017-04-12,5.00E+11
2017-04-13,5.00E+11
2017-04-14,5.18E+11
2017-04-15,5.21E+11
2017-04-16,5.21E+11
2017-04-17,5.21E+11
2017-04-18,5.21E+11
2017-04-19,5.21E+11
2017-04-20,5.21E+11
2017-04-21,5.21E+11
2017-04-22,5.21E+11
2017-04-23,5.21E+11
2017-04-24,5.21E+11
2017-04-25,5.21E+11
2017-04-26,5.21E+11
2017-04-27,5.21E+11
2017-04-28,5.22E+11
2017-04-29,5.22E+11
2017-04-30,5.22E+11
2017-05-01,5.22E+11
2017-05-02,5.22E+11
2017-05-03,5.22E+11
2017-05-04,5.22E+11
2017-05-05,5.22E+11
2017-05-06,5.22E+11
2017-05-07,5.22E+11
2017-05-08,5.22E+11
2017-05-09,5.22E+11
2017-05-10,5.22E+11
2017-05-11,5.55E+11
2017-05-12,5.60E+11
2017-05-13,5.60E+11
2017-05-14,5.60E+11
2017-05-15,5.60E+11
2017-05-16,5.60E+11
2017-05-17,5.60E+11
2017-05-18,5.60E+11
2017-05-19,5.60E+11
2017-05-20,5.60E+11
2017-05-21,5.60E+11
2017-05-22,5.60E+11
2017-05-23,5.60E+11
2017-05-24,5.84E+11
2017-05-25,5.96E+11
2017-05-26,5.96E+11
2017-05-27,5.96E+11
2017-05-28,5.96E+11
2017-05-29,5.96E+11
2017-05-30,5.96E+11
2017-05-31,5.96E+11
2017-06-01,5.96E+11
2017-06-02,5.96E+11
2017-06-03,5.96E+11
2017-06-04,5.96E+11
2017-06-05,6.28E+11
2017-06-06,6.79E+11
2017-06-07,6.79E+11
2017-06-08,6.79E+11
2017-06-09,6.79E+11
2017-06-10,6.79E+11
2017-06-11,6.79E+11
2017-06-12,6.79E+11
2017-06-13,6.79E+11
2017-06-14,6.79E+11
2017-06-15,6.79E+11
2017-06-16,6.79E+11
2017-06-17,6.79E+11
2017-06-18,6.80E+11
2017-06-19,7.12E+11
2017-06-20,7.12E+11
2017-06-21,7.12E+11
2017-06-22,7.12E+11
2017-06-23,7.12E+11
2017-06-24,7.12E+11
2017-06-25,7.12E+11
2017-06-26,7.12E+11
2017-06-27,7.12E+11
2017-06-28,7.12E+11
2017-06-29,7.12E+11
2017-06-30,7.12E+11
2017-07-01,7.12E+11
2017-07-02,7.09E+11
2017-07-03,7.09E+11
2017-07-04,7.09E+11
2017-07-05,7.09E+11
2017-07-06,7.09E+11
2017-07-07,7.09E+11
2017-07-08,7.09E+11
2017-07-09,7.09E+11
2017-07-10,7.09E+11
2017-07-11,7.09E+11
2017-07-12,7.09E+11
2017-07-13,7.09E+11
2017-07-14,7.09E+11
2017-07-15,7.62E+11
2017-07-16,8.05E+11
2017-07-17,8.05E+11
2017-07-18,8.05E+11
2017-07-19,8.05E+11
2017-07-20,8.05E+11
2017-07-21,8.05E+11
2017-07-22,8.05E+11
2017-07-23,8.05E+11
2017-07-24,8.05E+11
2017-07-25,8.05E+11
2017-07-26,8.05E+11
2017-07-27,8.05E+11
2017-07-28,8.36E+11
2017-07-29,8.60E+11
2017-07-30,8.60E+11
2017-07-31,8.60E+11
2017-08-01,8.60E+11
2017-08-02,8.60E+11
2017-08-03,8.60E+11
2017-08-04,8.60E+11
2017-08-05,8.60E+11
2017-08-06,8.60E+11
2017-08-07,8.60E+11
2017-08-08,8.60E+11
2017-08-09,8.60E+11
2017-08-10,8.88E+11
2017-08-11,9.23E+11
2017-08-12,9.23E+11
2017-08-13,9.23E+11
2017-08-14,9.23E+11
2017-08-15,9.23E+11
2017-08-16,9.23E+11
2017-08-17,9.23E+11
2017-08-18,9.23E+11
2017-08-19,9.23E+11
2017-08-20,9.23E+11
2017-08-21,9.23E+11
2017-08-22,9.23E+11
2017-08-23,9.23E+11
2017-08-24,9.23E+11
2017-08-25,8.92E+11
2017-08-26,8.88E+11
2017-08-27,8.88E+11
2017-08-28,8.88E+11
2017-08-29,8.88E+11
2017-08-30,8.88E+11
2017-08-31,8.88E+11
2017-09-01,8.88E+11
2017-09-02,8.88E+11
2017-09-03,8.88E+11
2017-09-04,8.88E+11
2017-09-05,8.88E+11
2017-09-06,8.88E+11
2017-09-07,9.03E+11
2017-09-08,9.23E+11
2017-09-09,9.23E+11
2017-09-10,9.23E+11
2017-09-11,9.23E+11
2017-09-12,9.23E+11
2017-09-13,9.23E+11
2017-09-14,9.23E+11
2017-09-15,9.23E+11
2017-09-16,9.23E+11
2017-09-17,9.23E+11
2017-09-18,9.23E+11
2017-09-19,1.05E+12
2017-09-20,1.10E+12
2017-09-21,1.10E+12
2017-09-22,1.10E+12
2017-09-23,1.10E+12
2017-09-24,1.10E+12
2017-09-25,1.10E+12
2017-09-26,1.10E+12
2017-09-27,1.10E+12
2017-09-28,1.10E+12
2017-09-29,1.10E+12
2017-09-30,1.10E+12
2017-10-01,1.10E+12
2017-10-02,1.10E+12
2017-10-03,1.12E+12
2017-10-04,1.12E+12
2017-10-05,1.12E+12
2017-10-06,1.12E+12
2017-10-07,1.12E+12
2017-10-08,1.12E+12
2017-10-09,1.12E+12
2017-10-10,1.12E+12
2017-10-11,1.12E+12
2017-10-12,1.12E+12
2017-10-13,1.12E+12
2017-10-14,1.12E+12
2017-10-15,1.12E+12
2017-10-16,1.18E+12
2017-10-17,1.20E+12
2017-10-18,1.20E+12
2017-10-19,1.20E+12
2017-10-20,1.20E+12
2017-10-21,1.20E+12
2017-10-22,1.20E+12
2017-10-23,1.20E+12
2017-10-24,1.20E+12
2017-10-25,1.20E+12
2017-10-26,1.20E+12
2017-10-27,1.23E+12
2017-10-28,1.45E+12
2017-10-29,1.45E+12
2017-10-30,1.45E+12
2017-10-31,1.45E+12
2017-11-01,1.45E+12
2017-11-02,1.45E+12
2017-11-03,1.45E+12
2017-11-04,1.45E+12
2017-11-05,1.45E+12
2017-11-06,1.45E+12
2017-11-07,1.45E+12
2017-11-08,1.45E+12
2017-11-09,1.45E+12
2017-11-10,1.45E+12
2017-11-11,1.42E+12
2017-11-12,1.36E+12
2017-11-13,1.36E+12
2017-11-14,1.36E+12
2017-11-15,1.36E+12
2017-11-16,1.36E+12
2017-11-17,1.36E+12
2017-11-18,1.36E+12
2017-11-19,1.36E+12
2017-11-20,1.36E+12
2017-11-21,1.36E+12
2017-11-22,1.36E+12
2017-11-23,1.36E+12
2017-11-24,1.36E+12
2017-11-25,1.36E+12
2017-11-26,1.35E+12
2017-11-27,1.35E+12
2017-11-28,1.35E+12
2017-11-29,1.35E+12
2017-11-30,1.35E+12
2017-12-01,1.35E+12
2017-12-02,1.35E+12
2017-12-03,1.35E+12
2017-12-04,1.35E+12
2017-12-05,1.35E+12
2017-12-06,1.35E+12
2017-12-07,1.41E+12
2017-12-08,1.59E+12
2017-12-09,1.59E+12
2017-12-10,1.59E+12
2017-12-11,1.59E+12
2017-12-12,1.59E+12
2017-12-13,1.59E+12
2017-12-14,1.59E+12
2017-12-15,1.59E+12
2017-12-16,1.59E+12
2017-12-17,1.59E+12
2017-12-18,1.59E+12
2017-12-19,1.72E+12
2017-12-20,1.87E+12
2017-12-21,1.87E+12
2017-12-22,1.87E+12
2017-12-23,1.87E+12
2017-12-24,1.87E+12
2017-12-25,1.87E+12
2017-12-26,1.87E+12
2017-12-27,1.87E+12
2017-12-28,1.87E+12
2017-12-29,1.87E+12
2017-12-30,1.87E+12
2017-12-31,1.87E+12
2018-01-01,1.87E+12
2018-01-02,1.92E+12
2018-01-03,1.93E+12
2018-01-04,1.93E+12
2018-01-05,1.93E+12
2018-01-06,1.93E+12
2018-01-07,1.93E+12
2018-01-08,1.93E+12
2018-01-09,1.93E+12
2018-01-10,1.93E+12
2018-01-11,1.93E+12
2018-01-12,1.93E+12
2018-01-13,1.93E+12
2018-01-14,2.13E+12
2018-01-15,2.23E+12
2018-01-16,2.23E+12
2018-01-17,2.23E+12
2018-01-18,2.23E+12
2018-01-19,2.23E+12
2018-01-20,2.23E+12
2018-01-21,2.23E+12
2018-01-22,2.23E+12
2018-01-23,2.23E+12
2018-01-24,2.23E+12
2018-01-25,2.23E+12
2018-01-26,2.46E+12
2018-01-27,2.60E+12
2018-01-28,2.60E+12
2018-01-29,2.60E+12
2018-01-30,2.60E+12
2018-01-31,2.60E+12
2018-02-01,2.60E+12
2018-02-02,2.60E+12
2018-02-03,2.60E+12
2018-02-04,2.60E+12
2018-02-05,2.60E+12
2018-02-06,2.60E+12
2018-02-07,2.61E+12
2018-02-08,2.87E+12
2018-02-09,2.87E+12
2018-02-10,2.87E+12
2018-02-11,2.87E+12
2018-02-12,2.87E+12
2018-02-13,2.87E+12
2018-02-14,2.87E+12
2018-02-15,2.87E+12
2018-02-16,2.87E+12
2018-02-17,2.87E+12
2018-02-18,2.87E+12
2018-02-19,2.87E+12
2018-02-20,2.87E+12
2018-02-21,2.97E+12
2018-02-22,3.01E+12
2018-02-23,3.01E+12
2018-02-24,3.01E+12
2018-02-25,3.01E+12
2018-02-26,3.01E+12
2018-02-27,3.01E+12
2018-02-28,3.01E+12
2018-03-01,3.01E+12
2018-03-02,3.01E+12
2018-03-03,3.01E+12
2018-03-04,3.01E+12
2018-03-05,3.01E+12
2018-03-06,3.23E+12
2018-03-07,3.29E+12
2018-03-08,3.29E+12
2018-03-09,3.29E+12
2018-03-10,3.29E+12
2018-03-11,3.29E+12
2018-03-12,3.29E+12
2018-03-13,3.29E+12
2018-03-14,3.29E+12
2018-03-15,3.29E+12
2018-03-16,3.29E+12
2018-03-17,3.29E+12
2018-03-18,3.29E+12
2018-03-19,3.38E+12
2018-03-20,3.46E+12
2018-03-21,3.46E+12
2018-03-22,3.46E+12
2018-03-23,3.46E+12
2018-03-24,3.46E+12
2018-03-25,3.46E+12
2018-03-26,3.46E+12
2018-03-27,3.46E+12
2018-03-28,3.46E+12
2018-03-29,3.46E+12
2018-03-30,3.46E+12
2018-03-31,3.46E+12
2018-04-01,3.46E+12
2018-04-02,3.49E+12
2018-04-03,3.51E+12
2018-04-04,3.51E+12
2018-04-05,3.51E+12
2018-04-06,3.51E+12
2018-04-07,3.51E+12
2018-04-08,3.51E+12
2018-04-09,3.51E+12
2018-04-10,3.51E+12
2018-04-11,3.51E+12
2018-04-12,3.51E+12
2018-04-13,3.51E+12
2018-04-14,3.51E+12
2018-04-15,3.80E+12
2018-04-16,3.84E+12
2018-04-17,3.84E+12
2018-04-18,3.84E+12
2018-04-19,3.84E+12
2018-04-20,3.84E+12
2018-04-21,3.84E+12
2018-04-22,3.84E+12
2018-04-23,3.84E+12
2018-04-24,3.84E+12
2018-04-25,3.84E+12
2018-04-26,3.84E+12
2018-04-27,3.84E+12
2018-04-28,3.94E+12
2018-04-29,4.02E+12
2018-04-30,4.02E+12
2018-05-01,4.02E+12
2018-05-02,4.02E+12
2018-05-03,4.02E+12
2018-05-04,4.02E+12
2018-05-05,4.02E+12
2018-05-06,4.02E+12
2018-05-07,4.02E+12
2018-05-08,4.02E+12
2018-05-09,4.02E+12
2018-05-10,4.02E+12
2018-05-11,4.02E+12
2018-05-12,4.14E+12
2018-05-13,4.14E+12
2018-05-14,4.14E+12
2018-05-15,4.14E+12
2018-05-16,4.14E+12
2018-05-17,4.14E+12
2018-05-18,4.14E+12
2018-05-19,4.14E+12
2018-05-20,4.14E+12
2018-05-21,4.14E+12
2018-05-22,4.14E+12
2018-05-23,4.14E+12
2018-05-24,4.14E+12
2018-05-25,4.22E+12
2018-05-26,4.31E+12
2018-05-27,4.31E+12
2018-05-28,4.31E+12
2018-05-29,4.31E+12
2018-05-30,4.31E+12
2018-05-31,4.31E+12
2018-06-01,4.31E+12
2018-06-02,4.31E+12
2018-06-03,4.31E+12
2018-06-04,4.31E+12
2018-06-05,4.31E+12
2018-06-06,4.42E+12
2018-06-07,4.94E+12
2018-06-08,4.94E+12
2018-06-09,4.94E+12
2018-06-10,4.94E+12
2018-06-11,4.94E+12
2018-06-12,4.94E+12
2018-06-13,4.94E+12
2018-06-14,4.94E+12
2018-06-15,4.94E+12
2018-06-16,4.94E+12
2018-06-17,4.94E+12
2018-06-18,4.94E+12
2018-06-19,4.94E+12
2018-06-20,5.02E+12
2018-06-21,5.08E+12
2018-06-22,5.08E+12
2018-06-23,5.08E+12
2018-06-24,5.08E+12
2018-06-25,5.08E+12
2018-06-26,5.08E+12
2018-06-27,5.08E+12
2018-06-28,5.08E+12
2018-06-29,5.08E+12
2018-06-30,5.08E+12
2018-07-01,5.08E+12
2018-07-02,5.08E+12
2018-07-03,5.17E+12
2018-07-04,5.36E+12
2018-07-05,5.36E+12
2018-07-06,5.36E+12
2018-07-07,5.36E+12
2018-07-08,5.36E+12
2018-07-09,5.36E+12
2018-07-10,5.36E+12
2018-07-11,5.36E+12
2018-07-12,5.36E+12
2018-07-13,5.36E+12
2018-07-14,5.36E+12
2018-07-15,5.36E+12
2018-07-16,5.36E+12
2018-07-17,5.36E+12
2018-07-18,5.20E+12
2018-07-19,5.18E+12
2018-07-20,5.18E+12
2018-07-21,5.18E+12
2018-07-22,5.18E+12
2018-07-23,5.18E+12
2018-07-24,5.18E+12
2018-07-25,5.18E+12
2018-07-26,5.18E+12
2018-07-27,5.18E+12
2018-07-28,5.18E+12
2018-07-29,5.18E+12
2018-07-30,5.60E+12
2018-07-31,5.95E+12
2018-08-01,5.95E+12
2018-08-02,5.95E+12
2018-08-03,5.95E+12
2018-08-04,5.95E+12
2018-08-05,5.95E+12
2018-08-06,5.95E+12
2018-08-07,5.95E+12
2018-08-08,5.95E+12
2018-08-09,5.95E+12
2018-08-10,5.95E+12
2018-08-11,5.95E+12
2018-08-12,6.20E+12
2018-08-13,6.39E+12
2018-08-14,6.39E+12
2018-08-15,6.39E+12
2018-08-16,6.39E+12
2018-08-17,6.39E+12
2018-08-18,6.39E+12
2018-08-19,6.39E+12
2018-08-20,6.39E+12
2018-08-21,6.39E+12
2018-08-22,6.39E+12
2018-08-23,6.39E+12
2018-08-24,6.39E+12
2018-08-25,6.51E+12
2018-08-26,6.73E+12
2018-08-27,6.73E+12
2018-08-28,6.73E+12
2018-08-29,6.73E+12
2018-08-30,6.73E+12
2018-08-31,6.73E+12
2018-09-01,6.73E+12
2018-09-02,6.73E+12
2018-09-03,6.73E+12
2018-09-04,6.73E+12
2018-09-05,6.73E+12
2018-09-06,6.73E+12
2018-09-07,6.73E+12
2018-09-08,6.97E+12
2018-09-09,7.02E+12
2018-09-10,7.02E+12
2018-09-11,7.02E+12
2018-09-12,7.02E+12
2018-09-13,7.02E+12
2018-09-14,7.02E+12
2018-09-15,7.02E+12
2018-09-16,7.02E+12
2018-09-17,7.02E+12
2018-09-18,7.02E+12
2018-09-19,7.02E+12
2018-09-20,7.02E+12
2018-09-21,7.03E+12
2018-09-22,7.15E+12
2018-09-23,7.15E+12
2018-09-24,7.15E+12
2018-09-25,7.15E+12
2018-09-26,7.15E+12
2018-09-27,7.15E+12
2018-09-28,7.15E+12
2018-09-29,7.15E+12
2018-09-30,7.15E+12
2018-10-01,7.15E+12
2018-10-02,7.15E+12
2018-10-03,7.15E+12
2018-10-04,7.15E+12
2018-10-05,7.36E+12
2018-10-06,7.45E+12
2018-10-07,7.45E+12
2018-10-08,7.45E+12
2018-10-09,7.45E+12
2018-10-10,7.45E+12
2018-10-11,7.45E+12
2018-10-12,7.45E+12
2018-10-13,7.45E+12
2018-10-14,7.45E+12
2018-10-15,7.45E+12
2018-10-16,7.45E+12
2018-10-17,7.45E+12
2018-10-18,7.45E+12
2018-10-19,7.43E+12
2018-10-20,7.18E+12
2018-10-21,7.18E+12
2018-10-22,7.18E+12
2018-10-23,7.18E+12
2018-10-24,7.18E+12
2018-10-25,7.18E+12
2018-10-26,7.18E+12
2018-10-27,7.18E+12
2018-10-28,7.18E+12
2018-10-29,7.18E+12
2018-10-30,7.18E+12
2018-10-31,7.18E+12
2018-11-01,7.18E+12
2018-11-02,7.18E+12
2018-11-03,7.18E+12
2018-11-04,7.18E+12
2018-11-05,7.18E+12
2018-11-06,7.18E+12
2018-11-07,7.18E+12
2018-11-08,7.18E+12
2018-11-09,7.18E+12
2018-11-10,7.18E+12
2018-11-11,7.18E+12
2018-11-12,7.18E+12
2018-11-13,7.18E+12
2018-11-14,7.18E+12
2018-11-15,7.18E+12
2018-11-16,7.18E+12
2018-11-17,7.18E+12
2018-11-18,6.65E+12
2018-11-19,6.65E+12
2018-11-20,6.65E+12
2018-11-21,6.65E+12
2018-11-22,6.65E+12
2018-11-23,6.65E+12
2018-11-24,6.65E+12
2018-11-25,6.65E+12
2018-11-26,6.65E+12
2018-11-27,6.65E+12
2018-11-28,6.65E+12
2018-11-29,6.65E+12
2018-11-30,6.65E+12
2018-12-01,6.65E+12
2018-12-02,6.65E+12
2018-12-03,6.65E+12
2018-12-04,6.19E+12
2018-12-05,5.65E+12
2018-12-06,5.65E+12
2018-12-07,5.65E+12
2018-12-08,5.65E+12
2018-12-09,5.65E+12
2018-12-10,5.65E+12
2018-12-11,5.65E+12
2018-12-12,5.65E+12
2018-12-13,5.65E+12
2018-12-14,5.65E+12
2018-12-15,5.65E+12
2018-12-16,5.65E+12
2018-12-17,5.65E+12
2018-12-18,5.65E+12
2018-12-19,5.62E+12
2018-12-20,5.11E+12
2018-12-21,5.11E+12
2018-12-22,5.11E+12
2018-12-23,5.11E+12
2018-12-24,5.11E+12
2018-12-25,5.11E+12
2018-12-26,5.11E+12
2018-12-27,5.11E+12
2018-12-28,5.11E+12
2018-12-29,5.11E+12
2018-12-30,5.11E+12
2018-12-31,5.11E+12
2019-01-01,5.25E+12
2019-01-02,5.62E+12
2019-01-03,5.62E+12
2019-01-04,5.62E+12
2019-01-05,5.62E+12
2019-01-06,5.62E+12
2019-01-07,5.62E+12
2019-01-08,5.62E+12
2019-01-09,5.62E+12
2019-01-10,5.62E+12
2019-01-11,5.62E+12
2019-01-12,5.62E+12
2019-01-13,5.62E+12
2019-01-14,5.62E+12
2019-01-15,5.86E+12
2019-01-16,5.88E+12
2019-01-17,5.88E+12
2019-01-18,5.88E+12
2019-01-19,5.88E+12
2019-01-20,5.88E+12
2019-01-21,5.88E+12
2019-01-22,5.88E+12
2019-01-23,5.88E+12
2019-01-24,5.88E+12
2019-01-25,5.88E+12
2019-01-26,5.88E+12
2019-01-27,5.88E+12
2019-01-28,5.88E+12
2019-01-29,5.84E+12
2019-01-30,5.81E+12
2019-01-31,5.81E+12
2019-02-01,5.81E+12
2019-02-02,5.81E+12
2019-02-03,5.81E+12
2019-02-04,5.81E+12
2019-02-05,5.81E+12
2019-02-06,5.81E+12
2019-02-07,5.81E+12
2019-02-08,5.81E+12
2019-02-09,5.81E+12
2019-02-10,5.81E+12
2019-02-11,5.89E+12
2019-02-12,6.06E+12
2019-02-13,6.06E+12
2019-02-14,6.06E+12
2019-02-15,6.06E+12
2019-02-16,6.06E+12
2019-02-17,6.06E+12
2019-02-18,6.06E+12
2019-02-19,6.06E+12
2019-02-20,6.06E+12
2019-02-21,6.06E+12
2019-02-22,6.06E+12
2019-02-23,6.06E+12
2019-02-24,6.06E+12
2019-02-25,6.06E+12
2019-02-26,6.07E+12
2019-02-27,6.07E+12
2019-02-28,6.07E+12
2019-03-01,6.07E+12
2019-03-02,6.07E+12
2019-03-03,6.07E+12
2019-03-04,6.07E+12
2019-03-05,6.07E+12
2019-03-06,6.07E+12
2019-03-07,6.07E+12
2019-03-08,6.07E+12
2019-03-09,6.07E+12
2019-03-10,6.07E+12
2019-03-11,6.07E+12
2019-03-12,6.07E+12
2019-03-13,6.07E+12
2019-03-14,6.07E+12
2019-03-15,6.07E+12
2019-03-16,6.07E+12
2019-03-17,6.07E+12
2019-03-18,6.07E+12
2019-03-19,6.07E+12
2019-03-20,6.07E+12
2019-03-21,6.07E+12
2019-03-22,6.07E+12
2019-03-23,6.07E+12
2019-03-24,6.07E+12
2019-03-25,6.37E+12
2019-03-26,6.38E+12
2019-03-27,6.38E+12
2019-03-28,6.38E+12
2019-03-29,6.38E+12
2019-03-30,6.38E+12
2019-03-31,6.38E+12
2019-04-01,6.38E+12
2019-04-02,6.38E+12
2019-04-03,6.38E+12
2019-04-04,6.38E+12
2019-04-05,6.38E+12
2019-04-06,6.38E+12
2019-04-07,6.38E+12
2019-04-08,6.39E+12
2019-04-09,6.39E+12
2019-04-10,6.39E+12
2019-04-11,6.39E+12
2019-04-12,6.39E+12
2019-04-13,6.39E+12
2019-04-14,6.39E+12
2019-04-15,6.39E+12
2019-04-16,6.39E+12
2019-04-17,6.39E+12
2019-04-18,6.39E+12
2019-04-19,6.39E+12
2019-04-20,6.39E+12
2019-04-21,6.39E+12
2019-04-22,6.36E+12
2019-04-23,6.35E+12
2019-04-24,6.35E+12
2019-04-25,6.35E+12
2019-04-26,6.35E+12
2019-04-27,6.35E+12
2019-04-28,6.35E+12
2019-04-29,6.35E+12
2019-04-30,6.35E+12
2019-05-01,6.35E+12
2019-05-02,6.35E+12
2019-05-03,6.35E+12
2019-05-04,6.55E+12
2019-05-05,6.70E+12
2019-05-06,6.70E+12
2019-05-07,6.70E+12
2019-05-08,6.70E+12
2019-05-09,6.70E+12
2019-05-10,6.70E+12
2019-05-11,6.70E+12
2019-05-12,6.70E+12
2019-05-13,6.70E+12
2019-05-14,6.70E+12
2019-05-15,6.70E+12
2019-05-16,6.70E+12
2019-05-17,6.70E+12
2019-05-18,6.70E+12
2019-05-19,6.70E+12
2019-05-20,6.70E+12
2019-05-21,6.70E+12
2019-05-22,6.70E+12
2019-05-23,6.70E+12
2019-05-24,6.70E+12
2019-05-25,6.70E+12
2019-05-26,6.70E+12
2019-05-27,6.70E+12
2019-05-28,6.70E+12
2019-05-29,6.70E+12
2019-05-30,6.75E+12
2019-05-31,7.46E+12
2019-06-01,7.46E+12
2019-06-02,7.46E+12
2019-06-03,7.46E+12
2019-06-04,7.46E+12
2019-06-05,7.46E+12
2019-06-06,7.46E+12
2019-06-07,7.46E+12
2019-06-08,7.46E+12
2019-06-09,7.46E+12
2019-06-10,7.46E+12
2019-06-11,7.46E+12
2019-06-12,7.46E+12
2019-06-13,7.46E+12
2019-06-14,7.41E+12
2019-06-15,7.41E+12
2019-06-16,7.41E+12
2019-06-17,7.41E+12
2019-06-18,7.41E+12
2019-06-19,7.41E+12
2019-06-20,7.41E+12
2019-06-21,7.41E+12
2019-06-22,7.41E+12
2019-06-23,7.41E+12
2019-06-24,7.41E+12
2019-06-25,7.41E+12
2019-06-26,7.41E+12
2019-06-27,7.87E+12
2019-06-28,7.93E+12
2019-06-29,7.93E+12
2019-06-30,7.93E+12
2019-07-01,7.93E+12
2019-07-02,7.93E+12
2019-07-03,7.93E+12
2019-07-04,7.93E+12
2019-07-05,7.93E+12
2019-07-06,7.93E+12
2019-07-07,7.93E+12
2019-07-08,7.93E+12
2019-07-09,8.59E+12
2019-07-10,9.06E+12
2019-07-11,9.06E+12
2019-07-12,9.06E+12
2019-07-13,9.06E+12
2019-07-14,9.06E+12
2019-07-15,9.06E+12
2019-07-16,9.06E+12
2019-07-17,9.06E+12
2019-07-18,9.06E+12
2019-07-19,9.06E+12
2019-07-20,9.06E+12
2019-07-21,9.06E+12
2019-07-22,9.06E+12
2019-07-23,9.03E+12
2019-07-24,9.01E+12
2019-07-25,9.01E+12
2019-07-26,9.01E+12
2019-07-27,9.01E+12
2019-07-28,9.01E+12
2019-07-29,9.01E+12
2019-07-30,9.01E+12
2019-07-31,9.01E+12
2019-08-01,9.01E+12
2019-08-02,9.01E+12
2019-08-03,9.01E+12
2019-08-04,9.01E+12
2019-08-05,9.89E+12
2019-08-06,9.99E+12
2019-08-07,9.99E+12
2019-08-08,9.99E+12
2019-08-09,9.99E+12
2019-08-10,9.99E+12
2019-08-11,9.99E+12
2019-08-12,9.99E+12
2019-08-13,9.99E+12
2019-08-14,9.99E+12
2019-08-15,9.99E+12
2019-08-16,9.99E+12
2019-08-17,9.99E+12
2019-08-18,1.00E+13
2019-08-19,1.02E+13
2019-08-20,1.02E+13
2019-08-21,1.02E+13
2019-08-22,1.02E+13
2019-08-23,1.02E+13
2019-08-24,1.02E+13
2019-08-25,1.02E+13
2019-08-26,1.02E+13
2019-08-27,1.02E+13
2019-08-28,1.02E+13
2019-08-29,1.02E+13
2019-08-30,1.02E+13
2019-08-31,1.02E+13
2019-09-01,1.07E+13
2019-09-02,1.08E+13
2019-09-03,1.08E+13
2019-09-04,1.08E+13
2019-09-05,1.08E+13
2019-09-06,1.08E+13
2019-09-07,1.08E+13
2019-09-08,1.08E+13
2019-09-09,1.08E+13
2019-09-10,1.08E+13
2019-09-11,1.08E+13
2019-09-12,1.08E+13
2019-09-13,1.10E+13
2019-09-14,1.19E+13
2019-09-15,1.19E+13
2019-09-16,1.19E+13
2019-09-17,1.19E+13
2019-09-18,1.19E+13
2019-09-19,1.19E+13
2019-09-20,1.19E+13
2019-09-21,1.19E+13
2019-09-22,1.19E+13
2019-09-23,1.19E+13
2019-09-24,1.19E+13
2019-09-25,1.19E+13
2019-09-26,1.20E+13
2019-09-27,1.28E+13
2019-09-28,1.28E+13
2019-09-29,1.28E+13
2019-09-30,1.28E+13
2019-10-01,1.28E+13
2019-10-02,1.28E+13
2019-10-03,1.28E+13
2019-10-04,1.28E+13
2019-10-05,1.28E+13
2019-10-06,1.28E+13
2019-10-07,1.28E+13
2019-10-08,1.28E+13
2019-10-09,1.28E+13
2019-10-10,1.29E+13
2019-10-11,1.30E+13
2019-10-12,1.30E+13
2019-10-13,1.30E+13
2019-10-14,1.30E+13
2019-10-15,1.30E+13
2019-10-16,1.30E+13
2019-10-17,1.30E+13
2019-10-18,1.30E+13
2019-10-19,1.30E+13
2019-10-20,1.30E+13
2019-10-21,1.30E+13
2019-10-22,1.30E+13
2019-10-23,1.31E+13
2019-10-24,1.37E+13
2019-10-25,1.37E+13
2019-10-26,1.37E+13
2019-10-27,1.37E+13
2019-10-28,1.37E+13
2019-10-29,1.37E+13
2019-10-30,1.37E+13
2019-10-31,1.37E+13
2019-11-01,1.37E+13
2019-11-02,1.37E+13
2019-11-03,1.37E+13
2019-11-04,1.37E+13
2019-11-05,1.37E+13
2019-11-06,1.37E+13
2019-11-07,1.37E+13
2019-11-08,1.27E+13
2019-11-09,1.27E+13
2019-11-10,1.27E+13
2019-11-11,1.27E+13
2019-11-12,1.27E+13
2019-11-13,1.27E+13
2019-11-14,1.27E+13
2019-11-15,1.27E+13
2019-11-16,1.27E+13
2019-11-17,1.27E+13
2019-11-18,1.27E+13
2019-11-19,1.27E+13
2019-11-20,1.27E+13
2019-11-21,1.28E+13
2019-11-22,1.30E+13
2019-11-23,1.30E+13
2019-11-24,1.30E+13
2019-11-25,1.30E+13
2019-11-26,1.30E+13
2019-11-27,1.30E+13
2019-11-28,1.30E+13
2019-11-29,1.30E+13
2019-11-30,1.30E+13
2019-12-01,1.30E+13
2019-12-02,1.30E+13
2019-12-03,1.30E+13
2019-12-04,1.30E+13
2019-12-05,1.30E+13
2019-12-06,1.29E+13
2019-12-07,1.29E+13
2019-12-08,1.29E+13
2019-12-09,1.29E+13
2019-12-10,1.29E+13
2019-12-11,1.29E+13
2019-12-12,1.29E+13
2019-12-13,1.29E+13
2019-12-14,1.29E+13
2019-12-15,1.29E+13
2019-12-16,1.29E+13
2019-12-17,1.29E+13
2019-12-18,1.29E+13
2019-12-19,1.29E+13
2019-12-20,1.29E+13
2019-12-21,1.29E+13
2019-12-22,1.29E+13
2019-12-23,1.29E+13
2019-12-24,1.29E+13
2019-12-25,1.29E+13
2019-12-26,1.29E+13
2019-12-27,1.29E+13
2019-12-28,1.29E+13
2019-12-29,1.29E+13
2019-12-30,1.29E+13
2019-12-31,1.29E+13
2020-01-01,1.30E+13
2020-01-02,1.38E+13
2020-01-03,1.38E+13
2020-01-04,1.38E+13
2020-01-05,1.38E+13
2020-01-06,1.38E+13
2020-01-07,1.38E+13
2020-01-08,1.38E+13
2020-01-09,1.38E+13
2020-01-10,1.38E+13
2020-01-11,1.38E+13
2020-01-12,1.38E+13
2020-01-13,1.38E+13
2020-01-14,1.38E+13
2020-01-15,1.48E+13
2020-01-16,1.48E+13
2020-01-17,1.48E+13
2020-01-18,1.48E+13
2020-01-19,1.48E+13
2020-01-20,1.48E+13
2020-01-21,1.48E+13
2020-01-22,1.48E+13
2020-01-23,1.48E+13
2020-01-24,1.48E+13
2020-01-25,1.48E+13
2020-01-26,1.48E+13
2020-01-27,1.48E+13
2020-01-28,1.52E+13
2020-01-29,1.55E+13
2020-01-30,1.55E+13
2020-01-31,1.55E+13
2020-02-01,1.55E+13
2020-02-02,1.55E+13
2020-02-03,1.55E+13
2020-02-04,1.55E+13
2020-02-05,1.55E+13
2020-02-06,1.55E+13
2020-02-07,1.55E+13
2020-02-08,1.55E+13
2020-02-09,1.55E+13
2020-02-10,1.55E+13
2020-02-11,1.55E+13
2020-02-12,1.55E+13
2020-02-13,1.55E+13
2020-02-14,1.55E+13
2020-02-15,1.55E+13
2020-02-16,1.55E+13
2020-02-17,1.55E+13
2020-02-18,1.55E+13
2020-02-19,1.55E+13
2020-02-20,1.55E+13
2020-02-21,1.55E+13
2020-02-22,1.55E+13
2020-02-23,1.55E+13
2020-02-24,1.55E+13
2020-02-25,1.55E+13
2020-02-26,1.55E+13
2020-02-27,1.55E+13
2020-02-28,1.55E+13
2020-02-29,1.55E+13
2020-03-01,1.55E+13
2020-03-02,1.55E+13
2020-03-03,1.55E+13
2020-03-04,1.55E+13
2020-03-05,1.55E+13
2020-03-06,1.55E+13
2020-03-07,1.55E+13
2020-03-08,1.55E+13
2020-03-09,1.61E+13
2020-03-10,1.66E+13
2020-03-11,1.66E+13
2020-03-12,1.66E+13
2020-03-13,1.66E+13
2020-03-14,1.66E+13
2020-03-15,1.66E+13
2020-03-16,1.66E+13
2020-03-17,1.66E+13
2020-03-18,1.66E+13
2020-03-19,1.66E+13
2020-03-20,1.66E+13
2020-03-21,1.66E+13
2020-03-22,1.66E+13
2020-03-23,1.66E+13
2020-03-24,1.66E+13
2020-03-25,1.66E+13
2020-03-26,1.41E+13
2020-03-27,1.39E+13
2020-03-28,1.39E+13
2020-03-29,1.39E+13
2020-03-30,1.39E+13
2020-03-31,1.39E+13
2020-04-01,1.39E+13
2020-04-02,1.39E+13
2020-04-03,1.39E+13
2020-04-04,1.39E+13
2020-04-05,1.39E+13
2020-04-06,1.39E+13
2020-04-07,1.39E+13
2020-04-08,1.44E+13
2020-04-09,1.47E+13
2020-04-10,1.47E+13
2020-04-11,1.47E+13
2020-04-12,1.47E+13
2020-04-13,1.47E+13
2020-04-14,1.47E+13
2020-04-15,1.47E+13
2020-04-16,1.47E+13
2020-04-17,1.47E+13
2020-04-18,1.47E+13
2020-04-19,1.47E+13
2020-04-20,1.47E+13
2020-04-21,1.56E+13
2020-04-22,1.60E+13
2020-04-23,1.60E+13
2020-04-24,1.60E+13
2020-04-25,1.60E+13
2020-04-26,1.60E+13
2020-04-27,1.60E+13
2020-04-28,1.60E+13
2020-04-29,1.60E+13
2020-04-30,1.60E+13
2020-05-01,1.60E+13
2020-05-02,1.60E+13
2020-05-03,1.60E+13
2020-05-04,1.60E+13
2020-05-05,1.61E+13
2020-05-06,1.61E+13
2020-05-07,1.61E+13
2020-05-08,1.61E+13
2020-05-09,1.61E+13
2020-05-10,1.61E+13
2020-05-11,1.61E+13
2020-05-12,1.61E+13
2020-05-13,1.61E+13
2020-05-14,1.61E+13
2020-05-15,1.61E+13
2020-05-16,1.61E+13
2020-05-17,1.61E+13
2020-05-18,1.61E+13
2020-05-19,1.61E+13
2020-05-20,1.52E+13
2020-05-21,1.51E+13
2020-05-22,1.51E+13
2020-05-23,1.51E+13
2020-05-24,1.51E+13
2020-05-25,1.51E+13
2020-05-26,1.51E+13
2020-05-27,1.51E+13
2020-05-28,1.51E+13
2020-05-29,1.51E+13
2020-05-30,1.51E+13
2020-05-31,1.51E+13
2020-06-01,1.51E+13
2020-06-02,1.51E+13
2020-06-03,1.51E+13
2020-06-04,1.45E+13
2020-06-05,1.37E+13
2020-06-06,1.37E+13
2020-06-07,1.37E+13
2020-06-08,1.37E+13
2020-06-09,1.37E+13
2020-06-10,1.37E+13
2020-06-11,1.37E+13
2020-06-12,1.37E+13
2020-06-13,1.37E+13
2020-06-14,1.37E+13
2020-06-15,1.37E+13
2020-06-16,1.43E+13
2020-06-17,1.58E+13
2020-06-18,1.58E+13
2020-06-19,1.58E+13
2020-06-20,1.58E+13
2020-06-21,1.58E+13
2020-06-22,1.58E+13
2020-06-23,1.58E+13
2020-06-24,1.58E+13
2020-06-25,1.58E+13
2020-06-26,1.58E+13
2020-06-27,1.58E+13
2020-06-28,1.58E+13
2020-06-29,1.58E+13
2020-06-30,1.58E+13
2020-07-01,1.58E+13
2020-07-02,1.58E+13
2020-07-03,1.58E+13
2020-07-04,1.58E+13
2020-07-05,1.58E+13
2020-07-06,1.58E+13
2020-07-07,1.58E+13
2020-07-08,1.58E+13
2020-07-09,1.58E+13
2020-07-10,1.58E+13
2020-07-11,1.58E+13
2020-07-12,1.58E+13
2020-07-13,1.66E+13
2020-07-14,1.73E+13
2020-07-15,1.73E+13
2020-07-16,1.73E+13
2020-07-17,1.73E+13
2020-07-18,1.73E+13
2020-07-19,1.73E+13
2020-07-20,1.73E+13
2020-07-21,1.73E+13
2020-07-22,1.73E+13
2020-07-23,1.73E+13
2020-07-24,1.73E+13
2020-07-25,1.73E+13
2020-07-26,1.73E+13
2020-07-27,1.73E+13
2020-07-28,1.68E+13
2020-07-29,1.68E+13
2020-07-30,1.68E+13
2020-07-31,1.68E+13
2020-08-01,1.68E+13
2020-08-02,1.68E+13
2020-08-03,1.68E+13
2020-08-04,1.68E+13
2020-08-05,1.68E+13
2020-08-06,1.68E+13
2020-08-07,1.68E+13
2020-08-08,1.68E+13
2020-08-09,1.68E+13
2020-08-10,1.69E+13
2020-08-11,1.69E+13
2020-08-12,1.69E+13
2020-08-13,1.69E+13
2020-08-14,1.69E+13
2020-08-15,1.69E+13
2020-08-16,1.69E+13
2020-08-17,1.69E+13
2020-08-18,1.69E+13
2020-08-19,1.69E+13
2020-08-20,1.69E+13
2020-08-21,1.69E+13
2020-08-22,1.69E+13
2020-08-23,1.69E+13
2020-08-24,1.73E+13
2020-08-25,1.76E+13
2020-08-26,1.76E+13
2020-08-27,1.76E+13
2020-08-28,1.76E+13
2020-08-29,1.76E+13
2020-08-30,1.76E+13
2020-08-31,1.76E+13
2020-09-01,1.76E+13
2020-09-02,1.76E+13
2020-09-03,1.76E+13
2020-09-04,1.76E+13
2020-09-05,1.76E+13
2020-09-06,1.76E+13
2020-09-07,1.74E+13
2020-09-08,1.73E+13
2020-09-09,1.73E+13
2020-09-10,1.73E+13
2020-09-11,1.73E+13
2020-09-12,1.73E+13
2020-09-13,1.73E+13
2020-09-14,1.73E+13
2020-09-15,1.73E+13
2020-09-16,1.73E+13
2020-09-17,1.73E+13
2020-09-18,1.73E+13
2020-09-19,1.73E+13
2020-09-20,1.91E+13
2020-09-21,1.93E+13
2020-09-22,1.93E+13
2020-09-23,1.93E+13
2020-09-24,1.93E+13
2020-09-25,1.93E+13
2020-09-26,1.93E+13
2020-09-27,1.93E+13
2020-09-28,1.93E+13
2020-09-29,1.93E+13
2020-09-30,1.93E+13
2020-10-01,1.93E+13
2020-10-02,1.93E+13
2020-10-03,1.93E+13
2020-10-04,1.93E+13
2020-10-05,1.93E+13
2020-10-06,1.93E+13
2020-10-07,1.93E+13
2020-10-08,1.93E+13
2020-10-09,1.93E+13
2020-10-10,1.93E+13
2020-10-11,1.93E+13
2020-10-12,1.93E+13
2020-10-13,1.93E+13
2020-10-14,1.93E+13
2020-10-15,1.93E+13
2020-10-16,1.93E+13
2020-10-17,1.95E+13
2020-10-18,2.00E+13
2020-10-19,2.00E+13
2020-10-20,2.00E+13
2020-10-21,2.00E+13
2020-10-22,2.00E+13
2020-10-23,2.00E+13
2020-10-24,2.00E+13
2020-10-25,2.00E+13
2020-10-26,2.00E+13
2020-10-27,2.00E+13
2020-10-28,2.00E+13
2020-10-29,2.00E+13
2020-10-30,2.00E+13
2020-10-31,2.00E+13
2020-11-01,2.00E+13
2020-11-02,2.00E+13
2020-11-03,1.79E+13
2020-11-04,1.68E+13
2020-11-05,1.68E+13
2020-11-06,1.68E+13
2020-11-07,1.68E+13
2020-11-08,1.68E+13
2020-11-09,1.68E+13
2020-11-10,1.68E+13
2020-11-11,1.68E+13
2020-11-12,1.68E+13
2020-11-13,1.68E+13
2020-11-14,1.68E+13
2020-11-15,1.68E+13
2020-11-16,1.70E+13
2020-11-17,1.76E+13
2020-11-18,1.76E+13
2020-11-19,1.76E+13
2020-11-20,1.76E+13
2020-11-21,1.76E+13
2020-11-22,1.76E+13
2020-11-23,1.76E+13
2020-11-24,1.76E+13
2020-11-25,1.76E+13
2020-11-26,1.76E+13
2020-11-27,1.76E+13
2020-11-28,1.76E+13
2020-11-29,1.82E+13
2020-11-30,1.92E+13
2020-12-01,1.92E+13
2020-12-02,1.92E+13
2020-12-03,1.92E+13
2020-12-04,1.92E+13
2020-12-05,1.92E+13
2020-12-06,1.92E+13
2020-12-07,1.92E+13
2020-12-08,1.92E+13
2020-12-09,1.92E+13
2020-12-10,1.92E+13
2020-12-11,1.92E+13
2020-12-12,1.92E+13
2020-12-13,1.91E+13
2020-12-14,1.87E+13
2020-12-15,1.87E+13
2020-12-16,1.87E+13
2020-12-17,1.87E+13
2020-12-18,1.87E+13
2020-12-19,1.87E+13
2020-12-20,1.87E+13
2020-12-21,1.87E+13
2020-12-22,1.87E+13
2020-12-23,1.87E+13
2020-12-24,1.87E+13
2020-12-25,1.87E+13
2020-12-26,1.87E+13
2020-12-27,1.87E+13
2020-12-28,1.86E+13
2020-12-29,1.86E+13
2020-12-30,1.86E+13
2020-12-31,1.86E+13
2021-01-01,1.86E+13
2021-01-02,1.86E+13
2021-01-03,1.86E+13
2021-01-04,1.86E+13
2021-01-05,1.86E+13
2021-01-06,1.86E+13
2021-01-07,1.86E+13
2021-01-08,1.86E+13
2021-01-09,1.94E+13
2021-01-10,2.06E+13
2021-01-11,2.06E+13
2021-01-12,2.06E+13
2021-01-13,2.06E+13
2021-01-14,2.06E+13
2021-01-15,2.06E+13
2021-01-16,2.06E+13
2021-01-17,2.06E+13
2021-01-18,2.06E+13
2021-01-19,2.06E+13
2021-01-20,2.06E+13
2021-01-21,2.06E+13
2021-01-22,2.06E+13
2021-01-23,2.07E+13
2021-01-24,2.08E+13
2021-01-25,2.08E+13
2021-01-26,2.08E+13
2021-01-27,2.08E+13
2021-01-28,2.08E+13
2021-01-29,2.08E+13
2021-01-30,2.08E+13
2021-01-31,2.08E+13
2021-02-01,2.08E+13
2021-02-02,2.08E+13
2021-02-03,2.08E+13
2021-02-04,2.08E+13
2021-02-05,2.08E+13
2021-02-06,2.14E+13
2021-02-07,2.14E+13
2021-02-08,2.14E+13
2021-02-09,2.14E+13
2021-02-10,2.14E+13
2021-02-11,2.14E+13
2021-02-12,2.14E+13
2021-02-13,2.14E+13
2021-02-14,2.14E+13
2021-02-15,2.14E+13
2021-02-16,2.14E+13
2021-02-17,2.14E+13
2021-02-18,2.14E+13
2021-02-19,2.15E+13
2021-02-20,2.17E+13
2021-02-21,2.17E+13
2021-02-22,2.17E+13
2021-02-23,2.17E+13
2021-02-24,2.17E+13
2021-02-25,2.17E+13
2021-02-26,2.17E+13
2021-02-27,2.17E+13
2021-02-28,2.17E+13
2021-03-01,2.17E+13
2021-03-02,2.17E+13
2021-03-03,2.17E+13
2021-03-04,2.17E+13
2021-03-05,2.17E+13
2021-03-06,2.15E+13
2021-03-07,2.14E+13
2021-03-08,2.14E+13
2021-03-09,2.14E+13
2021-03-10,2.14E+13
2021-03-11,2.14E+13
2021-03-12,2.14E+13
2021-03-13,2.14E+13
2021-03-14,2.14E+13
2021-03-15,2.14E+13
2021-03-16,2.14E+13
2021-03-17,2.14E+13
2021-03-18,2.14E+13
2021-03-19,2.15E+13
2021-03-20,2.19E+13
2021-03-21,2.19E+13
2021-03-22,2.19E+13
2021-03-23,2.19E+13
2021-03-24,2.19E+13
2021-03-25,2.19E+13
2021-03-26,2.19E+13
2021-03-27,2.19E+13
2021-03-28,2.19E+13
2021-03-29,2.19E+13
2021-03-30,2.19E+13
2021-03-31,2.19E+13
2021-04-01,2.19E+13
2021-04-02,2.31E+13
2021-04-03,2.31E+13
2021-04-04,2.31E+13
2021-04-05,2.31E+13
2021-04-06,2.31E+13
2021-04-07,2.31E+13
2021-04-08,2.31E+13
2021-04-09,2.31E+13
2021-04-10,2.31E+13
2021-04-11,2.31E+13
2021-04-12,2.31E+13
2021-04-13,2.31E+13
2021-04-14,2.31E+13
2021-04-15,2.32E+13
2021-04-16,2.36E+13
2021-04-17,2.36E+13
2021-04-18,2.36E+13
2021-04-19,2.36E+13
2021-04-20,2.36E+13
2021-04-21,2.36E+13
2021-04-22,2.36E+13
2021-04-23,2.36E+13
2021-04-24,2.36E+13
2021-04-25,2.36E+13
2021-04-26,2.36E+13
2021-04-27,2.36E+13
2021-04-28,2.36E+13
2021-04-29,2.36E+13
2021-04-30,2.36E+13
2021-05-01,2.30E+13
2021-05-02,2.06E+13
2021-05-03,2.06E+13
2021-05-04,2.06E+13
2021-05-05,2.06E+13
2021-05-06,2.06E+13
2021-05-07,2.06E+13
2021-05-08,2.06E+13
2021-05-09,2.06E+13
2021-05-10,2.06E+13
2021-05-11,2.06E+13
2021-05-12,2.06E+13
2021-05-13,2.32E+13
2021-05-14,2.50E+13
2021-05-15,2.50E+13
2021-05-16,2.50E+13
2021-05-17,2.50E+13
2021-05-18,2.50E+13
2021-05-19,2.50E+13
2021-05-20,2.50E+13
2021-05-21,2.50E+13
2021-05-22,2.50E+13
2021-05-23,2.50E+13
2021-05-24,2.50E+13
2021-05-25,2.50E+13
2021-05-26,2.50E+13
2021-05-27,2.50E+13
2021-05-28,2.50E+13
2021-05-29,2.50E+13
2021-05-30,2.12E+13
2021-05-31,2.10E+13
2021-06-01,2.10E+13
2021-06-02,2.10E+13
2021-06-03,2.10E+13
2021-06-04,2.10E+13
2021-06-05,2.10E+13
2021-06-06,2.10E+13
2021-06-07,2.10E+13
2021-06-08,2.10E+13
2021-06-09,2.10E+13
2021-06-10,2.10E+13
2021-06-11,2.10E+13
2021-06-12,2.10E+13
2021-06-13,2.08E+13
2021-06-14,1.99E+13
2021-06-15,1.99E+13
2021-06-16,1.99E+13
2021-06-17,1.99E+13
2021-06-18,1.99E+13
2021-06-19,1.99E+13
2021-06-20,1.99E+13
2021-06-21,1.99E+13
2021-06-22,1.99E+13
2021-06-23,1.99E+13
2021-06-24,1.99E+13
2021-06-25,1.99E+13
2021-06-26,1.99E+13
2021-06-27,1.99E+13
2021-06-28,1.99E+13
2021-06-29,1.99E+13
2021-06-30,1.99E+13
2021-07-01,1.99E+13
2021-07-02,1.99E+13
2021-07-03,1.56E+13
2021-07-04,1.44E+13
2021-07-05,1.44E+13
2021-07-06,1.44E+13
2021-07-07,1.44E+13
2021-07-08,1.44E+13
2021-07-09,1.44E+13
2021-07-10,1.44E+13
2021-07-11,1.44E+13
2021-07-12,1.44E+13
2021-07-13,1.44E+13
2021-07-14,1.44E+13
2021-07-15,1.44E+13
2021-07-16,1.44E+13
2021-07-17,1.43E+13
2021-07-18,1.37E+13
2021-07-19,1.37E+13
2021-07-20,1.37E+13
2021-07-21,1.37E+13
2021-07-22,1.37E+13
2021-07-23,1.37E+13
2021-07-24,1.37E+13
2021-07-25,1.37E+13
2021-07-26,1.37E+13
2021-07-27,1.37E+13
2021-07-28,1.37E+13
2021-07-29,1.37E+13
2021-07-30,1.37E+13
2021-07-31,1.43E+13
2021-08-01,1.45E+13
2021-08-02,1.45E+13
2021-08-03,1.45E+13
2021-08-04,1.45E+13
2021-08-05,1.45E+13
2021-08-06,1.45E+13
2021-08-07,1.45E+13
2021-08-08,1.45E+13
2021-08-09,1.45E+13
2021-08-10,1.45E+13
2021-08-11,1.45E+13
2021-08-12,1.45E+13
2021-08-13,1.53E+13
2021-08-14,1.56E+13
2021-08-15,1.56E+13
2021-08-16,1.56E+13
2021-08-17,1.56E+13
2021-08-18,1.56E+13
2021-08-19,1.56E+13
2021-08-20,1.56E+13
2021-08-21,1.56E+13
2021-08-22,1.56E+13
2021-08-23,1.56E+13
2021-08-24,1.56E+13
2021-08-25,1.64E+13
2021-08-26,1.76E+13
2021-08-27,1.76E+13
2021-08-28,1.76E+13
2021-08-29,1.76E+13
2021-08-30,1.76E+13
2021-08-31,1.76E+13
2021-09-01,1.76E+13
2021-09-02,1.76E+13
2021-09-03,1.76E+13
2021-09-04,1.76E+13
2021-09-05,1.76E+13
2021-09-06,1.76E+13
2021-09-07,1.76E+13
2021-09-08,1.84E+13
2021-09-09,1.84E+13
2021-09-10,1.84E+13
2021-09-11,1.84E+13
2021-09-12,1.84E+13
2021-09-13,1.84E+13
2021-09-14,1.84E+13
2021-09-15,1.84E+13
2021-09-16,1.84E+13
2021-09-17,1.84E+13
2021-09-18,1.84E+13
2021-09-19,1.84E+13
2021-09-20,1.84E+13
2021-09-21,1.86E+13
2021-09-22,1.90E+13
2021-09-23,1.90E+13
2021-09-24,1.90E+13
2021-09-25,1.90E+13
2021-09-26,1.90E+13
2021-09-27,1.90E+13
2021-09-28,1.90E+13
2021-09-29,1.90E+13
2021-09-30,1.90E+13
2021-10-01,1.90E+13
2021-10-02,1.90E+13
2021-10-03,1.90E+13
2021-10-04,1.90E+13
2021-10-05,1.99E+13
2021-10-06,1.99E+13
2021-10-07,1.99E+13
2021-10-08,1.99E+13
2021-10-09,1.99E+13
2021-10-10,1.99E+13
2021-10-11,1.99E+13
2021-10-12,1.99E+13
2021-10-13,1.99E+13
2021-10-14,1.99E+13
2021-10-15,1.99E+13
2021-10-16,1.99E+13
2021-10-17,1.99E+13
2021-10-18,1.99E+13
2021-10-19,2.01E+13
2021-10-20,2.01E+13
2021-10-21,2.01E+13
2021-10-22,2.01E+13
2021-10-23,2.01E+13
2021-10-24,2.01E+13
2021-10-25,2.01E+13
2021-10-26,2.01E+13
2021-10-27,2.01E+13
2021-10-28,2.01E+13
2021-10-29,2.01E+13
2021-10-30,2.01E+13
2021-10-31,2.03E+13
2021-11-01,2.17E+13
2021-11-02,2.17E+13
2021-11-03,2.17E+13
2021-11-04,2.17E+13
2021-11-05,2.17E+13
2021-11-06,2.17E+13
2021-11-07,2.17E+13
2021-11-08,2.17E+13
2021-11-09,2.17E+13
2021-11-10,2.17E+13
2021-11-11,2.17E+13
2021-11-12,2.17E+13
2021-11-13,2.17E+13
2021-11-14,2.24E+13
2021-11-15,2.27E+13
2021-11-16,2.27E+13
2021-11-17,2.27E+13
2021-11-18,2.27E+13
2021-11-19,2.27E+13
2021-11-20,2.27E+13
2021-11-21,2.27E+13
2021-11-22,2.27E+13
2021-11-23,2.27E+13
2021-11-24,2.27E+13
2021-11-25,2.27E+13
2021-11-26,2.27E+13
2021-11-27,2.27E+13
2021-11-28,2.25E+13
2021-11-29,2.23E+13
2021-11-30,2.23E+13
2021-12-01,2.23E+13
2021-12-02,2.23E+13
2021-12-03,2.23E+13
2021-12-04,2.23E+13
2021-12-05,2.23E+13
2021-12-06,2.23E+13
2021-12-07,2.23E+13
2021-12-08,2.23E+13
2021-12-09,2.23E+13
2021-12-10,2.23E+13
2021-12-11,2.35E+13
2021-12-12,2.42E+13
2021-12-13,2.42E+13
2021-12-14,2.42E+13
2021-12-15,2.42E+13
2021-12-16,2.42E+13
2021-12-17,2.42E+13
2021-12-18,2.42E+13
2021-12-19,2.42E+13
2021-12-20,2.42E+13
2021-12-21,2.42E+13
2021-12-22,2.42E+13
2021-12-23,2.42E+13
2021-12-24,2.42E+13
2021-12-25,2.42E+13
2021-12-26,2.43E+13
2021-12-27,2.43E+13
2021-12-28,2.43E+13
2021-12-29,2.43E+13
2021-12-30,2.43E+13
2021-12-31,2.43E+13
2022-01-01,2.43E+13
2022-01-02,2.43E+13
2022-01-03,2.43E+13
2022-01-04,2.43E+13
2022-01-05,2.43E+13
2022-01-06,2.43E+13
2022-01-07,2.43E+13
2022-01-08,2.43E+13
2022-01-09,2.44E+13
2022-01-10,2.44E+13
2022-01-11,2.44E+13
2022-01-12,2.44E+13
2022-01-13,2.44E+13
2022-01-14,2.44E+13
2022-01-15,2.44E+13
2022-01-16,2.44E+13
2022-01-17,2.44E+13
2022-01-18,2.44E+13
2022-01-19,2.44E+13
2022-01-20,2.44E+13
2022-01-21,2.63E+13
2022-01-22,2.66E+13
2022-01-23,2.66E+13
2022-01-24,2.66E+13
2022-01-25,2.66E+13
2022-01-26,2.66E+13
2022-01-27,2.66E+13
2022-01-28,2.66E+13
2022-01-29,2.66E+13
2022-01-30,2.66E+13
2022-01-31,2.66E+13
2022-02-01,2.66E+13
2022-02-02,2.66E+13
2022-02-03,2.66E+13
2022-02-04,2.67E+13
2022-02-05,2.67E+13
2022-02-06,2.67E+13
2022-02-07,2.67E+13
2022-02-08,2.67E+13
2022-02-09,2.67E+13
2022-02-10,2.67E+13
2022-02-11,2.67E+13
2022-02-12,2.67E+13
2022-02-13,2.67E+13
2022-02-14,2.67E+13
2022-02-15,2.67E+13
2022-02-16,2.67E+13
2022-02-17,2.73E+13
2022-02-18,2.80E+13
2022-02-19,2.80E+13
2022-02-20,2.80E+13
2022-02-21,2.80E+13
2022-02-22,2.80E+13
2022-02-23,2.80E+13
2022-02-24,2.80E+13
2022-02-25,2.80E+13
2022-02-26,2.80E+13
2022-02-27,2.80E+13
2022-02-28,2.80E+13
2022-03-01,2.80E+13
2022-03-02,2.80E+13
2022-03-03,2.79E+13
2022-03-04,2.76E+13
2022-03-05,2.76E+13
2022-03-06,2.76E+13
2022-03-07,2.76E+13
2022-03-08,2.76E+13
2022-03-09,2.76E+13
2022-03-10,2.76E+13
2022-03-11,2.76E+13
2022-03-12,2.76E+13
2022-03-13,2.76E+13
2022-03-14,2.76E+13
2022-03-15,2.76E+13
2022-03-16,2.76E+13
2022-03-17,2.75E+13
2022-03-18,2.75E+13
2022-03-19,2.75E+13
2022-03-20,2.75E+13
2022-03-21,2.75E+13
2022-03-22,2.75E+13
2022-03-23,2.75E+13
2022-03-24,2.75E+13
2022-03-25,2.75E+13
2022-03-26,2.75E+13
2022-03-27,2.75E+13
2022-03-28,2.75E+13
2022-03-29,2.75E+13
2022-03-30,2.75E+13
2022-03-31,2.83E+13
2022-04-01,2.86E+13
2022-04-02,2.86E+13
2022-04-03,2.86E+13
2022-04-04,2.86E+13
2022-04-05,2.86E+13
2022-04-06,2.86E+13
2022-04-07,2.86E+13
2022-04-08,2.86E+13
2022-04-09,2.86E+13
2022-04-10,2.86E+13
2022-04-11,2.86E+13
2022-04-12,2.86E+13
2022-04-13,2.86E+13
2022-04-14,2.84E+13
2022-04-15,2.82E+13
2022-04-16,2.82E+13
2022-04-17,2.82E+13
2022-04-18,2.82E+13
2022-04-19,2.82E+13
2022-04-20,2.82E+13
2022-04-21,2.82E+13
2022-04-22,2.82E+13
2022-04-23,2.82E+13
2022-04-24,2.82E+13
2022-04-25,2.82E+13
2022-04-26,2.82E+13
2022-04-27,2.88E+13
2022-04-28,2.98E+13
2022-04-29,2.98E+13
2022-04-30,2.98E+13
2022-05-01,2.98E+13
2022-05-02,2.98E+13
2022-05-03,2.98E+13
2022-05-04,2.98E+13
2022-05-05,2.98E+13
2022-05-06,2.98E+13
2022-05-07,2.98E+13
2022-05-08,2.98E+13
2022-05-09,2.98E+13
2022-05-10,2.98E+13
2022-05-11,3.13E+13
2022-05-12,3.13E+13
2022-05-13,3.13E+13
2022-05-14,3.13E+13
2022-05-15,3.13E+13
2022-05-16,3.13E+13
2022-05-17,3.13E+13
2022-05-18,3.13E+13
2022-05-19,3.13E+13
2022-05-20,3.13E+13
2022-05-21,3.13E+13
2022-05-22,3.13E+13
2022-05-23,3.13E+13
2022-05-24,3.13E+13
2022-05-25,3.07E+13
2022-05-26,2.99E+13
2022-05-27,2.99E+13
2022-05-28,2.99E+13
2022-05-29,2.99E+13
2022-05-30,2.99E+13
2022-05-31,2.99E+13
2022-06-01,2.99E+13
2022-06-02,2.99E+13
2022-06-03,2.99E+13
2022-06-04,2.99E+13
2022-06-05,2.99E+13
2022-06-06,2.99E+13
2022-06-07,2.99E+13
2022-06-08,3.01E+13
2022-06-09,3.03E+13
2022-06-10,3.03E+13
2022-06-11,3.03E+13
2022-06-12,3.03E+13
2022-06-13,3.03E+13
2022-06-14,3.03E+13
2022-06-15,3.03E+13
2022-06-16,3.03E+13
2022-06-17,3.03E+13
2022-06-18,3.03E+13
2022-06-19,3.03E+13
2022-06-20,3.03E+13
2022-06-21,3.03E+13
2022-06-22,3.01E+13
2022-06-23,2.96E+13
2022-06-24,2.96E+13
2022-06-25,2.96E+13
2022-06-26,2.96E+13
2022-06-27,2.96E+13
2022-06-28,2.96E+13
2022-06-29,2.96E+13
2022-06-30,2.96E+13
2022-07-01,2.96E+13
2022-07-02,2.96E+13
2022-07-03,2.96E+13
2022-07-04,2.96E+13
2022-07-05,2.96E+13
2022-07-06,2.96E+13
2022-07-07,2.92E+13
2022-07-08,2.92E+13
2022-07-09,2.92E+13
2022-07-10,2.92E+13
2022-07-11,2.92E+13
2022-07-12,2.92E+13
2022-07-13,2.92E+13
2022-07-14,2.92E+13
2022-07-15,2.92E+13
2022-07-16,2.92E+13
2022-07-17,2.92E+13
2022-07-18,2.92E+13
2022-07-19,2.92E+13
2022-07-20,2.92E+13
2022-07-21,2.88E+13
2022-07-22,2.77E+13
2022-07-23,2.77E+13
2022-07-24,2.77E+13
2022-07-25,2.77E+13
2022-07-26,2.77E+13
2022-07-27,2.77E+13
2022-07-28,2.77E+13
2022-07-29,2.77E+13
2022-07-30,2.77E+13
2022-07-31,2.77E+13
2022-08-01,2.77E+13
2022-08-02,2.77E+13
2022-08-03,2.77E+13
2022-08-04,2.79E+13
2022-08-05,2.82E+13
2022-08-06,2.82E+13
2022-08-07,2.82E+13
2022-08-08,2.82E+13
2022-08-09,2.82E+13
2022-08-10,2.82E+13
2022-08-11,2.82E+13
2022-08-12,2.82E+13
2022-08-13,2.82E+13
2022-08-14,2.82E+13
2022-08-15,2.82E+13
2022-08-16,2.82E+13
2022-08-17,2.82E+13
2022-08-18,2.83E+13
2022-08-19,2.84E+13
2022-08-20,2.84E+13
2022-08-21,2.84E+13
2022-08-22,2.84E+13
2022-08-23,2.84E+13
2022-08-24,2.84E+13
2022-08-25,2.84E+13
2022-08-26,2.84E+13
2022-08-27,2.84E+13
2022-08-28,2.84E+13
2022-08-29,2.84E+13
2022-08-30,2.84E+13
2022-08-31,3.03E+13
2022-09-01,3.10E+13
2022-09-02,3.10E+13
2022-09-03,3.10E+13
2022-09-04,3.10E+13
2022-09-05,3.10E+13
2022-09-06,3.10E+13
2022-09-07,3.10E+13
2022-09-08,3.10E+13
2022-09-09,3.10E+13
2022-09-10,3.10E+13
2022-09-11,3.10E+13
2022-09-12,3.10E+13
2022-09-13,3.11E+13
2022-09-14,3.20E+13
2022-09-15,3.20E+13
2022-09-16,3.20E+13
2022-09-17,3.20E+13
2022-09-18,3.20E+13
2022-09-19,3.20E+13
2022-09-20,3.20E+13
2022-09-21,3.20E+13
2022-09-22,3.20E+13
2022-09-23,3.20E+13
2022-09-24,3.20E+13
2022-09-25,3.20E+13
2022-09-26,3.20E+13
2022-09-27,3.20E+13
2022-09-28,3.14E+13
2022-09-29,3.14E+13
2022-09-30,3.14E+13
2022-10-01,3.14E+13
2022-10-02,3.14E+13
2022-10-03,3.14E+13
2022-10-04,3.14E+13
2022-10-05,3.14E+13
2022-10-06,3.14E+13
2022-10-07,3.14E+13
2022-10-08,3.14E+13
2022-10-09,3.14E+13
2022-10-10,3.37E+13
2022-10-11,3.56E+13
2022-10-12,3.56E+13
2022-10-13,3.56E+13
2022-10-14,3.56E+13
2022-10-15,3.56E+13
2022-10-16,3.56E+13
2022-10-17,3.56E+13
2022-10-18,3.56E+13
2022-10-19,3.56E+13
2022-10-20,3.56E+13
2022-10-21,3.56E+13
2022-10-22,3.56E+13
2022-10-23,3.56E+13
2022-10-24,3.68E+13
2022-10-25,3.68E+13
2022-10-26,3.68E+13
2022-10-27,3.68E+13
2022-10-28,3.68E+13
2022-10-29,3.68E+13
2022-10-30,3.68E+13
2022-10-31,3.68E+13
2022-11-01,3.68E+13
2022-11-02,3.68E+13
2022-11-03,3.68E+13
2022-11-04,3.68E+13
2022-11-05,3.68E+13
2022-11-06,3.68E+13
2022-11-07,3.68E+13
2022-11-08,3.68E+13
2022-11-09,3.68E+13
2022-11-10,3.68E+13
2022-11-11,3.68E+13
2022-11-12,3.68E+13
2022-11-13,3.68E+13
2022-11-14,3.68E+13
2022-11-15,3.68E+13
2022-11-16,3.68E+13
2022-11-17,3.68E+13
2022-11-18,3.68E+13
2022-11-19,3.68E+13
2022-11-20,3.68E+13
2022-11-21,3.70E+13
2022-11-22,3.70E+13
2022-11-23,3.70E+13
2022-11-24,3.70E+13
2022-11-25,3.70E+13
2022-11-26,3.70E+13
2022-11-27,3.70E+13
2022-11-28,3.70E+13
2022-11-29,3.70E+13
2022-11-30,3.70E+13
2022-12-01,3.70E+13
2022-12-02,3.70E+13
2022-12-03,3.70E+13
2022-12-04,3.70E+13
2022-12-05,3.70E+13
2022-12-06,3.45E+13
2022-12-07,3.42E+13
2022-12-08,3.42E+13
2022-12-09,3.42E+13
2022-12-10,3.42E+13
2022-12-11,3.42E+13
2022-12-12,3.42E+13
2022-12-13,3.42E+13
2022-12-14,3.42E+13
2022-12-15,3.42E+13
2022-12-16,3.42E+13
2022-12-17,3.42E+13
2022-12-18,3.42E+13
2022-12-19,3.46E+13
2022-12-20,3.54E+13
2022-12-21,3.54E+13
2022-12-22,3.54E+13
2022-12-23,3.54E+13
2022-12-24,3.54E+13
2022-12-25,3.54E+13
2022-12-26,3.54E+13
2022-12-27,3.54E+13
2022-12-28,3.54E+13
2022-12-29,3.54E+13
2022-12-30,3.54E+13
2022-12-31,3.54E+13
2023-01-01,3.54E+13
2023-01-02,3.54E+13
2023-01-03,3.42E+13
2023-01-04,3.41E+13
2023-01-05,3.41E+13
2023-01-06,3.41E+13
2023-01-07,3.41E+13
2023-01-08,3.41E+13
2023-01-09,3.41E+13
2023-01-10,3.41E+13
2023-01-11,3.41E+13
2023-01-12,3.41E+13
2023-01-13,3.41E+13
2023-01-14,3.41E+13
2023-01-15,3.46E+13
2023-01-16,3.76E+13
2023-01-17,3.76E+13
2023-01-18,3.76E+13
2023-01-19,3.76E+13
2023-01-20,3.76E+13
2023-01-21,3.76E+13
2023-01-22,3.76E+13
2023-01-23,3.76E+13
2023-01-24,3.76E+13
2023-01-25,3.76E+13
2023-01-26,3.76E+13
2023-01-27,3.76E+13
2023-01-28,3.76E+13
2023-01-29,3.89E+13
2023-01-30,3.94E+13
2023-01-31,3.94E+13
2023-02-01,3.94E+13
2023-02-02,3.94E+13
2023-02-03,3.94E+13
2023-02-04,3.94E+13
2023-02-05,3.94E+13
2023-02-06,3.94E+13
2023-02-07,3.94E+13
2023-02-08,3.94E+13
2023-02-09,3.94E+13
2023-02-10,3.94E+13
2023-02-11,3.94E+13
2023-02-12,3.92E+13
2023-02-13,3.92E+13
2023-02-14,3.92E+13
2023-02-15,3.92E+13
2023-02-16,3.92E+13
2023-02-17,3.92E+13
2023-02-18,3.92E+13
2023-02-19,3.92E+13
2023-02-20,3.92E+13
2023-02-21,3.92E+13
2023-02-22,3.92E+13
2023-02-23,3.92E+13
2023-02-24,3.92E+13
2023-02-25,4.28E+13
2023-02-26,4.31E+13
2023-02-27,4.31E+13
2023-02-28,4.31E+13
2023-03-01,4.31E+13
2023-03-02,4.31E+13
2023-03-03,4.31E+13
2023-03-04,4.31E+13
2023-03-05,4.31E+13
2023-03-06,4.31E+13
2023-03-07,4.31E+13
2023-03-08,4.31E+13
2023-03-09,4.31E+13
2023-03-10,4.31E+13
2023-03-11,4.36E+13
2023-03-12,4.36E+13
2023-03-13,4.36E+13
2023-03-14,4.36E+13
2023-03-15,4.36E+13
2023-03-16,4.36E+13
2023-03-17,4.36E+13
2023-03-18,4.36E+13
2023-03-19,4.36E+13
2023-03-20,4.36E+13
2023-03-21,4.36E+13
2023-03-22,4.36E+13
2023-03-23,4.38E+13
2023-03-24,4.68E+13
2023-03-25,4.68E+13
2023-03-26,4.68E+13
2023-03-27,4.68E+13
2023-03-28,4.68E+13
2023-03-29,4.68E+13
2023-03-30,4.68E+13
2023-03-31,4.68E+13
2023-04-01,4.68E+13
2023-04-02,4.68E+13
2023-04-03,4.68E+13
2023-04-04,4.68E+13
2023-04-05,4.68E+13
2023-04-06,4.72E+13
2023-04-07,4.79E+13
2023-04-08,4.79E+13
2023-04-09,4.79E+13
2023-04-10,4.79E+13
2023-04-11,4.79E+13
2023-04-12,4.79E+13
2023-04-13,4.79E+13
2023-04-14,4.79E+13
2023-04-15,4.79E+13
2023-04-16,4.79E+13
2023-04-17,4.79E+13
2023-04-18,4.79E+13
2023-04-19,4.79E+13
2023-04-20,4.83E+13
2023-04-21,4.87E+13
2023-04-22,4.87E+13
2023-04-23,4.87E+13
2023-04-24,4.87E+13
2023-04-25,4.87E+13
2023-04-26,4.87E+13
2023-04-27,4.87E+13
2023-04-28,4.87E+13
2023-04-29,4.87E+13
2023-04-30,4.87E+13
2023-05-01,4.87E+13
2023-05-02,4.87E+13
2023-05-03,4.87E+13
2023-05-04,4.85E+13
2023-05-05,4.80E+13
2023-05-06,4.80E+13
2023-05-07,4.80E+13
2023-05-08,4.80E+13
2023-05-09,4.80E+13
2023-05-10,4.80E+13
2023-05-11,4.80E+13
2023-05-12,4.80E+13
2023-05-13,4.80E+13
2023-05-14,4.80E+13
2023-05-15,4.80E+13
2023-05-16,4.80E+13
2023-05-17,4.80E+13
2023-05-18,4.92E+13
2023-05-19,4.95E+13
2023-05-20,4.95E+13
2023-05-21,4.95E+13
2023-05-22,4.95E+13
2023-05-23,4.95E+13
2023-05-24,4.95E+13
2023-05-25,4.95E+13
2023-05-26,4.95E+13
2023-05-27,4.95E+13
2023-05-28,4.95E+13
2023-05-29,4.95E+13
2023-05-30,4.95E+13
2023-05-31,4.99E+13
2023-06-01,5.12E+13
2023-06-02,5.12E+13
2023-06-03,5.12E+13
2023-06-04,5.12E+13
2023-06-05,5.12E+13
2023-06-06,5.12E+13
2023-06-07,5.12E+13
2023-06-08,5.12E+13
2023-06-09,5.12E+13
2023-06-10,5.12E+13
2023-06-11,5.12E+13
2023-06-12,5.12E+13
2023-06-13,5.12E+13
2023-06-14,5.19E+13
2023-06-15,5.24E+13
2023-06-16,5.24E+13
2023-06-17,5.24E+13
2023-06-18,5.24E+13
2023-06-19,5.24E+13
2023-06-20,5.24E+13
2023-06-21,5.24E+13
2023-06-22,5.24E+13
2023-06-23,5.24E+13
2023-06-24,5.24E+13
2023-06-25,5.24E+13
2023-06-26,5.24E+13
2023-06-27,5.24E+13
2023-06-28,5.23E+13
2023-06-29,5.06E+13
2023-06-30,5.06E+13
2023-07-01,5.06E+13
2023-07-02,5.06E+13
2023-07-03,5.06E+13
2023-07-04,5.06E+13
2023-07-05,5.06E+13
2023-07-06,5.06E+13
2023-07-07,5.06E+13
2023-07-08,5.06E+13
2023-07-09,5.06E+13
2023-07-10,5.06E+13
2023-07-11,5.06E+13
2023-07-12,5.35E+13
2023-07-13,5.39E+13
2023-07-14,5.39E+13
2023-07-15,5.39E+13
2023-07-16,5.39E+13
2023-07-17,5.39E+13
2023-07-18,5.39E+13
2023-07-19,5.39E+13
2023-07-20,5.39E+13
2023-07-21,5.39E+13
2023-07-22,5.39E+13
2023-07-23,5.39E+13
2023-07-24,5.39E+13
2023-07-25,5.39E+13
2023-07-26,5.33E+13
2023-07-27,5.23E+13
2023-07-28,5.23E+13
2023-07-29,5.23E+13
2023-07-30,5.23E+13
2023-07-31,5.23E+13
2023-08-01,5.23E+13
2023-08-02,5.23E+13
2023-08-03,5.23E+13
2023-08-04,5.23E+13
2023-08-05,5.23E+13
2023-08-06,5.23E+13
2023-08-07,5.23E+13
2023-08-08,5.23E+13
2023-08-09,5.24E+13
2023-08-10,5.24E+13
2023-08-11,5.24E+13
2023-08-12,5.24E+13
2023-08-13,5.24E+13
2023-08-14,5.24E+13
2023-08-15,5.24E+13
2023-08-16,5.24E+13
2023-08-17,5.24E+13
2023-08-18,5.24E+13
2023-08-19,5.24E+13
2023-08-20,5.24E+13
2023-08-21,5.24E+13
2023-08-22,5.36E+13
2023-08-23,5.56E+13
2023-08-24,5.56E+13
2023-08-25,5.56E+13
2023-08-26,5.56E+13
2023-08-27,5.56E+13
2023-08-28,5.56E+13
2023-08-29,5.56E+13
2023-08-30,5.56E+13
2023-08-31,5.56E+13
2023-09-01,5.56E+13
2023-09-02,5.56E+13
2023-09-03,5.56E+13
2023-09-04,5.56E+13
2023-09-05,5.56E+13
2023-09-06,5.43E+13
2023-09-07,5.42E+13
2023-09-08,5.42E+13
2023-09-09,5.42E+13
2023-09-10,5.42E+13
2023-09-11,5.42E+13
2023-09-12,5.42E+13
2023-09-13,5.42E+13
2023-09-14,5.42E+13
2023-09-15,5.42E+13
2023-09-16,5.42E+13
2023-09-17,5.42E+13
2023-09-18,5.42E+13
2023-09-19,5.58E+13
2023-09-20,5.71E+13
2023-09-21,5.71E+13
2023-09-22,5.71E+13
2023-09-23,5.71E+13
2023-09-24,5.71E+13
2023-09-25,5.71E+13
2023-09-26,5.71E+13
2023-09-27,5.71E+13
2023-09-28,5.71E+13
2023-09-29,5.71E+13
2023-09-30,5.71E+13
2023-10-01,5.71E+13
2023-10-02,5.71E+13
2023-10-03,5.73E+13
2023-10-04,5.73E+13
2023-10-05,5.73E+13
2023-10-06,5.73E+13
2023-10-07,5.73E+13
2023-10-08,5.73E+13
2023-10-09,5.73E+13
2023-10-10,5.73E+13
2023-10-11,5.73E+13
2023-10-12,5.73E+13
2023-10-13,5.73E+13
2023-10-14,5.73E+13
2023-10-15,5.73E+13
2023-10-16,5.94E+13
2023-10-17,6.10E+13
2023-10-18,6.10E+13
2023-10-19,6.10E+13
2023-10-20,6.10E+13
2023-10-21,6.10E+13
2023-10-22,6.10E+13
2023-10-23,6.10E+13
2023-10-24,6.10E+13
2023-10-25,6.10E+13
2023-10-26,6.10E+13
2023-10-27,6.10E+13
2023-10-28,6.10E+13
2023-10-29,6.10E+13
2023-10-30,6.22E+13
2023-10-31,6.25E+13
2023-11-01,6.25E+13
2023-11-02,6.25E+13
2023-11-03,6.25E+13
2023-11-04,6.25E+13
2023-11-05,6.25E+13
2023-11-06,6.25E+13
2023-11-07,6.25E+13
2023-11-08,6.25E+13
2023-11-09,6.25E+13
2023-11-10,6.25E+13
2023-11-11,6.25E+13
2023-11-12,6.32E+13
2023-11-13,6.47E+13
2023-11-14,6.47E+13
2023-11-15,6.47E+13
2023-11-16,6.47E+13
2023-11-17,6.47E+13
2023-11-18,6.47E+13
2023-11-19,6.47E+13
2023-11-20,6.47E+13
2023-11-21,6.47E+13
2023-11-22,6.47E+13
2023-11-23,6.47E+13
2023-11-24,6.47E+13
2023-11-25,6.47E+13
2023-11-26,6.79E+13
2023-11-27,6.80E+13
2023-11-28,6.80E+13
2023-11-29,6.80E+13
2023-11-30,6.80E+13
2023-12-01,6.80E+13
2023-12-02,6.80E+13
2023-12-03,6.80E+13
2023-12-04,6.80E+13
2023-12-05,6.80E+13
2023-12-06,6.80E+13
2023-12-07,6.80E+13
2023-12-08,6.80E+13
2023-12-09,6.80E+13
2023-12-10,6.74E+13
2023-12-11,6.73E+13
2023-12-12,6.73E+13
2023-12-13,6.73E+13
2023-12-14,6.73E+13
2023-12-15,6.73E+13
2023-12-16,6.73E+13
2023-12-17,6.73E+13
2023-12-18,6.73E+13
2023-12-19,6.73E+13
2023-12-20,6.73E+13
2023-12-21,6.73E+13
2023-12-22,6.73E+13
2023-12-23,7.04E+13
2023-12-24,7.20E+13
2023-12-25,7.20E+13
2023-12-26,7.20E+13
2023-12-27,7.20E+13
2023-12-28,7.20E+13
2023-12-29,7.20E+13
2023-12-30,7.20E+13
2023-12-31,7.20E+13
2024-01-01,7.20E+13
2024-01-02,7.20E+13
2024-01-03,7.20E+13
2024-01-04,7.20E+13
2024-01-05,7.20E+13
2024-01-06,7.31E+13
2024-01-07,7.32E+13
2024-01-08,7.32E+13
2024-01-09,7.32E+13
2024-01-10,7.32E+13
2024-01-11,7.32E+13
2024-01-12,7.32E+13
2024-01-13,7.32E+13
2024-01-14,7.32E+13
2024-01-15,7.32E+13
2024-01-16,7.32E+13
2024-01-17,7.32E+13
2024-01-18,7.32E+13
2024-01-19,7.32E+13
2024-01-20,7.22E+13
2024-01-21,7.03E+13
2024-01-22,7.03E+13
2024-01-23,7.03E+13
2024-01-24,7.03E+13
2024-01-25,7.03E+13
2024-01-26,7.03E+13
2024-01-27,7.03E+13
2024-01-28,7.03E+13
2024-01-29,7.03E+13
2024-01-30,7.03E+13
2024-01-31,7.03E+13
2024-02-01,7.03E+13
2024-02-02,7.23E+13
2024-02-03,7.55E+13
2024-02-04,7.55E+13
2024-02-05,7.55E+13
2024-02-06,7.55E+13
2024-02-07,7.55E+13
2024-02-08,7.55E+13
2024-02-09,7.55E+13
2024-02-10,7.55E+13
2024-02-11,7.55E+13
2024-02-12,7.55E+13
2024-02-13,7.55E+13
2024-02-14,7.55E+13
2024-02-15,7.76E+13
