Date,BTC_cash_usd
2015-01-01,
2015-01-02,
2015-01-03,
2015-01-04,
2015-01-05,
2015-01-06,
2015-01-07,
2015-01-08,
2015-01-09,
2015-01-10,
2015-01-11,
2015-01-12,
2015-01-13,
2015-01-14,
2015-01-15,
2015-01-16,
2015-01-17,
2015-01-18,
2015-01-19,
2015-01-20,
2015-01-21,
2015-01-22,
2015-01-23,
2015-01-24,
2015-01-25,
2015-01-26,
2015-01-27,
2015-01-28,
2015-01-29,
2015-01-30,
2015-01-31,
2015-02-01,
2015-02-02,
2015-02-03,
2015-02-04,
2015-02-05,
2015-02-06,
2015-02-07,
2015-02-08,
2015-02-09,
2015-02-10,
2015-02-11,
2015-02-12,
2015-02-13,
2015-02-14,
2015-02-15,
2015-02-16,
2015-02-17,
2015-02-18,
2015-02-19,
2015-02-20,
2015-02-21,
2015-02-22,
2015-02-23,
2015-02-24,
2015-02-25,
2015-02-26,
2015-02-27,
2015-02-28,
2015-03-01,
2015-03-02,
2015-03-03,
2015-03-04,
2015-03-05,
2015-03-06,
2015-03-07,
2015-03-08,
2015-03-09,
2015-03-10,
2015-03-11,
2015-03-12,
2015-03-13,
2015-03-14,
2015-03-15,
2015-03-16,
2015-03-17,
2015-03-18,
2015-03-19,
2015-03-20,
2015-03-21,
2015-03-22,
2015-03-23,
2015-03-24,
2015-03-25,
2015-03-26,
2015-03-27,
2015-03-28,
2015-03-29,
2015-03-30,
2015-03-31,
2015-04-01,
2015-04-02,
2015-04-03,
2015-04-04,
2015-04-05,
2015-04-06,
2015-04-07,
2015-04-08,
2015-04-09,
2015-04-10,
2015-04-11,
2015-04-12,
2015-04-13,
2015-04-14,
2015-04-15,
2015-04-16,
2015-04-17,
2015-04-18,
2015-04-19,
2015-04-20,
2015-04-21,
2015-04-22,
2015-04-23,
2015-04-24,
2015-04-25,
2015-04-26,
2015-04-27,
2015-04-28,
2015-04-29,
2015-04-30,
2015-05-01,
2015-05-02,
2015-05-03,
2015-05-04,
2015-05-05,
2015-05-06,
2015-05-07,
2015-05-08,
2015-05-09,
2015-05-10,
2015-05-11,
2015-05-12,
2015-05-13,
2015-05-14,
2015-05-15,
2015-05-16,
2015-05-17,
2015-05-18,
2015-05-19,
2015-05-20,
2015-05-21,
2015-05-22,
2015-05-23,
2015-05-24,
2015-05-25,
2015-05-26,
2015-05-27,
2015-05-28,
2015-05-29,
2015-05-30,
2015-05-31,
2015-06-01,
2015-06-02,
2015-06-03,
2015-06-04,
2015-06-05,
2015-06-06,
2015-06-07,
2015-06-08,
2015-06-09,
2015-06-10,
2015-06-11,
2015-06-12,
2015-06-13,
2015-06-14,
2015-06-15,
2015-06-16,
2015-06-17,
2015-06-18,
2015-06-19,
2015-06-20,
2015-06-21,
2015-06-22,
2015-06-23,
2015-06-24,
2015-06-25,
2015-06-26,
2015-06-27,
2015-06-28,
2015-06-29,
2015-06-30,
2015-07-01,
2015-07-02,
2015-07-03,
2015-07-04,
2015-07-05,
2015-07-06,
2015-07-07,
2015-07-08,
2015-07-09,
2015-07-10,
2015-07-11,
2015-07-12,
2015-07-13,
2015-07-14,
2015-07-15,
2015-07-16,
2015-07-17,
2015-07-18,
2015-07-19,
2015-07-20,
2015-07-21,
2015-07-22,
2015-07-23,
2015-07-24,
2015-07-25,
2015-07-26,
2015-07-27,
2015-07-28,
2015-07-29,
2015-07-30,
2015-07-31,
2015-08-01,
2015-08-02,
2015-08-03,
2015-08-04,
2015-08-05,
2015-08-06,
2015-08-07,
2015-08-08,
2015-08-09,
2015-08-10,
2015-08-11,
2015-08-12,
2015-08-13,
2015-08-14,
2015-08-15,
2015-08-16,
2015-08-17,
2015-08-18,
2015-08-19,
2015-08-20,
2015-08-21,
2015-08-22,
2015-08-23,
2015-08-24,
2015-08-25,
2015-08-26,
2015-08-27,
2015-08-28,
2015-08-29,
2015-08-30,
2015-08-31,
2015-09-01,
2015-09-02,
2015-09-03,
2015-09-04,
2015-09-05,
2015-09-06,
2015-09-07,
2015-09-08,
2015-09-09,
2015-09-10,
2015-09-11,
2015-09-12,
2015-09-13,
2015-09-14,
2015-09-15,
2015-09-16,
2015-09-17,
2015-09-18,
2015-09-19,
2015-09-20,
2015-09-21,
2015-09-22,
2015-09-23,
2015-09-24,
2015-09-25,
2015-09-26,
2015-09-27,
2015-09-28,
2015-09-29,
2015-09-30,
2015-10-01,
2015-10-02,
2015-10-03,
2015-10-04,
2015-10-05,
2015-10-06,
2015-10-07,
2015-10-08,
2015-10-09,
2015-10-10,
2015-10-11,
2015-10-12,
2015-10-13,
2015-10-14,
2015-10-15,
2015-10-16,
2015-10-17,
2015-10-18,
2015-10-19,
2015-10-20,
2015-10-21,
2015-10-22,
2015-10-23,
2015-10-24,
2015-10-25,
2015-10-26,
2015-10-27,
2015-10-28,
2015-10-29,
2015-10-30,
2015-10-31,
2015-11-01,
2015-11-02,
2015-11-03,
2015-11-04,
2015-11-05,
2015-11-06,
2015-11-07,
2015-11-08,
2015-11-09,
2015-11-10,
2015-11-11,
2015-11-12,
2015-11-13,
2015-11-14,
2015-11-15,
2015-11-16,
2015-11-17,
2015-11-18,
2015-11-19,
2015-11-20,
2015-11-21,
2015-11-22,
2015-11-23,
2015-11-24,
2015-11-25,
2015-11-26,
2015-11-27,
2015-11-28,
2015-11-29,
2015-11-30,
2015-12-01,
2015-12-02,
2015-12-03,
2015-12-04,
2015-12-05,
2015-12-06,
2015-12-07,
2015-12-08,
2015-12-09,
2015-12-10,
2015-12-11,
2015-12-12,
2015-12-13,
2015-12-14,
2015-12-15,
2015-12-16,
2015-12-17,
2015-12-18,
2015-12-19,
2015-12-20,
2015-12-21,
2015-12-22,
2015-12-23,
2015-12-24,
2015-12-25,
2015-12-26,
2015-12-27,
2015-12-28,
2015-12-29,
2015-12-30,
2015-12-31,
2016-01-01,
2016-01-02,
2016-01-03,
2016-01-04,
2016-01-05,
2016-01-06,
2016-01-07,
2016-01-08,
2016-01-09,
2016-01-10,
2016-01-11,
2016-01-12,
2016-01-13,
2016-01-14,
2016-01-15,
2016-01-16,
2016-01-17,
2016-01-18,
2016-01-19,
2016-01-20,
2016-01-21,
2016-01-22,
2016-01-23,
2016-01-24,
2016-01-25,
2016-01-26,
2016-01-27,
2016-01-28,
2016-01-29,
2016-01-30,
2016-01-31,
2016-02-01,
2016-02-02,
2016-02-03,
2016-02-04,
2016-02-05,
2016-02-06,
2016-02-07,
2016-02-08,
2016-02-09,
2016-02-10,
2016-02-11,
2016-02-12,
2016-02-13,
2016-02-14,
2016-02-15,
2016-02-16,
2016-02-17,
2016-02-18,
2016-02-19,
2016-02-20,
2016-02-21,
2016-02-22,
2016-02-23,
2016-02-24,
2016-02-25,
2016-02-26,
2016-02-27,
2016-02-28,
2016-02-29,
2016-03-01,
2016-03-02,
2016-03-03,
2016-03-04,
2016-03-05,
2016-03-06,
2016-03-07,
2016-03-08,
2016-03-09,
2016-03-10,
2016-03-11,
2016-03-12,
2016-03-13,
2016-03-14,
2016-03-15,
2016-03-16,
2016-03-17,
2016-03-18,
2016-03-19,
2016-03-20,
2016-03-21,
2016-03-22,
2016-03-23,
2016-03-24,
2016-03-25,
2016-03-26,
2016-03-27,
2016-03-28,
2016-03-29,
2016-03-30,
2016-03-31,
2016-04-01,
2016-04-02,
2016-04-03,
2016-04-04,
2016-04-05,
2016-04-06,
2016-04-07,
2016-04-08,
2016-04-09,
2016-04-10,
2016-04-11,
2016-04-12,
2016-04-13,
2016-04-14,
2016-04-15,
2016-04-16,
2016-04-17,
2016-04-18,
2016-04-19,
2016-04-20,
2016-04-21,
2016-04-22,
2016-04-23,
2016-04-24,
2016-04-25,
2016-04-26,
2016-04-27,
2016-04-28,
2016-04-29,
2016-04-30,
2016-05-01,
2016-05-02,
2016-05-03,
2016-05-04,
2016-05-05,
2016-05-06,
2016-05-07,
2016-05-08,
2016-05-09,
2016-05-10,
2016-05-11,
2016-05-12,
2016-05-13,
2016-05-14,
2016-05-15,
2016-05-16,
2016-05-17,
2016-05-18,
2016-05-19,
2016-05-20,
2016-05-21,
2016-05-22,
2016-05-23,
2016-05-24,
2016-05-25,
2016-05-26,
2016-05-27,
2016-05-28,
2016-05-29,
2016-05-30,
2016-05-31,
2016-06-01,
2016-06-02,
2016-06-03,
2016-06-04,
2016-06-05,
2016-06-06,
2016-06-07,
2016-06-08,
2016-06-09,
2016-06-10,
2016-06-11,
2016-06-12,
2016-06-13,
2016-06-14,
2016-06-15,
2016-06-16,
2016-06-17,
2016-06-18,
2016-06-19,
2016-06-20,
2016-06-21,
2016-06-22,
2016-06-23,
2016-06-24,
2016-06-25,
2016-06-26,
2016-06-27,
2016-06-28,
2016-06-29,
2016-06-30,
2016-07-01,
2016-07-02,
2016-07-03,
2016-07-04,
2016-07-05,
2016-07-06,
2016-07-07,
2016-07-08,
2016-07-09,
2016-07-10,
2016-07-11,
2016-07-12,
2016-07-13,
2016-07-14,
2016-07-15,
2016-07-16,
2016-07-17,
2016-07-18,
2016-07-19,
2016-07-20,
2016-07-21,
2016-07-22,
2016-07-23,
2016-07-24,
2016-07-25,
2016-07-26,
2016-07-27,
2016-07-28,
2016-07-29,
2016-07-30,
2016-07-31,
2016-08-01,
2016-08-02,
2016-08-03,
2016-08-04,
2016-08-05,
2016-08-06,
2016-08-07,
2016-08-08,
2016-08-09,
2016-08-10,
2016-08-11,
2016-08-12,
2016-08-13,
2016-08-14,
2016-08-15,
2016-08-16,
2016-08-17,
2016-08-18,
2016-08-19,
2016-08-20,
2016-08-21,
2016-08-22,
2016-08-23,
2016-08-24,
2016-08-25,
2016-08-26,
2016-08-27,
2016-08-28,
2016-08-29,
2016-08-30,
2016-08-31,
2016-09-01,
2016-09-02,
2016-09-03,
2016-09-04,
2016-09-05,
2016-09-06,
2016-09-07,
2016-09-08,
2016-09-09,
2016-09-10,
2016-09-11,
2016-09-12,
2016-09-13,
2016-09-14,
2016-09-15,
2016-09-16,
2016-09-17,
2016-09-18,
2016-09-19,
2016-09-20,
2016-09-21,
2016-09-22,
2016-09-23,
2016-09-24,
2016-09-25,
2016-09-26,
2016-09-27,
2016-09-28,
2016-09-29,
2016-09-30,
2016-10-01,
2016-10-02,
2016-10-03,
2016-10-04,
2016-10-05,
2016-10-06,
2016-10-07,
2016-10-08,
2016-10-09,
2016-10-10,
2016-10-11,
2016-10-12,
2016-10-13,
2016-10-14,
2016-10-15,
2016-10-16,
2016-10-17,
2016-10-18,
2016-10-19,
2016-10-20,
2016-10-21,
2016-10-22,
2016-10-23,
2016-10-24,
2016-10-25,
2016-10-26,
2016-10-27,
2016-10-28,
2016-10-29,
2016-10-30,
2016-10-31,
2016-11-01,
2016-11-02,
2016-11-03,
2016-11-04,
2016-11-05,
2016-11-06,
2016-11-07,
2016-11-08,
2016-11-09,
2016-11-10,
2016-11-11,
2016-11-12,
2016-11-13,
2016-11-14,
2016-11-15,
2016-11-16,
2016-11-17,
2016-11-18,
2016-11-19,
2016-11-20,
2016-11-21,
2016-11-22,
2016-11-23,
2016-11-24,
2016-11-25,
2016-11-26,
2016-11-27,
2016-11-28,
2016-11-29,
2016-11-30,
2016-12-01,
2016-12-02,
2016-12-03,
2016-12-04,
2016-12-05,
2016-12-06,
2016-12-07,
2016-12-08,
2016-12-09,
2016-12-10,
2016-12-11,
2016-12-12,
2016-12-13,
2016-12-14,
2016-12-15,
2016-12-16,
2016-12-17,
2016-12-18,
2016-12-19,
2016-12-20,
2016-12-21,
2016-12-22,
2016-12-23,
2016-12-24,
2016-12-25,
2016-12-26,
2016-12-27,
2016-12-28,
2016-12-29,
2016-12-30,
2016-12-31,
2017-01-01,
2017-01-02,
2017-01-03,
2017-01-04,
2017-01-05,
2017-01-06,
2017-01-07,
2017-01-08,
2017-01-09,
2017-01-10,
2017-01-11,
2017-01-12,
2017-01-13,
2017-01-14,
2017-01-15,
2017-01-16,
2017-01-17,
2017-01-18,
2017-01-19,
2017-01-20,
2017-01-21,
2017-01-22,
2017-01-23,
2017-01-24,
2017-01-25,
2017-01-26,
2017-01-27,
2017-01-28,
2017-01-29,
2017-01-30,
2017-01-31,
2017-02-01,
2017-02-02,
2017-02-03,
2017-02-04,
2017-02-05,
2017-02-06,
2017-02-07,
2017-02-08,
2017-02-09,
2017-02-10,
2017-02-11,
2017-02-12,
2017-02-13,
2017-02-14,
2017-02-15,
2017-02-16,
2017-02-17,
2017-02-18,
2017-02-19,
2017-02-20,
2017-02-21,
2017-02-22,
2017-02-23,
2017-02-24,
2017-02-25,
2017-02-26,
2017-02-27,
2017-02-28,
2017-03-01,
2017-03-02,
2017-03-03,
2017-03-04,
2017-03-05,
2017-03-06,
2017-03-07,
2017-03-08,
2017-03-09,
2017-03-10,
2017-03-11,
2017-03-12,
2017-03-13,
2017-03-14,
2017-03-15,
2017-03-16,
2017-03-17,
2017-03-18,
2017-03-19,
2017-03-20,
2017-03-21,
2017-03-22,
2017-03-23,
2017-03-24,
2017-03-25,
2017-03-26,
2017-03-27,
2017-03-28,
2017-03-29,
2017-03-30,
2017-03-31,
2017-04-01,
2017-04-02,
2017-04-03,
2017-04-04,
2017-04-05,
2017-04-06,
2017-04-07,
2017-04-08,
2017-04-09,
2017-04-10,
2017-04-11,
2017-04-12,
2017-04-13,
2017-04-14,
2017-04-15,
2017-04-16,
2017-04-17,
2017-04-18,
2017-04-19,
2017-04-20,
2017-04-21,
2017-04-22,
2017-04-23,
2017-04-24,
2017-04-25,
2017-04-26,
2017-04-27,
2017-04-28,
2017-04-29,
2017-04-30,
2017-05-01,
2017-05-02,
2017-05-03,
2017-05-04,
2017-05-05,
2017-05-06,
2017-05-07,
2017-05-08,
2017-05-09,
2017-05-10,
2017-05-11,
2017-05-12,
2017-05-13,
2017-05-14,
2017-05-15,
2017-05-16,
2017-05-17,
2017-05-18,
2017-05-19,
2017-05-20,
2017-05-21,
2017-05-22,
2017-05-23,
2017-05-24,
2017-05-25,
2017-05-26,
2017-05-27,
2017-05-28,
2017-05-29,
2017-05-30,
2017-05-31,
2017-06-01,
2017-06-02,
2017-06-03,
2017-06-04,
2017-06-05,
2017-06-06,
2017-06-07,
2017-06-08,
2017-06-09,
2017-06-10,
2017-06-11,
2017-06-12,
2017-06-13,
2017-06-14,
2017-06-15,
2017-06-16,
2017-06-17,
2017-06-18,
2017-06-19,
2017-06-20,
2017-06-21,
2017-06-22,
2017-06-23,
2017-06-24,
2017-06-25,
2017-06-26,
2017-06-27,
2017-06-28,
2017-06-29,
2017-06-30,
2017-07-01,
2017-07-02,
2017-07-03,
2017-07-04,
2017-07-05,
2017-07-06,
2017-07-07,
2017-07-08,
2017-07-09,
2017-07-10,
2017-07-11,
2017-07-12,
2017-07-13,
2017-07-14,
2017-07-15,
2017-07-16,
2017-07-17,
2017-07-18,
2017-07-19,
2017-07-20,
2017-07-21,
2017-07-22,
2017-07-23,
2017-07-24,
2017-07-25,
2017-07-26,
2017-07-27,
2017-07-28,
2017-07-29,
2017-07-30,
2017-07-31,
2017-08-01,
2017-08-02,
2017-08-03,
2017-08-04,
2017-08-05,
2017-08-06,
2017-08-07,
2017-08-08,
2017-08-09,
2017-08-10,
2017-08-11,
2017-08-12,
2017-08-13,
2017-08-14,
2017-08-15,
2017-08-16,
2017-08-17,
2017-08-18,
2017-08-19,
2017-08-20,
2017-08-21,
2017-08-22,
2017-08-23,
2017-08-24,
2017-08-25,
2017-08-26,
2017-08-27,
2017-08-28,
2017-08-29,
2017-08-30,
2017-08-31,
2017-09-01,
2017-09-02,
2017-09-03,
2017-09-04,
2017-09-05,
2017-09-06,
2017-09-07,
2017-09-08,
2017-09-09,
2017-09-10,
2017-09-11,
2017-09-12,
2017-09-13,
2017-09-14,
2017-09-15,
2017-09-16,
2017-09-17,
2017-09-18,
2017-09-19,
2017-09-20,
2017-09-21,
2017-09-22,
2017-09-23,
2017-09-24,
2017-09-25,
2017-09-26,
2017-09-27,
2017-09-28,
2017-09-29,
2017-09-30,
2017-10-01,
2017-10-02,
2017-10-03,
2017-10-04,
2017-10-05,
2017-10-06,
2017-10-07,
2017-10-08,
2017-10-09,
2017-10-10,
2017-10-11,
2017-10-12,
2017-10-13,
2017-10-14,
2017-10-15,
2017-10-16,
2017-10-17,
2017-10-18,
2017-10-19,
2017-10-20,
2017-10-21,
2017-10-22,
2017-10-23,
2017-10-24,
2017-10-25,
2017-10-26,
2017-10-27,
2017-10-28,
2017-10-29,
2017-10-30,
2017-10-31,
2017-11-01,
2017-11-02,
2017-11-03,
2017-11-04,
2017-11-05,
2017-11-06,
2017-11-07,
2017-11-08,
2017-11-09,622.312012
2017-11-10,651.775024
2017-11-11,1001.640015
2017-11-12,1346.969971
2017-11-13,1381.819946
2017-11-14,1346.72998
2017-11-15,1269.790039
2017-11-16,1202.170044
2017-11-17,909.15802
2017-11-18,1197.430054
2017-11-19,1260.949951
2017-11-20,1172.430054
2017-11-21,1220.780029
2017-11-22,1175.060059
2017-11-23,1302.22998
2017-11-24,1651.859985
2017-11-25,1634
2017-11-26,1571.390015
2017-11-27,1722.930054
2017-11-28,1621.170044
2017-11-29,1541.630005
2017-11-30,1380.359985
2017-12-01,1381.810059
2017-12-02,1462.060059
2017-12-03,1435.359985
2017-12-04,1560.160034
2017-12-05,1580.160034
2017-12-06,1498.48999
2017-12-07,1430.709961
2017-12-08,1329.160034
2017-12-09,1464.630005
2017-12-10,1411.839966
2017-12-11,1320
2017-12-12,1427.380005
2017-12-13,1616.98999
2017-12-14,1600.670044
2017-12-15,1974.660034
2017-12-16,1824.849976
2017-12-17,1812.329956
2017-12-18,1869.209961
2017-12-19,2199.060059
2017-12-20,2825.030029
2017-12-21,3909
2017-12-22,3324
2017-12-23,2746.949951
2017-12-24,3260.550049
2017-12-25,2929.350098
2017-12-26,2947.73999
2017-12-27,3108.320068
2017-12-28,2888.639893
2017-12-29,2587.300049
2017-12-30,2791.550049
2017-12-31,2376.959961
2018-01-01,2534.820068
2018-01-02,2434.5
2018-01-03,2700.550049
2018-01-04,2608.870117
2018-01-05,2400.73999
2018-01-06,2583.709961
2018-01-07,2784.679932
2018-01-08,2786.600098
2018-01-09,2412.360107
2018-01-10,2390.02002
2018-01-11,2891.550049
2018-01-12,2475.899902
2018-01-13,2617.659912
2018-01-14,2687.100098
2018-01-15,2541.580078
2018-01-16,2406.860107
2018-01-17,1767.579956
2018-01-18,1752.27002
2018-01-19,1740.170044
2018-01-20,1784.26001
2018-01-21,2033.699951
2018-01-22,1794.459961
2018-01-23,1623.140015
2018-01-24,1622.150024
2018-01-25,1661.040039
2018-01-26,1637.189941
2018-01-27,1602.5
2018-01-28,1636.410034
2018-01-29,1745.359985
2018-01-30,1657.689941
2018-01-31,1470.73999
2018-02-01,1491.119995
2018-02-02,1272.5
2018-02-03,1194.22998
2018-02-04,1273.170044
2018-02-05,1159.890015
2018-02-06,890.966003
2018-02-07,971.075989
2018-02-08,951.567017
2018-02-09,1273.869995
2018-02-10,1311.98999
2018-02-11,1255.589966
2018-02-12,1222.430054
2018-02-13,1285.22998
2018-02-14,1229.180054
2018-02-15,1358.650024
2018-02-16,1373.160034
2018-02-17,1548.47998
2018-02-18,1552.099976
2018-02-19,1483.339966
2018-02-20,1543.27002
2018-02-21,1412.849976
2018-02-22,1304.660034
2018-02-23,1217.359985
2018-02-24,1266.560059
2018-02-25,1191.349976
2018-02-26,1177.579956
2018-02-27,1255.449951
2018-02-28,1243.26001
2018-03-01,1204.839966
2018-03-02,1284.949951
2018-03-03,1274.670044
2018-03-04,1267.859985
2018-03-05,1287.099976
2018-03-06,1264.189941
2018-03-07,1205.839966
2018-03-08,1094.640015
2018-03-09,1034.689941
2018-03-10,1071.150024
2018-03-11,1002.549988
2018-03-12,1143.939941
2018-03-13,1051.069946
2018-03-14,1071.5
2018-03-15,949.768005
2018-03-16,943.601013
2018-03-17,974.703979
2018-03-18,948.276001
2018-03-19,942.598022
2018-03-20,998.169983
2018-03-21,1066.030029
2018-03-22,1033.26001
2018-03-23,1011.830017
2018-03-24,1028.119995
2018-03-25,973.603027
2018-03-26,967.89502
2018-03-27,916.98999
2018-03-28,876.359009
2018-03-29,861.609985
2018-03-30,712.405029
2018-03-31,697.622009
2018-04-01,688.013977
2018-04-02,644.458008
2018-04-03,664.150024
2018-04-04,710.471008
2018-04-05,648.627991
2018-04-06,641.862
2018-04-07,611.203003
2018-04-08,640.892029
2018-04-09,656.091003
2018-04-10,637.697021
2018-04-11,648.89801
2018-04-12,666.390015
2018-04-13,735.778015
2018-04-14,738.719971
2018-04-15,741.906982
2018-04-16,781.120972
2018-04-17,766.697998
2018-04-18,758.25
2018-04-19,890.661987
2018-04-20,970.146973
2018-04-21,1126.859985
2018-04-22,1147.47998
2018-04-23,1194.709961
2018-04-24,1434.01001
2018-04-25,1426.709961
2018-04-26,1289.540039
2018-04-27,1422.060059
2018-04-28,1337.959961
2018-04-29,1393.98999
2018-04-30,1440.959961
2018-05-01,1348.640015
2018-05-02,1353.540039
2018-05-03,1459.550049
2018-05-04,1501.400024
2018-05-05,1516.73999
2018-05-06,1758.829956
2018-05-07,1766.660034
2018-05-08,1673.069946
2018-05-09,1607.869995
2018-05-10,1646.150024
2018-05-11,1527.48999
2018-05-12,1376.050049
2018-05-13,1474.76001
2018-05-14,1489.329956
2018-05-15,1430.280029
2018-05-16,1341.890015
2018-05-17,1290.219971
2018-05-18,1202.199951
2018-05-19,1206.609985
2018-05-20,1183.199951
2018-05-21,1296.030029
2018-05-22,1233.699951
2018-05-23,1142.25
2018-05-24,1005.01001
2018-05-25,1072.73999
2018-05-26,1015.679993
2018-05-27,1009.200012
2018-05-28,996.64801
2018-05-29,896.849976
2018-05-30,990.070007
2018-05-31,983.573975
2018-06-01,995.661011
2018-06-02,1003.330017
2018-06-03,1083.130005
2018-06-04,1170.780029
2018-06-05,1110.069946
2018-06-06,1157.329956
2018-06-07,1135.150024
2018-06-08,1145.339966
2018-06-09,1117.349976
2018-06-10,1087.459961
2018-06-11,937.632019
2018-06-12,957.140015
2018-06-13,876.890991
2018-06-14,844.359985
2018-06-15,896.429993
2018-06-16,847.164978
2018-06-17,853.059021
2018-06-18,849.807007
2018-06-19,885.994019
2018-06-20,905.705017
2018-06-21,890.640991
2018-06-22,874.965027
2018-06-23,755.241028
2018-06-24,764.622986
2018-06-25,748.625
2018-06-26,757.25
2018-06-27,698.284973
2018-06-28,714.700989
2018-06-29,662.999023
2018-06-30,717.041992
2018-07-01,749.179016
2018-07-02,739.245972
2018-07-03,775.067017
2018-07-04,757.926025
2018-07-05,763.294983
2018-07-06,748.47998
2018-07-07,736.758972
2018-07-08,775.776001
2018-07-09,751.56897
2018-07-10,732.856018
2018-07-11,688.869019
2018-07-12,706.976013
2018-07-13,686.64801
2018-07-14,696.416016
2018-07-15,702.994995
2018-07-16,724.478027
2018-07-17,803.116028
2018-07-18,849.768982
2018-07-19,828.427002
2018-07-20,823.39502
2018-07-21,767.877014
2018-07-22,788.471008
2018-07-23,789.689026
2018-07-24,785.596985
2018-07-25,863.197998
2018-07-26,830.739014
2018-07-27,804.349976
2018-07-28,821.492004
2018-07-29,821.013977
2018-07-30,828.546997
2018-07-31,816.72998
2018-08-01,779.950012
2018-08-02,767.674988
2018-08-03,732.799011
2018-08-04,723.271973
2018-08-05,696.065002
2018-08-06,711.012024
2018-08-07,692.629028
2018-08-08,660.054016
2018-08-09,590.52301
2018-08-10,610.353027
2018-08-11,571.893005
2018-08-12,564.44397
2018-08-13,571.02301
2018-08-14,534.981995
2018-08-15,513.245972
2018-08-16,512.866028
2018-08-17,516.560974
2018-08-18,597.669983
2018-08-19,554.93103
2018-08-20,570.112976
2018-08-21,514.064026
2018-08-22,535.151978
2018-08-23,519.120972
2018-08-24,531.554016
2018-08-25,534.989014
2018-08-26,536.489014
2018-08-27,523.017029
2018-08-28,545.075989
2018-08-29,564.406006
2018-08-30,554.070984
2018-08-31,538.622009
2018-09-01,543.961975
2018-09-02,616.026001
2018-09-03,648.328003
2018-09-04,627.323975
2018-09-05,626.197998
2018-09-06,529.952026
2018-09-07,518.767029
2018-09-08,501.821991
2018-09-09,474.628998
2018-09-10,484.218994
2018-09-11,468.348999
2018-09-12,440.507996
2018-09-13,433.537994
2018-09-14,467.127991
2018-09-15,447.57901
2018-09-16,448.509003
2018-09-17,450.377991
2018-09-18,418.554993
2018-09-19,433.191986
2018-09-20,429.804993
2018-09-21,457.515991
2018-09-22,500.350006
2018-09-23,487.709991
2018-09-24,487.915009
2018-09-25,462.109985
2018-09-26,444.802002
2018-09-27,514.767029
2018-09-28,568.432007
2018-09-29,538.994019
2018-09-30,536.564026
2018-10-01,531.638
2018-10-02,531.153015
2018-10-03,531.635986
2018-10-04,516.786987
2018-10-05,513.89801
2018-10-06,519.91803
2018-10-07,509.626007
2018-10-08,518.710022
2018-10-09,526.905029
2018-10-10,516.656006
2018-10-11,511.769989
2018-10-12,430.35199
2018-10-13,443.181
2018-10-14,448.187988
2018-10-15,438.649994
2018-10-16,459.322998
2018-10-17,458.846008
2018-10-18,449.220001
2018-10-19,438.312988
2018-10-20,440.868988
2018-10-21,447.541992
2018-10-22,447.187012
2018-10-23,447.17099
2018-10-24,441.266998
2018-10-25,442.174988
2018-10-26,439.123993
2018-10-27,438.60199
2018-10-28,438.891998
2018-10-29,440.207001
2018-10-30,417.690002
2018-10-31,422.226013
2018-11-01,423.069
2018-11-02,424.23999
2018-11-03,461.77301
2018-11-04,478.535004
2018-11-05,557.716003
2018-11-06,558.546021
2018-11-07,630.176025
2018-11-08,616.526978
2018-11-09,574.005981
2018-11-10,542.882019
2018-11-11,555.776001
2018-11-12,533.567993
2018-11-13,514.583984
2018-11-14,511.630005
2018-11-15,439.963989
2018-11-16,421.199005
2018-11-17,389.496002
2018-11-18,387.63501
2018-11-19,383.628998
2018-11-20,336.313995
2018-11-21,226.382996
2018-11-22,236.207993
2018-11-23,210.417999
2018-11-24,207.662994
2018-11-25,181.126999
2018-11-26,184.828995
2018-11-27,182.001999
2018-11-28,179.136002
2018-11-29,190.101974
2018-11-30,181.093292
2018-12-01,172.51767
2018-12-02,171.936188
2018-12-03,172.315323
2018-12-04,159.64119
2018-12-05,149.853592
2018-12-06,130.518677
2018-12-07,107.489395
2018-12-08,106.2351
2018-12-09,103.727684
2018-12-10,109.599854
2018-12-11,107.052742
2018-12-12,101.71315
2018-12-13,102.432419
2018-12-14,90.243134
2018-12-15,80.332451
2018-12-16,77.370895
2018-12-17,81.532066
2018-12-18,90.309883
2018-12-19,105.437729
2018-12-20,126.283836
2018-12-21,190.480194
2018-12-22,196.303177
2018-12-23,197.892731
2018-12-24,200.034058
2018-12-25,183.031418
2018-12-26,172.05954
2018-12-27,175.412277
2018-12-28,150.556198
2018-12-29,174.469635
2018-12-30,165.150803
2018-12-31,163.521881
2019-01-01,150.895782
2019-01-02,165.62204
2019-01-03,173.272461
2019-01-04,161.711578
2019-01-05,161.140793
2019-01-06,160.186981
2019-01-07,166.847
2019-01-08,161.402924
2019-01-09,162.119415
2019-01-10,160.284775
2019-01-11,133.907745
2019-01-12,131.49559
2019-01-13,134.496735
2019-01-14,126.482719
2019-01-15,133.970169
2019-01-16,128.687866
2019-01-17,129.204468
2019-01-18,131.093918
2019-01-19,128.546799
2019-01-20,130.137619
2019-01-21,123.920181
2019-01-22,122.712578
2019-01-23,128.440186
2019-01-24,132.211197
2019-01-25,129.520935
2019-01-26,128.444382
2019-01-27,127.155067
2019-01-28,123.035393
2019-01-29,112.250183
2019-01-30,110.957672
2019-01-31,118.15506
2019-02-01,114.799126
2019-02-02,116.554337
2019-02-03,121.790321
2019-02-04,119.303978
2019-02-05,119.027199
2019-02-06,117.980965
2019-02-07,115.179184
2019-02-08,115.782745
2019-02-09,129.927689
2019-02-10,128.632523
2019-02-11,127.693169
2019-02-12,122.523415
2019-02-13,123.378471
2019-02-14,123.116173
2019-02-15,122.180206
2019-02-16,122.009766
2019-02-17,122.232056
2019-02-18,124.966759
2019-02-19,144.314148
2019-02-20,142.972107
2019-02-21,147.918961
2019-02-22,142.822708
2019-02-23,144.882004
2019-02-24,154.19577
2019-02-25,130.023346
2019-02-26,135.841858
2019-02-27,134.329376
2019-02-28,132.89595
2019-03-01,132.075424
2019-03-02,132.923721
2019-03-03,132.57399
2019-03-04,131.418655
2019-03-05,124.9627
2019-03-06,133.41069
2019-03-07,133.293518
2019-03-08,132.210648
2019-03-09,129.423325
2019-03-10,134.035934
2019-03-11,132.86087
2019-03-12,130.346161
2019-03-13,129.191559
2019-03-14,128.823196
2019-03-15,133.793701
2019-03-16,143.979736
2019-03-17,157.439926
2019-03-18,156.258881
2019-03-19,162.5961
2019-03-20,162.333389
2019-03-21,160.791565
2019-03-22,154.705963
2019-03-23,158.126556
2019-03-24,167.091415
2019-03-25,166.106461
2019-03-26,161.386871
2019-03-27,160.512726
2019-03-28,173.095688
2019-03-29,169.347137
2019-03-30,170.301483
2019-03-31,168.639648
2019-04-01,168.899078
2019-04-02,167.628189
2019-04-03,236.395584
2019-04-04,298.467499
2019-04-05,286.635254
2019-04-06,292.80542
2019-04-07,305.799011
2019-04-08,319.765015
2019-04-09,309.952881
2019-04-10,295.969421
2019-04-11,305.124756
2019-04-12,272.638275
2019-04-13,282.676514
2019-04-14,279.410339
2019-04-15,288.698059
2019-04-16,314.116913
2019-04-17,318.313995
2019-04-18,310.872833
2019-04-19,306.927582
2019-04-20,306.860107
2019-04-21,300.809692
2019-04-22,290.336426
2019-04-23,292.788788
2019-04-24,290.964691
2019-04-25,279.2099
2019-04-26,267.188812
2019-04-27,264.08667
2019-04-28,264.118042
2019-04-29,255.55011
2019-04-30,237.568848
2019-05-01,267.99292
2019-05-02,271.967621
2019-05-03,270.152618
2019-05-04,292.875854
2019-05-05,291.345062
2019-05-06,293.962097
2019-05-07,287.677979
2019-05-08,286.550903
2019-05-09,286.469757
2019-05-10,284.200775
2019-05-11,287.789673
2019-05-12,356.268524
2019-05-13,354.029938
2019-05-14,385.366516
2019-05-15,389.117218
2019-05-16,402.44046
2019-05-17,398.680115
2019-05-18,364.452026
2019-05-19,357.310516
2019-05-20,421.38327
2019-05-21,412.52417
2019-05-22,417.310577
2019-05-23,391.523499
2019-05-24,405.917877
2019-05-25,409.211487
2019-05-26,406.5513
2019-05-27,432.970551
2019-05-28,443.008789
2019-05-29,435.012085
2019-05-30,454.450531
2019-05-31,424.623291
2019-06-01,445.029572
2019-06-02,434.720215
2019-06-03,443.726074
2019-06-04,408.213104
2019-06-05,382.652466
2019-06-06,398.071503
2019-06-07,397.039429
2019-06-08,401.560211
2019-06-09,394.151703
2019-06-10,381.063446
2019-06-11,394.774811
2019-06-12,388.105927
2019-06-13,396.323334
2019-06-14,411.891632
2019-06-15,421.684204
2019-06-16,422.825989
2019-06-17,428.264771
2019-06-18,432.023682
2019-06-19,413.933472
2019-06-20,416.812164
2019-06-21,413.604279
2019-06-22,439.694275
2019-06-23,479.43927
2019-06-24,475.336975
2019-06-25,476.71521
2019-06-26,479.791168
2019-06-27,485.873413
2019-06-28,413.617706
2019-06-29,437.123993
2019-06-30,441.958984
2019-07-01,399.833496
2019-07-02,416.517975
2019-07-03,407.910187
2019-07-04,422.812683
2019-07-05,401.635773
2019-07-06,400.233582
2019-07-07,405.584412
2019-07-08,412.122528
2019-07-09,418.78653
2019-07-10,416.091766
2019-07-11,390.294037
2019-07-12,346.551514
2019-07-13,354.567871
2019-07-14,344.969849
2019-07-15,283.301788
2019-07-16,314.860931
2019-07-17,281.200317
2019-07-18,291.381287
2019-07-19,314.780548
2019-07-20,308.383148
2019-07-21,324.389801
2019-07-22,320.997162
2019-07-23,310.718109
2019-07-24,298.136688
2019-07-25,302.9039
2019-07-26,302.790894
2019-07-27,316.427795
2019-07-28,306.49765
2019-07-29,310.202576
2019-07-30,307.914856
2019-07-31,315.830292
2019-08-01,326.58728
2019-08-02,328.723572
2019-08-03,326.652191
2019-08-04,333.060486
2019-08-05,333.691589
2019-08-06,346.80722
2019-08-07,333.791504
2019-08-08,339.639771
2019-08-09,333.68158
2019-08-10,316.686493
2019-08-11,315.890045
2019-08-12,336.159302
2019-08-13,330.246063
2019-08-14,343.523193
2019-08-15,312.169373
2019-08-16,314.800934
2019-08-17,310.575317
2019-08-18,307.292206
2019-08-19,316.730621
2019-08-20,325.449371
2019-08-21,316.282349
2019-08-22,303.083313
2019-08-23,311.322632
2019-08-24,316.13913
2019-08-25,307.586792
2019-08-26,305.315887
2019-08-27,311.160706
2019-08-28,308.023163
2019-08-29,292.247314
2019-08-30,280.757843
2019-08-31,279.652527
2019-09-01,279.992554
2019-09-02,282.334473
2019-09-03,294.021912
2019-09-04,300.99826
2019-09-05,295.317413
2019-09-06,292.919708
2019-09-07,287.739014
2019-09-08,301.307312
2019-09-09,307.807831
2019-09-10,305.152802
2019-09-11,304.236664
2019-09-12,299.62381
2019-09-13,300.458344
2019-09-14,298.424561
2019-09-15,304.603027
2019-09-16,304.25589
2019-09-17,307.526062
2019-09-18,319.391663
2019-09-19,324.632324
2019-09-20,323.824188
2019-09-21,315.73703
2019-09-22,312.229492
2019-09-23,308.217957
2019-09-24,293.120178
2019-09-25,222.253723
2019-09-26,229.265213
2019-09-27,216.020355
2019-09-28,222.615799
2019-09-29,228.867554
2019-09-30,220.45079
2019-10-01,228.261993
2019-10-02,224.788971
2019-10-03,225.764206
2019-10-04,222.664444
2019-10-05,223.125687
2019-10-06,223.215195
2019-10-07,223.259155
2019-10-08,234.222794
2019-10-09,232.550568
2019-10-10,239.422455
2019-10-11,230.180954
2019-10-12,222.728287
2019-10-13,225.03949
2019-10-14,223.955002
2019-10-15,228.537262
2019-10-16,222.861328
2019-10-17,218.207169
2019-10-18,221.280075
2019-10-19,212.62085
2019-10-20,214.137375
2019-10-21,224.926712
2019-10-22,233.360077
2019-10-23,228.00621
2019-10-24,210.299576
2019-10-25,214.205811
2019-10-26,259.52832
2019-10-27,252.558289
2019-10-28,261.14978
2019-10-29,265.384338
2019-10-30,289.190887
2019-10-31,290.400757
2019-11-01,284.489502
2019-11-02,279.215271
2019-11-03,290.733612
2019-11-04,292.800903
2019-11-05,291.776245
2019-11-06,293.464386
2019-11-07,306.293488
2019-11-08,293.826294
2019-11-09,277.899048
2019-11-10,282.730652
2019-11-11,293.567719
2019-11-12,287.176147
2019-11-13,289.04306
2019-11-14,286.239929
2019-11-15,280.070984
2019-11-16,264.956879
2019-11-17,267.705963
2019-11-18,268.467194
2019-11-19,250.165176
2019-11-20,244.335175
2019-11-21,244.201462
2019-11-22,226.701431
2019-11-23,209.09523
2019-11-24,217.289841
2019-11-25,205.237259
2019-11-26,208.784485
2019-11-27,212.358475
2019-11-28,220.123062
2019-11-29,218.88765
2019-11-30,224.977081
2019-12-01,218.988754
2019-12-02,216.377457
2019-12-03,215.504471
2019-12-04,212.676773
2019-12-05,209.215042
2019-12-06,213.375961
2019-12-07,213.781906
2019-12-08,212.926514
2019-12-09,214.055054
2019-12-10,209.830307
2019-12-11,208.096283
2019-12-12,207.424683
2019-12-13,207.721344
2019-12-14,211.237427
2019-12-15,207.462631
2019-12-16,207.544952
2019-12-17,197.117279
2019-12-18,177.261627
2019-12-19,189.399719
2019-12-20,187.681656
2019-12-21,188.222443
2019-12-22,187.444519
2019-12-23,196.286713
2019-12-24,190.74469
2019-12-25,189.722153
2019-12-26,187.273712
2019-12-27,188.31955
2019-12-28,203.288681
2019-12-29,206.247955
2019-12-30,212.883011
2019-12-31,209.301987
2020-01-01,204.671295
2020-01-02,204.354538
2020-01-03,196.00769
2020-01-04,222.53656
2020-01-05,225.779831
2020-01-06,224.347916
2020-01-07,244.713013
2020-01-08,243.079208
2020-01-09,240.998032
2020-01-10,239.55162
2020-01-11,270.197205
2020-01-12,261.100281
2020-01-13,268.412506
2020-01-14,267.644165
2020-01-15,348.717316
2020-01-16,339.682098
2020-01-17,326.375122
2020-01-18,367.408844
2020-01-19,338.400177
2020-01-20,338.119385
2020-01-21,343.510284
2020-01-22,343.369995
2020-01-23,347.497925
2020-01-24,325.167755
2020-01-25,319.376251
2020-01-26,310.995911
2020-01-27,346.890045
2020-01-28,362.653137
2020-01-29,379.103088
2020-01-30,380.861572
2020-01-31,392.83017
2020-02-01,375.066589
2020-02-02,380.253479
2020-02-03,377.937225
2020-02-04,383.758209
2020-02-05,380.718933
2020-02-06,442.341278
2020-02-07,442.566193
2020-02-08,439.701294
2020-02-09,443.068298
2020-02-10,449.911713
2020-02-11,452.99295
2020-02-12,461.172333
2020-02-13,475.063934
2020-02-14,474.473053
2020-02-15,491.100311
2020-02-16,438.877502
2020-02-17,415.05011
2020-02-18,409.634888
2020-02-19,419.097107
2020-02-20,381.300476
2020-02-21,372.287872
2020-02-22,379.804565
2020-02-23,373.757294
2020-02-24,401.399628
2020-02-25,377.163666
2020-02-26,353.978546
2020-02-27,318.046478
2020-02-28,323.121216
2020-02-29,313.925415
2020-03-01,308.260498
2020-03-02,313.323303
2020-03-03,336.911896
2020-03-04,329.529175
2020-03-05,319.315643
2020-03-06,337.394775
2020-03-07,349.176788
2020-03-08,331.01297
2020-03-09,275.961548
2020-03-10,273.517059
2020-03-11,271.844421
2020-03-12,266.753479
2020-03-13,152.176651
2020-03-14,177.124573
2020-03-15,167.560379
2020-03-16,178.196838
2020-03-17,171.050674
2020-03-18,179.778473
2020-03-19,178.924759
2020-03-20,221.477356
2020-03-21,214.397461
2020-03-22,219.599045
2020-03-23,203.528076
2020-03-24,219.824356
2020-03-25,227.405396
2020-03-26,220.528885
2020-03-27,226.956131
2020-03-28,217.335297
2020-03-29,214.134766
2020-03-30,206.362671
2020-03-31,221.212219
2020-04-01,219.263901
2020-04-02,223.894241
2020-04-03,232.513519
2020-04-04,235.862167
2020-04-05,238.751892
2020-04-06,231.93396
2020-04-07,256.257111
2020-04-08,252.052689
2020-04-09,266.408417
2020-04-10,257.403595
2020-04-11,233.033707
2020-04-12,232.293472
2020-04-13,235.972427
2020-04-14,224.065994
2020-04-15,222.097305
2020-04-16,215.586227
2020-04-17,235.741699
2020-04-18,233.670242
2020-04-19,243.047226
2020-04-20,233.436096
2020-04-21,221.32576
2020-04-22,221.63266
2020-04-23,233.469818
2020-04-24,236.913788
2020-04-25,239.760696
2020-04-26,239.642807
2020-04-27,246.353577
2020-04-28,243.268631
2020-04-29,243.7854
2020-04-30,257.410553
2020-05-01,249.936188
2020-05-02,257.231567
2020-05-03,261.97113
2020-05-04,252.428558
2020-05-05,245.409424
2020-05-06,244.313522
2020-05-07,245.893539
2020-05-08,252.520874
2020-05-09,261.045898
2020-05-10,266.380554
2020-05-11,232.990479
2020-05-12,235.342346
2020-05-13,233.0755
2020-05-14,238.776077
2020-05-15,241.791046
2020-05-16,235.544708
2020-05-17,236.52272
2020-05-18,241.313934
2020-05-19,247.944763
2020-05-20,245.769226
2020-05-21,239.482574
2020-05-22,228.357727
2020-05-23,234.558792
2020-05-24,234.989883
2020-05-25,224.489334
2020-05-26,230.561844
2020-05-27,227.278503
2020-05-28,233.579239
2020-05-29,239.461807
2020-05-30,238.174561
2020-05-31,251.2798
2020-06-01,239.847229
2020-06-02,255.151398
2020-06-03,249.061752
2020-06-04,252.138412
2020-06-05,256.691559
2020-06-06,256.749908
2020-06-07,253.310196
2020-06-08,254.23819
2020-06-09,255.124939
2020-06-10,255.295731
2020-06-11,257.233185
2020-06-12,236.432358
2020-06-13,242.282715
2020-06-14,241.115738
2020-06-15,238.761963
2020-06-16,236.251266
2020-06-17,237.545914
2020-06-18,240.453629
2020-06-19,236.947449
2020-06-20,232.514145
2020-06-21,231.623413
2020-06-22,231.23024
2020-06-23,239.878082
2020-06-24,241.052216
2020-06-25,233.09848
2020-06-26,233.011444
2020-06-27,229.804489
2020-06-28,219.01123
2020-06-29,222.717957
2020-06-30,224.921936
2020-07-01,222.566727
2020-07-02,223.777618
2020-07-03,222.283478
2020-07-04,221.397781
2020-07-05,224.645355
2020-07-06,221.843277
2020-07-07,240.205811
2020-07-08,237.190399
2020-07-09,243.077271
2020-07-10,238.732315
2020-07-11,237.96048
2020-07-12,236.699432
2020-07-13,236.769058
2020-07-14,232.294052
2020-07-15,229.976791
2020-07-16,227.292206
2020-07-17,224.032913
2020-07-18,222.787491
2020-07-19,224.19664
2020-07-20,227.118362
2020-07-21,222.70784
2020-07-22,229.574463
2020-07-23,238.788208
2020-07-24,237.760956
2020-07-25,235.441925
2020-07-26,249.827667
2020-07-27,246.819565
2020-07-28,268.387604
2020-07-29,288.80304
2020-07-30,288.469543
2020-07-31,291.985535
2020-08-01,300.504517
2020-08-02,318.419067
2020-08-03,283.911407
2020-08-04,296.531219
2020-08-05,288.384064
2020-08-06,294.406311
2020-08-07,308.62912
2020-08-08,303.440491
2020-08-09,305.258942
2020-08-10,300.380096
2020-08-11,302.635651
2020-08-12,283.059753
2020-08-13,287.654297
2020-08-14,299.469238
2020-08-15,293.260529
2020-08-16,303.013733
2020-08-17,307.865295
2020-08-18,317.349426
2020-08-19,304.287415
2020-08-20,292.697113
2020-08-21,294.73233
2020-08-22,284.249695
2020-08-23,286.910675
2020-08-24,285.069336
2020-08-25,291.366364
2020-08-26,276.621613
2020-08-27,275.422852
2020-08-28,264.675629
2020-08-29,269.112976
2020-08-30,268.842865
2020-08-31,279.280426
2020-09-01,274.480865
2020-09-02,292.428619
2020-09-03,264.091492
2020-09-04,215.617004
2020-09-05,231.643173
2020-09-06,225.300812
2020-09-07,228.351196
2020-09-08,228.67038
2020-09-09,222.558243
2020-09-10,224.68634
2020-09-11,227.713486
2020-09-12,225.560928
2020-09-13,230.293839
2020-09-14,221.833267
2020-09-15,226.40097
2020-09-16,235.742462
2020-09-17,231.585968
2020-09-18,233.167465
2020-09-19,234.092819
2020-09-20,233.643661
2020-09-21,226.649826
2020-09-22,213.498474
2020-09-23,220.17662
2020-09-24,208.089539
2020-09-25,216.429718
2020-09-26,216.663589
2020-09-27,221.806854
2020-09-28,229.540482
2020-09-29,225.957993
2020-09-30,229.116592
2020-10-01,228.223297
2020-10-02,228.139801
2020-10-03,220.008209
2020-10-04,219.132889
2020-10-05,221.406586
2020-10-06,222.132385
2020-10-07,220.016632
2020-10-08,223.220184
2020-10-09,234.003128
2020-10-10,237.299866
2020-10-11,237.507309
2020-10-12,239.438644
2020-10-13,239.866165
2020-10-14,253.63147
2020-10-15,259.179047
2020-10-16,262.16507
2020-10-17,250.794022
2020-10-18,246.102432
2020-10-19,249.835083
2020-10-20,250.732895
2020-10-21,242.814026
2020-10-22,258.229065
2020-10-23,266.626678
2020-10-24,270.314789
2020-10-25,275.122009
2020-10-26,271.079468
2020-10-27,259.782532
2020-10-28,264.539581
2020-10-29,268.490204
2020-10-30,267.056793
2020-10-31,261.828125
2020-11-01,261.75824
2020-11-02,267.554413
2020-11-03,257.199005
2020-11-04,244.1465
2020-11-05,241.142044
2020-11-06,249.546494
2020-11-07,257.720367
2020-11-08,253.590408
2020-11-09,270.697876
2020-11-10,263.986755
2020-11-11,257.351501
2020-11-12,257.119507
2020-11-13,259.820892
2020-11-14,259.171783
2020-11-15,255.769043
2020-11-16,241.368027
2020-11-17,252.353943
2020-11-18,255.287079
2020-11-19,247.124817
2020-11-20,246.268433
2020-11-21,258.854889
2020-11-22,301.924805
2020-11-23,286.9935
2020-11-24,323.013367
2020-11-25,345.612457
2020-11-26,312.639465
2020-11-27,270.585052
2020-11-28,264.989258
2020-11-29,275.578888
2020-11-30,283.921997
2020-12-01,316.477203
2020-12-02,288.166443
2020-12-03,294.274323
2020-12-04,292.294128
2020-12-05,280.668121
2020-12-06,289.317963
2020-12-07,286.339539
2020-12-08,283.910126
2020-12-09,267.539429
2020-12-10,268.697174
2020-12-11,265.998627
2020-12-12,259.307495
2020-12-13,267.728668
2020-12-14,275.378021
2020-12-15,276.566101
2020-12-16,288.432556
2020-12-17,311.446442
2020-12-18,310.344269
2020-12-19,312.778564
2020-12-20,318.233826
2020-12-21,348.319824
2020-12-22,314.394928
2020-12-23,323.771881
2020-12-24,274.238739
2020-12-25,296.29245
2020-12-26,318.384003
2020-12-27,322.857727
2020-12-28,338.306976
2020-12-29,362.0867
2020-12-30,353.110199
2020-12-31,358.768494
2021-01-01,342.979767
2021-01-02,342.026672
2021-01-03,354.650909
2021-01-04,422.066254
2021-01-05,407.964508
2021-01-06,419.81134
2021-01-07,454.471313
2021-01-08,449.59491
2021-01-09,440.986084
2021-01-10,574.373352
2021-01-11,603.727051
2021-01-12,479.279297
2021-01-13,450.38739
2021-01-14,495.806183
2021-01-15,526.475647
2021-01-16,492.502258
2021-01-17,490.96817
2021-01-18,478.810852
2021-01-19,510.401733
2021-01-20,510.813751
2021-01-21,499.28244
2021-01-22,419.467041
2021-01-23,441.274231
2021-01-24,431.463318
2021-01-25,440.045929
2021-01-26,433.728973
2021-01-27,428.025513
2021-01-28,378.050507
2021-01-29,414.437866
2021-01-30,407.46463
2021-01-31,415.046692
2021-02-01,399.760071
2021-02-02,414.032654
2021-02-03,430.150452
2021-02-04,444.897766
2021-02-05,420.795074
2021-02-06,446.500702
2021-02-07,457.593933
2021-02-08,445.078278
2021-02-09,483.685089
2021-02-10,513.44696
2021-02-11,494.867004
2021-02-12,529.597412
2021-02-13,577.552979
2021-02-14,663.949036
2021-02-15,723.892456
2021-02-16,712.140991
2021-02-17,707.302734
2021-02-18,716.664734
2021-02-19,706.00592
2021-02-20,720.705933
2021-02-21,681.869995
2021-02-22,707.528137
2021-02-23,630.236389
2021-02-24,513.56012
2021-02-25,527.034119
2021-02-26,497.307465
2021-02-27,484.582489
2021-02-28,483.719208
2021-03-01,459.955872
2021-03-02,500.843262
2021-03-03,517.037048
2021-03-04,523.490234
2021-03-05,506.815765
2021-03-06,498.913574
2021-03-07,501.228821
2021-03-08,516.181824
2021-03-09,529.013489
2021-03-10,545.029968
2021-03-11,546.696777
2021-03-12,549.815857
2021-03-13,539.244446
2021-03-14,596.080139
2021-03-15,557.575439
2021-03-16,523.894775
2021-03-17,528.192017
2021-03-18,540.874268
2021-03-19,529.705139
2021-03-20,535.08197
2021-03-21,539.122009
2021-03-22,526.603027
2021-03-23,513.407776
2021-03-24,516.173401
2021-03-25,480.024231
2021-03-26,478.210693
2021-03-27,509.01767
2021-03-28,503.65918
2021-03-29,500.934296
2021-03-30,520.620361
2021-03-31,527.765747
2021-04-01,543.257202
2021-04-02,561.59021
2021-04-03,585.656128
2021-04-04,536.573792
2021-04-05,566.640259
2021-04-06,649.078857
2021-04-07,667.35675
2021-04-08,619.054016
2021-04-09,647.592468
2021-04-10,635.457703
2021-04-11,676.878418
2021-04-12,694.905334
2021-04-13,674.618103
2021-04-14,746.972778
2021-04-15,816.70166
2021-04-16,866.651306
2021-04-17,1107.841919
2021-04-18,1003.963684
2021-04-19,971.877686
2021-04-20,891.274719
2021-04-21,942.348938
2021-04-22,910.754211
2021-04-23,854.874329
2021-04-24,840.376709
2021-04-25,770.97998
2021-04-26,759.281006
2021-04-27,849.847778
2021-04-28,889.720703
2021-04-29,910.48407
2021-04-30,880.779602
2021-05-01,995.359436
2021-05-02,1004.172729
2021-05-03,974.300842
2021-05-04,1016.984314
2021-05-05,951.869385
2021-05-06,1454.490356
2021-05-07,1509.110962
2021-05-08,1342.436768
2021-05-09,1398.551636
2021-05-10,1427.767944
2021-05-11,1321.57605
2021-05-12,1549.232056
2021-05-13,1237.958008
2021-05-14,1255.05835
2021-05-15,1298.560425
2021-05-16,1171.168213
2021-05-17,1166.761108
2021-05-18,1068.748901
2021-05-19,1093.3573
2021-05-20,698.481689
2021-05-21,819.837158
2021-05-22,689.670776
2021-05-23,631.414612
2021-05-24,554.344055
2021-05-25,752.503418
2021-05-26,720.520813
2021-05-27,764.836365
2021-05-28,749.49176
2021-05-29,689.553406
2021-05-30,651.909851
2021-05-31,662.733826
2021-06-01,703.401855
2021-06-02,691.18103
2021-06-03,698.243652
2021-06-04,719.245605
2021-06-05,671.631226
2021-06-06,649.761841
2021-06-07,656.870972
2021-06-08,596.839417
2021-06-09,596.09021
2021-06-10,633.947144
2021-06-11,602.611633
2021-06-12,578.750305
2021-06-13,580.489624
2021-06-14,613.849426
2021-06-15,637.448914
2021-06-16,628.063171
2021-06-17,593.291138
2021-06-18,599.703552
2021-06-19,563.976379
2021-06-20,553.901917
2021-06-21,556.513123
2021-06-22,455.737396
2021-06-23,444.243347
2021-06-24,473.377472
2021-06-25,487.115601
2021-06-26,450.744568
2021-06-27,459.337433
2021-06-28,477.548187
2021-06-29,501.242767
2021-06-30,523.69812
2021-07-01,526.420227
2021-07-02,496.732788
2021-07-03,496.156158
2021-07-04,505.223785
2021-07-05,526.767578
2021-07-06,504.818329
2021-07-07,511.526672
2021-07-08,509.715057
2021-07-09,490.351379
2021-07-10,504.268341
2021-07-11,497.21933
2021-07-12,498.379761
2021-07-13,480.567383
2021-07-14,465.613281
2021-07-15,467.758942
2021-07-16,455.222443
2021-07-17,439.214966
2021-07-18,437.084808
2021-07-19,439.108551
2021-07-20,415.88678
2021-07-21,399.277161
2021-07-22,430.947815
2021-07-23,442.96991
2021-07-24,455.61731
2021-07-25,460.07785
2021-07-26,456.148438
2021-07-27,482.184601
2021-07-28,502.956848
2021-07-29,511.289032
2021-07-30,538.491821
2021-07-31,552.595398
2021-08-01,546.72406
2021-08-02,526.871399
2021-08-03,543.649048
2021-08-04,537.426086
2021-08-05,545.665771
2021-08-06,548.542419
2021-08-07,557.094788
2021-08-08,583.760681
2021-08-09,556.173279
2021-08-10,592.031555
2021-08-11,592.408386
2021-08-12,621.047791
2021-08-13,606.10614
2021-08-14,654.299011
2021-08-15,691.156006
2021-08-16,703.246704
2021-08-17,673.810242
2021-08-18,638.646484
2021-08-19,633.218933
2021-08-20,658.789429
2021-08-21,693.825073
2021-08-22,676.214294
2021-08-23,672.672363
2021-08-24,678.652283
2021-08-25,637.760315
2021-08-26,650.596802
2021-08-27,607.429932
2021-08-28,635.486328
2021-08-29,647.433777
2021-08-30,660.060242
2021-08-31,631.850769
2021-09-01,637.149841
2021-09-02,656.867798
2021-09-03,664.770691
2021-09-04,712.675598
2021-09-05,709.182251
2021-09-06,764.660767
2021-09-07,784.226807
2021-09-08,672.539673
2021-09-09,659.660034
2021-09-10,661.139099
2021-09-11,629.446655
2021-09-12,635.821106
2021-09-13,647.329102
2021-09-14,615.187805
2021-09-15,640.016113
2021-09-16,652.216187
2021-09-17,639.630676
2021-09-18,620.546875
2021-09-19,630.304443
2021-09-20,609.237549
2021-09-21,542.614014
2021-09-22,503.821899
2021-09-23,547.565735
2021-09-24,552.421509
2021-09-25,513.737427
2021-09-26,517.896729
2021-09-27,503.929535
2021-09-28,488.828003
2021-09-29,474.833313
2021-09-30,485.282013
2021-10-01,502.852081
2021-10-02,543.639587
2021-10-03,552.532898
2021-10-04,571.042603
2021-10-05,551.022949
2021-10-06,594.712524
2021-10-07,617.445618
2021-10-08,611.393188
2021-10-09,595.988342
2021-10-10,614.89447
2021-10-11,586.133911
2021-10-12,602.100464
2021-10-13,587.73761
2021-10-14,593.701538
2021-10-15,598.71991
2021-10-16,625.414612
2021-10-17,625.262817
2021-10-18,612.854492
2021-10-19,611.52179
2021-10-20,618.877136
2021-10-21,644.688416
2021-10-22,623.472046
2021-10-23,623.600586
2021-10-24,629.59436
2021-10-25,617.665649
2021-10-26,621.535217
2021-10-27,611.921631
2021-10-28,549.145081
2021-10-29,579.074341
2021-10-30,593.871277
2021-10-31,584.879333
2021-11-01,596.664917
2021-11-02,587.283813
2021-11-03,598.709534
2021-11-04,611.417786
2021-11-05,596.415283
2021-11-06,598.854492
2021-11-07,588.746155
2021-11-08,601.43512
2021-11-09,638.924072
2021-11-10,717.283264
2021-11-11,665.573486
2021-11-12,676.933411
2021-11-13,668.636963
2021-11-14,666.46228
2021-11-15,679.358398
2021-11-16,666.687439
2021-11-17,599.13855
2021-11-18,595.900696
2021-11-19,554.631165
2021-11-20,575.463013
2021-11-21,584.672852
2021-11-22,575.556519
2021-11-23,557.57489
2021-11-24,571.351379
2021-11-25,618.960999
2021-11-26,617.155884
2021-11-27,556.604675
2021-11-28,563.370972
2021-11-29,568.920349
2021-11-30,575.651184
2021-12-01,569.954773
2021-12-02,571.033203
2021-12-03,562.035828
2021-12-04,533.383179
2021-12-05,473.473907
2021-12-06,453.645905
2021-12-07,476.117645
2021-12-08,474.897644
2021-12-09,480.068268
2021-12-10,449.528961
2021-12-11,439.355499
2021-12-12,459.319305
2021-12-13,458.772278
2021-12-14,421.833618
2021-12-15,437.14389
2021-12-16,447.714752
2021-12-17,438.593964
2021-12-18,425.845459
2021-12-19,436.016174
2021-12-20,433.037048
2021-12-21,430.345673
2021-12-22,438.415436
2021-12-23,438.377899
2021-12-24,455.471375
2021-12-25,451.653503
2021-12-26,456.439453
2021-12-27,452.184479
2021-12-28,465.314056
2021-12-29,439.478943
2021-12-30,430.105988
2021-12-31,431.56781
2022-01-01,430.698975
2022-01-02,444.422424
2022-01-03,447.81778
2022-01-04,434.979279
2022-01-05,427.531342
2022-01-06,401.528931
2022-01-07,400.596405
2022-01-08,386.054779
2022-01-09,374.261353
2022-01-10,377.110443
2022-01-11,364.064697
2022-01-12,369.857758
2022-01-13,383.908844
2022-01-14,377.608093
2022-01-15,386.18988
2022-01-16,391.143616
2022-01-17,388.723999
2022-01-18,381.08548
2022-01-19,382.057556
2022-01-20,370.503204
2022-01-21,358.221405
2022-01-22,315.2901
2022-01-23,291.51532
2022-01-24,301.855377
2022-01-25,292.208984
2022-01-26,292.197296
2022-01-27,289.85672
2022-01-28,289.467102
2022-01-29,296.794006
2022-01-30,298.923065
2022-01-31,290.509033
2022-02-01,285.513885
2022-02-02,288.163055
2022-02-03,278.53418
2022-02-04,279.951385
2022-02-05,306.005371
2022-02-06,320.839508
2022-02-07,325.007324
2022-02-08,342.868286
2022-02-09,336.090912
2022-02-10,345.85379
2022-02-11,341.80838
2022-02-12,320.558289
2022-02-13,329.229034
2022-02-14,334.707886
2022-02-15,331.302948
2022-02-16,343.134613
2022-02-17,335.245514
2022-02-18,312.895874
2022-02-19,310.959167
2022-02-20,312.025146
2022-02-21,303.114563
2022-02-22,284.299805
2022-02-23,293.67157
2022-02-24,289.247253
2022-02-25,300.815948
2022-02-26,308.454041
2022-02-27,314.509857
2022-02-28,304.102844
2022-03-01,337.147339
2022-03-02,328.241882
2022-03-03,320.406403
2022-03-04,315.176056
2022-03-05,290.003998
2022-03-06,294.016083
2022-03-07,283.103668
2022-03-08,274.906799
2022-03-09,284.401611
2022-03-10,308.271851
2022-03-11,289.903564
2022-03-12,288.199188
2022-03-13,291.112915
2022-03-14,280.39389
2022-03-15,289.527588
2022-03-16,289.685913
2022-03-17,299.714996
2022-03-18,296.434692
2022-03-19,305.827667
2022-03-20,327.637634
2022-03-21,326.939575
2022-03-22,335.196838
2022-03-23,376.737854
2022-03-24,364.206818
2022-03-25,366.119873
2022-03-26,364.737427
2022-03-27,361.912964
2022-03-28,376.537292
2022-03-29,368.002167
2022-03-30,373.496613
2022-03-31,379.618286
2022-04-01,384.133057
2022-04-02,376.918396
2022-04-03,373.200592
2022-04-04,378.732117
2022-04-05,375.876007
2022-04-06,366.118134
2022-04-07,331.13913
2022-04-08,336.73941
2022-04-09,323.451508
2022-04-10,326.073486
2022-04-11,320.96814
2022-04-12,294.84259
2022-04-13,304.578552
2022-04-14,341.919464
2022-04-15,337.54776
2022-04-16,340.618622
2022-04-17,343.159027
2022-04-18,328.715424
2022-04-19,340.016907
2022-04-20,340.367065
2022-04-21,330.744507
2022-04-22,315.920685
2022-04-23,320.956757
2022-04-24,313.4375
2022-04-25,308.161346
2022-04-26,314.718018
2022-04-27,295.927063
2022-04-28,307.303284
2022-04-29,306.73645
2022-04-30,294.682098
2022-05-01,278.587616
2022-05-02,284.389374
2022-05-03,285.10556
2022-05-04,279.476166
2022-05-05,299.773834
2022-05-06,277.272675
2022-05-07,274.95816
2022-05-08,268.690216
2022-05-09,261.779877
2022-05-10,221.721115
2022-05-11,231.810196
2022-05-12,194.386139
2022-05-13,194.093185
2022-05-14,202.275604
2022-05-15,211.086578
2022-05-16,214.52536
2022-05-17,197.294601
2022-05-18,206.673813
2022-05-19,188.009857
2022-05-20,196.469391
2022-05-21,190.876373
2022-05-22,192.269669
2022-05-23,198.84584
2022-05-24,191.727158
2022-05-25,195.770493
2022-05-26,190.607422
2022-05-27,180.820053
2022-05-28,176.135223
2022-05-29,178.984665
2022-05-30,185.286957
2022-05-31,196.79187
2022-06-01,203.716721
2022-06-02,186.330307
2022-06-03,189.011459
2022-06-04,183.289032
2022-06-05,188.643417
2022-06-06,179.99588
2022-06-07,185.788208
2022-06-08,182.370972
2022-06-09,177.032318
2022-06-10,175.604492
2022-06-11,167.900635
2022-06-12,157.011566
2022-06-13,147.034744
2022-06-14,126.725533
2022-06-15,126.277695
2022-06-16,127.547256
2022-06-17,109.371033
2022-06-18,120.940422
2022-06-19,116.483971
2022-06-20,120.188744
2022-06-21,118.96553
2022-06-22,118.938591
2022-06-23,113.309319
2022-06-24,116.156395
2022-06-25,114.574844
2022-06-26,115.255623
2022-06-27,113.101257
2022-06-28,111.424873
2022-06-29,103.17366
2022-06-30,104.416237
2022-07-01,102.814545
2022-07-02,101.444206
2022-07-03,106.455315
2022-07-04,105.582855
2022-07-05,108.121643
2022-07-06,104.325188
2022-07-07,106.162277
2022-07-08,111.659058
2022-07-09,108.979729
2022-07-10,111.556114
2022-07-11,107.029533
2022-07-12,99.310303
2022-07-13,97.529556
2022-07-14,102.322052
2022-07-15,103.005783
2022-07-16,106.067245
2022-07-17,109.605682
2022-07-18,110.640999
2022-07-19,121.584938
2022-07-20,128.451065
2022-07-21,121.816505
2022-07-22,122.987877
2022-07-23,123.453003
2022-07-24,122.695709
2022-07-25,132.296585
2022-07-26,119.275223
2022-07-27,118.6493
2022-07-28,127.105583
2022-07-29,155.321228
2022-07-30,152.303299
2022-07-31,145.051407
2022-08-01,139.968201
2022-08-02,138.183578
2022-08-03,134.061371
2022-08-04,134.473831
2022-08-05,134.615967
2022-08-06,141.262512
2022-08-07,141.795395
2022-08-08,141.373978
2022-08-09,143.526535
2022-08-10,134.7444
2022-08-11,142.079865
2022-08-12,142.951324
2022-08-13,143.099182
2022-08-14,144.329071
2022-08-15,139.619583
2022-08-16,137.486649
2022-08-17,136.556625
2022-08-18,133.753204
2022-08-19,129.277054
2022-08-20,114.597221
2022-08-21,114.670219
2022-08-22,119.303825
2022-08-23,122.844421
2022-08-24,133.481201
2022-08-25,131.202454
2022-08-26,130.667297
2022-08-27,116.294624
2022-08-28,115.359169
2022-08-29,113.406166
2022-08-30,119.630592
2022-08-31,114.668755
2022-09-01,115.343033
2022-09-02,116.709328
2022-09-03,116.373123
2022-09-04,117.711906
2022-09-05,118.128571
2022-09-06,125.688896
2022-09-07,112.434669
2022-09-08,118.64782
2022-09-09,127.104408
2022-09-10,132.726791
2022-09-11,132.795074
2022-09-12,130.253525
2022-09-13,128.769043
2022-09-14,117.581619
2022-09-15,120.228508
2022-09-16,117.844307
2022-09-17,119.567337
2022-09-18,122.230721
2022-09-19,111.866493
2022-09-20,112.243385
2022-09-21,112.882301
2022-09-22,109.511848
2022-09-23,116.535934
2022-09-24,120.059212
2022-09-25,117.922562
2022-09-26,113.495155
2022-09-27,116.210472
2022-09-28,114.379662
2022-09-29,114.25148
2022-09-30,116.745178
2022-10-01,120.022171
2022-10-02,117.171776
2022-10-03,114.411003
2022-10-04,116.25692
2022-10-05,121.242447
2022-10-06,122.227798
2022-10-07,118.438759
2022-10-08,116.787598
2022-10-09,116.962517
2022-10-10,117.232605
2022-10-11,111.71949
2022-10-12,111.118286
2022-10-13,111.895462
2022-10-14,108.968941
2022-10-15,107.541916
2022-10-16,108.069992
2022-10-17,110.327301
2022-10-18,110.574028
2022-10-19,108.727646
2022-10-20,106.138924
2022-10-21,106.392159
2022-10-22,107.0149
2022-10-23,108.701988
2022-10-24,110.887283
2022-10-25,107.931015
2022-10-26,112.773804
2022-10-27,114.590523
2022-10-28,112.554741
2022-10-29,115.565643
2022-10-30,118.457985
2022-10-31,116.270515
2022-11-01,115.111443
2022-11-02,115.000465
2022-11-03,113.52195
2022-11-04,115.731277
2022-11-05,124.031082
2022-11-06,123.747147
2022-11-07,116.69001
2022-11-08,117.705238
2022-11-09,103.179245
2022-11-10,89.36911
2022-11-11,102.819229
2022-11-12,102.748688
2022-11-13,102.318146
2022-11-14,99.624443
2022-11-15,103.637512
2022-11-16,103.838936
2022-11-17,104.471832
2022-11-18,103.75898
2022-11-19,104.720367
2022-11-20,104.829834
2022-11-21,104.897545
2022-11-22,103.230873
2022-11-23,108.974434
2022-11-24,114.897156
2022-11-25,115.907028
2022-11-26,113.814308
2022-11-27,112.442757
2022-11-28,111.225723
2022-11-29,110.076294
2022-11-30,111.122398
2022-12-01,113.390457
2022-12-02,110.311172
2022-12-03,111.95266
2022-12-04,109.879631
2022-12-05,111.151619
2022-12-06,110.400902
2022-12-07,112.020805
2022-12-08,109.203049
2022-12-09,111.841789
2022-12-10,109.759483
2022-12-11,109.08783
2022-12-12,106.331398
2022-12-13,106.262695
2022-12-14,110.035103
2022-12-15,109.087715
2022-12-16,107.25457
2022-12-17,100.185165
2022-12-18,103.090652
2022-12-19,102.096031
2022-12-20,98.567757
2022-12-21,101.779037
2022-12-22,100.348633
2022-12-23,101.36235
2022-12-24,101.953743
2022-12-25,101.808769
2022-12-26,101.354477
2022-12-27,103.382568
2022-12-28,101.702866
2022-12-29,99.168228
2022-12-30,98.40699
2022-12-31,96.649406
2023-01-01,97.074486
2023-01-02,96.952942
2023-01-03,99.301437
2023-01-04,99.648148
2023-01-05,101.487122
2023-01-06,101.084061
2023-01-07,101.624496
2023-01-08,101.508499
2023-01-09,103.442383
2023-01-10,107.096153
2023-01-11,107.454773
2023-01-12,110.870285
2023-01-13,119.711639
2023-01-14,124.34816
2023-01-15,125.944046
2023-01-16,124.905968
2023-01-17,123.960533
2023-01-18,122.807831
2023-01-19,119.081833
2023-01-20,121.661545
2023-01-21,127.92733
2023-01-22,128.220566
2023-01-23,128.627304
2023-01-24,133.371719
2023-01-25,128.316711
2023-01-26,131.86412
2023-01-27,134.014633
2023-01-28,134.923828
2023-01-29,132.630173
2023-01-30,136.716431
2023-01-31,130.909561
2023-02-01,133.371216
2023-02-02,136.283325
2023-02-03,136.644669
2023-02-04,137.885864
2023-02-05,138.273132
2023-02-06,134.454178
2023-02-07,131.597733
2023-02-08,135.957031
2023-02-09,131.513794
2023-02-10,126.433037
2023-02-11,124.692848
2023-02-12,124.767845
2023-02-13,122.890678
2023-02-14,123.865326
2023-02-15,126.718216
2023-02-16,134.565918
2023-02-17,128.028152
2023-02-18,133.470749
2023-02-19,136.165253
2023-02-20,136.017044
2023-02-21,144.63736
2023-02-22,145.226837
2023-02-23,141.886688
2023-02-24,138.90097
2023-02-25,132.826187
2023-02-26,133.220581
2023-02-27,136.25705
2023-02-28,135.138321
2023-03-01,131.942383
2023-03-02,134.232864
2023-03-03,131.736099
2023-03-04,126.109146
2023-03-05,124.400215
2023-03-06,124.041702
2023-03-07,124.189415
2023-03-08,122.158508
2023-03-09,116.593239
2023-03-10,110.162971
2023-03-11,111.689857
2023-03-12,114.302071
2023-03-13,121.010788
2023-03-14,127.029556
2023-03-15,131.399551
2023-03-16,123.522118
2023-03-17,126.143036
2023-03-18,135.59964
2023-03-19,131.291855
2023-03-20,136.109055
2023-03-21,130.61467
2023-03-22,134.456604
2023-03-23,126.233963
2023-03-24,128.809692
2023-03-25,123.905167
2023-03-26,125.146309
2023-03-27,124.881691
2023-03-28,120.276718
2023-03-29,121.057861
2023-03-30,123.300995
2023-03-31,121.130585
2023-04-01,123.996658
2023-04-02,126.273651
2023-04-03,123.032547
2023-04-04,127.823563
2023-04-05,127.139107
2023-04-06,127.267906
2023-04-07,126.052299
2023-04-08,124.661118
2023-04-09,123.832344
2023-04-10,125.544258
2023-04-11,127.993172
2023-04-12,129.144806
2023-04-13,128.846466
2023-04-14,131.23465
2023-04-15,132.498001
2023-04-16,132.796783
2023-04-17,134.459579
2023-04-18,131.622681
2023-04-19,133.587738
2023-04-20,125.082436
2023-04-21,123.112221
2023-04-22,119.776802
2023-04-23,122.226715
2023-04-24,119.93232
2023-04-25,119.32412
2023-04-26,120.196854
2023-04-27,117.639626
2023-04-28,117.196747
2023-04-29,118.134956
2023-04-30,119.750877
2023-05-01,118.201019
2023-05-02,116.976219
2023-05-03,119.242889
2023-05-04,120.190178
2023-05-05,117.412125
2023-05-06,120.186386
2023-05-07,117.193352
2023-05-08,116.374969
2023-05-09,111.397156
2023-05-10,121.982384
2023-05-11,116.03923
2023-05-12,113.507446
2023-05-13,114.976219
2023-05-14,113.109016
2023-05-15,115.342056
2023-05-16,116.281197
2023-05-17,116.856537
2023-05-18,118.011131
2023-05-19,115.421043
2023-05-20,115.520264
2023-05-21,116.541237
2023-05-22,114.655487
2023-05-23,114.776985
2023-05-24,115.652267
2023-05-25,112.180962
2023-05-26,111.940773
2023-05-27,113.268646
2023-05-28,113.956917
2023-05-29,116.534676
2023-05-30,114.986732
2023-05-31,114.128792
2023-06-01,113.264175
2023-06-02,113.36264
2023-06-03,114.833755
2023-06-04,114.922951
2023-06-05,115.730919
2023-06-06,108.796677
2023-06-07,114.787865
2023-06-08,111.17952
2023-06-09,111.779015
2023-06-10,110.779823
2023-06-11,103.618195
2023-06-12,102.822533
2023-06-13,102.731483
2023-06-14,105.273209
2023-06-15,101.795403
2023-06-16,104.719185
2023-06-17,108.065727
2023-06-18,106.685921
2023-06-19,107.04409
2023-06-20,106.7108
2023-06-21,109.892365
2023-06-22,135.987183
2023-06-23,133.960114
2023-06-24,181.771805
2023-06-25,213.628662
2023-06-26,195.314514
2023-06-27,223.496399
2023-06-28,230.125229
2023-06-29,225.363861
2023-06-30,253.452682
2023-07-01,305.00531
2023-07-02,290.807648
2023-07-03,298.804169
2023-07-04,289.14444
2023-07-05,272.49115
2023-07-06,271.886566
2023-07-07,277.353668
2023-07-08,278.389099
2023-07-09,271.926331
2023-07-10,265.567841
2023-07-11,274.597046
2023-07-12,274.029999
2023-07-13,282.494263
2023-07-14,274.288757
2023-07-15,264.360291
2023-07-16,253.381882
2023-07-17,249.938354
2023-07-18,242.365723
2023-07-19,244.323212
2023-07-20,244.354279
2023-07-21,244.061157
2023-07-22,246.222076
2023-07-23,239.280502
2023-07-24,249.644943
2023-07-25,238.617767
2023-07-26,237.518936
2023-07-27,241.868164
2023-07-28,244.700272
2023-07-29,241.714554
2023-07-30,242.055832
2023-07-31,252.836945
2023-08-01,248.185959
2023-08-02,244.754608
2023-08-03,228.97879
2023-08-04,225.392334
2023-08-05,227.17276
2023-08-06,226.710449
2023-08-07,222.561142
2023-08-08,237.729095
2023-08-09,239.442856
2023-08-10,238.332947
2023-08-11,232.003479
2023-08-12,228.995483
2023-08-13,228.578461
2023-08-14,228.344147
2023-08-15,230.124924
2023-08-16,228.555847
2023-08-17,207.946442
2023-08-18,184.420227
2023-08-19,187.294144
2023-08-20,186.967377
2023-08-21,188.90274
2023-08-22,186.055038
2023-08-23,184.743225
2023-08-24,193.672134
2023-08-25,194.443619
2023-08-26,192.05159
2023-08-27,190.148621
2023-08-28,198.006149
2023-08-29,190.416275
2023-08-30,224.327423
2023-08-31,215.950638
2023-09-01,207.492371
2023-09-02,199.6371
2023-09-03,195.147171
2023-09-04,196.287888
2023-09-05,193.558105
2023-09-06,192.035004
2023-09-07,193.059891
2023-09-08,193.361908
2023-09-09,193.105591
2023-09-10,193.112442
2023-09-11,190.574371
2023-09-12,183.913727
2023-09-13,198.818222
2023-09-14,199.876175
2023-09-15,207.89563
2023-09-16,217.22995
2023-09-17,215.14592
2023-09-18,209.815399
2023-09-19,217.434723
2023-09-20,219.092133
2023-09-21,215.493134
2023-09-22,208.655869
2023-09-23,207.829346
2023-09-24,208.166382
2023-09-25,204.759842
2023-09-26,210.312775
2023-09-27,214.243896
2023-09-28,228.85025
2023-09-29,239.141983
2023-09-30,235.295258
2023-10-01,234.329056
2023-10-02,242.182205
2023-10-03,246.602219
2023-10-04,230.091797
2023-10-05,233.387558
2023-10-06,231.297333
2023-10-07,230.996155
2023-10-08,230.325287
2023-10-09,228.082703
2023-10-10,218.438843
2023-10-11,212.493118
2023-10-12,214.026199
2023-10-13,213.976791
2023-10-14,217.252396
2023-10-15,214.639786
2023-10-16,215.167542
2023-10-17,231.411591
2023-10-18,226.792847
2023-10-19,227.126007
2023-10-20,227.466904
2023-10-21,240.604416
2023-10-22,243.685944
2023-10-23,243.532516
2023-10-24,260.604919
2023-10-25,251.676483
2023-10-26,254.086731
2023-10-27,247.455658
2023-10-28,239.435074
2023-10-29,244.95723
2023-10-30,246.311584
2023-10-31,246.083817
2023-11-01,244.877289
2023-11-02,245.068146
2023-11-03,235.521652
2023-11-04,237.71817
2023-11-05,240.336823
2023-11-06,238.229462
2023-11-07,242.876343
2023-11-08,244.012573
2023-11-09,245.677826
2023-11-10,239.7845
2023-11-11,239.930191
2023-11-12,236.49968
2023-11-13,236.533829
2023-11-14,234.693405
2023-11-15,231.655518
2023-11-16,238.081253
2023-11-17,234.142136
2023-11-18,229.267776
2023-11-19,227.479767
2023-11-20,230.472122
2023-11-21,226.519485
2023-11-22,217.102921
2023-11-23,224.061432
2023-11-24,225.283096
2023-11-25,226.503555
2023-11-26,227.532669
2023-11-27,226.901581
2023-11-28,223.389755
2023-11-29,223.455414
2023-11-30,223.294434
2023-12-01,221.574554
2023-12-02,225.215607
2023-12-03,228.190445
2023-12-04,230.074646
2023-12-05,251.342606
2023-12-06,251.397675
2023-12-07,244.570572
2023-12-08,246.98558
2023-12-09,253.602905
2023-12-10,252.761108
2023-12-11,250.957092
2023-12-12,230.482925
2023-12-13,232.040222
2023-12-14,235.45224
2023-12-15,237.321869
2023-12-16,226.954758
2023-12-17,229.613602
2023-12-18,225.926163
2023-12-19,227.939728
2023-12-20,225.184479
2023-12-21,229.557053
2023-12-22,233.170578
2023-12-23,238.724884
2023-12-24,233.231247
2023-12-25,229.208633
2023-12-26,234.986633
2023-12-27,229.173019
2023-12-28,264.105957
2023-12-29,262.453003
2023-12-30,254.49791
2023-12-31,271.072174
2024-01-01,259.401062
2024-01-02,266.679779
2024-01-03,256.980469
2024-01-04,233.972961
2024-01-05,239.56575
2024-01-06,239.575516
2024-01-07,236.084625
2024-01-08,232.19165
2024-01-09,253.929749
2024-01-10,245.135132
2024-01-11,254.296906
2024-01-12,276.560059
2024-01-13,259.458618
2024-01-14,254.237259
2024-01-15,245.967545
2024-01-16,250.376892
2024-01-17,251.155319
2024-01-18,244.053391
2024-01-19,237.428604
2024-01-20,236.4375
2024-01-21,238.905807
2024-01-22,236.960098
2024-01-23,235.01387
2024-01-24,229.542831
2024-01-25,236.361176
2024-01-26,236.759598
2024-01-27,241.97084
2024-01-28,243.797028
2024-01-29,236.887024
2024-01-30,241.297852
2024-01-31,237.394562
2024-02-01,234.249359
2024-02-02,236.617752
2024-02-03,236.215897
2024-02-04,240.628189
2024-02-05,235.237885
2024-02-06,235.441559
2024-02-07,235.197586
2024-02-08,240.503769
2024-02-09,244.50473
2024-02-10,250.313293
2024-02-11,247.734344
2024-02-12,276.684967
2024-02-13,280.851959
2024-02-14,270.773926
2024-02-15,281.228638
2024-02-16,270.664642
2024-02-17,274.812195
2024-02-18,267.411438
2024-02-19,270.438354
