Date,Ethereum_Price
2015-01-01,
2015-01-02,
2015-01-03,
2015-01-04,
2015-01-05,
2015-01-06,
2015-01-07,
2015-01-08,
2015-01-09,
2015-01-10,
2015-01-11,
2015-01-12,
2015-01-13,
2015-01-14,
2015-01-15,
2015-01-16,
2015-01-17,
2015-01-18,
2015-01-19,
2015-01-20,
2015-01-21,
2015-01-22,
2015-01-23,
2015-01-24,
2015-01-25,
2015-01-26,
2015-01-27,
2015-01-28,
2015-01-29,
2015-01-30,
2015-01-31,
2015-02-01,
2015-02-02,
2015-02-03,
2015-02-04,
2015-02-05,
2015-02-06,
2015-02-07,
2015-02-08,
2015-02-09,
2015-02-10,
2015-02-11,
2015-02-12,
2015-02-13,
2015-02-14,
2015-02-15,
2015-02-16,
2015-02-17,
2015-02-18,
2015-02-19,
2015-02-20,
2015-02-21,
2015-02-22,
2015-02-23,
2015-02-24,
2015-02-25,
2015-02-26,
2015-02-27,
2015-02-28,
2015-03-01,
2015-03-02,
2015-03-03,
2015-03-04,
2015-03-05,
2015-03-06,
2015-03-07,
2015-03-08,
2015-03-09,
2015-03-10,
2015-03-11,
2015-03-12,
2015-03-13,
2015-03-14,
2015-03-15,
2015-03-16,
2015-03-17,
2015-03-18,
2015-03-19,
2015-03-20,
2015-03-21,
2015-03-22,
2015-03-23,
2015-03-24,
2015-03-25,
2015-03-26,
2015-03-27,
2015-03-28,
2015-03-29,
2015-03-30,
2015-03-31,
2015-04-01,
2015-04-02,
2015-04-03,
2015-04-04,
2015-04-05,
2015-04-06,
2015-04-07,
2015-04-08,
2015-04-09,
2015-04-10,
2015-04-11,
2015-04-12,
2015-04-13,
2015-04-14,
2015-04-15,
2015-04-16,
2015-04-17,
2015-04-18,
2015-04-19,
2015-04-20,
2015-04-21,
2015-04-22,
2015-04-23,
2015-04-24,
2015-04-25,
2015-04-26,
2015-04-27,
2015-04-28,
2015-04-29,
2015-04-30,
2015-05-01,
2015-05-02,
2015-05-03,
2015-05-04,
2015-05-05,
2015-05-06,
2015-05-07,
2015-05-08,
2015-05-09,
2015-05-10,
2015-05-11,
2015-05-12,
2015-05-13,
2015-05-14,
2015-05-15,
2015-05-16,
2015-05-17,
2015-05-18,
2015-05-19,
2015-05-20,
2015-05-21,
2015-05-22,
2015-05-23,
2015-05-24,
2015-05-25,
2015-05-26,
2015-05-27,
2015-05-28,
2015-05-29,
2015-05-30,
2015-05-31,
2015-06-01,
2015-06-02,
2015-06-03,
2015-06-04,
2015-06-05,
2015-06-06,
2015-06-07,
2015-06-08,
2015-06-09,
2015-06-10,
2015-06-11,
2015-06-12,
2015-06-13,
2015-06-14,
2015-06-15,
2015-06-16,
2015-06-17,
2015-06-18,
2015-06-19,
2015-06-20,
2015-06-21,
2015-06-22,
2015-06-23,
2015-06-24,
2015-06-25,
2015-06-26,
2015-06-27,
2015-06-28,
2015-06-29,
2015-06-30,
2015-07-01,
2015-07-02,
2015-07-03,
2015-07-04,
2015-07-05,
2015-07-06,
2015-07-07,
2015-07-08,
2015-07-09,
2015-07-10,
2015-07-11,
2015-07-12,
2015-07-13,
2015-07-14,
2015-07-15,
2015-07-16,
2015-07-17,
2015-07-18,
2015-07-19,
2015-07-20,
2015-07-21,
2015-07-22,
2015-07-23,
2015-07-24,
2015-07-25,
2015-07-26,
2015-07-27,
2015-07-28,
2015-07-29,
2015-07-30,0
2015-07-31,0
2015-08-01,0
2015-08-02,0
2015-08-03,0
2015-08-04,0
2015-08-05,0
2015-08-06,0
2015-08-07,2.83
2015-08-08,2.79
2015-08-09,0.706136
2015-08-10,0.713989
2015-08-11,0.708087
2015-08-12,1.06
2015-08-13,1.22
2015-08-14,1.81
2015-08-15,1.8
2015-08-16,1.68
2015-08-17,1.58
2015-08-18,1.22
2015-08-19,1.17
2015-08-20,1.25
2015-08-21,1.48
2015-08-22,1.4
2015-08-23,1.38
2015-08-24,1.35
2015-08-25,1.23
2015-08-26,1.13
2015-08-27,1.17
2015-08-28,1.15
2015-08-29,1.19
2015-08-30,1.18
2015-08-31,1.32
2015-09-01,1.35
2015-09-02,1.35
2015-09-03,1.3
2015-09-04,1.26
2015-09-05,1.28
2015-09-06,1.34
2015-09-07,1.3
2015-09-08,1.25
2015-09-09,1.24
2015-09-10,1.21
2015-09-11,1.16
2015-09-12,0.987228
2015-09-13,1.04
2015-09-14,0.940566
2015-09-15,0.875189
2015-09-16,0.941977
2015-09-17,0.906865
2015-09-18,0.874574
2015-09-19,0.849603
2015-09-20,0.881191
2015-09-21,0.941496
2015-09-22,0.919337
2015-09-23,0.90356
2015-09-24,0.896796
2015-09-25,0.820031
2015-09-26,0.73763
2015-09-27,0.791277
2015-09-28,0.723715
2015-09-29,0.579414
2015-09-30,0.661192
2015-10-01,0.734307
2015-10-02,0.683732
2015-10-03,0.678783
2015-10-04,0.686343
2015-10-05,0.666784
2015-10-06,0.622218
2015-10-07,0.650515
2015-10-08,0.609501
2015-10-09,0.655084
2015-10-10,0.641187
2015-10-11,0.627461
2015-10-12,0.634515
2015-10-13,0.627943
2015-10-14,0.61224
2015-10-15,0.523278
2015-10-16,0.562593
2015-10-17,0.534117
2015-10-18,0.547913
2015-10-19,0.517621
2015-10-20,0.489629
2015-10-21,0.431589
2015-10-22,0.444988
2015-10-23,0.56637
2015-10-24,0.539681
2015-10-25,0.563207
2015-10-26,0.619743
2015-10-27,0.70889
2015-10-28,0.870938
2015-10-29,1.01
2015-10-30,1.21
2015-10-31,1.05
2015-11-01,0.920847
2015-11-02,1.06
2015-11-03,0.994568
2015-11-04,1.01
2015-11-05,0.900699
2015-11-06,0.904772
2015-11-07,0.923732
2015-11-08,0.915661
2015-11-09,1.03
2015-11-10,1
2015-11-11,0.941296
2015-11-12,0.796455
2015-11-13,0.907722
2015-11-14,0.905469
2015-11-15,0.891217
2015-11-16,0.906166
2015-11-17,0.924948
2015-11-18,0.993214
2015-11-19,0.988713
2015-11-20,0.955735
2015-11-21,0.928758
2015-11-22,0.979765
2015-11-23,0.967493
2015-11-24,0.946442
2015-11-25,0.893827
2015-11-26,0.863273
2015-11-27,0.8821
2015-11-28,0.868102
2015-11-29,0.914144
2015-11-30,0.879951
2015-12-01,0.878316
2015-12-02,0.873171
2015-12-03,0.818546
2015-12-04,0.812082
2015-12-05,0.841195
2015-12-06,0.866417
2015-12-07,0.836322
2015-12-08,0.806024
2015-12-09,0.824454
2015-12-10,0.79559
2015-12-11,0.839995
2015-12-12,0.931196
2015-12-13,0.971538
2015-12-14,0.95662
2015-12-15,0.990589
2015-12-16,1.02
2015-12-17,0.993043
2015-12-18,0.938327
2015-12-19,0.921524
2015-12-20,0.90824
2015-12-21,0.906065
2015-12-22,0.894973
2015-12-23,0.861782
2015-12-24,0.859433
2015-12-25,0.861993
2015-12-26,0.870766
2015-12-27,0.853166
2015-12-28,0.856356
2015-12-29,0.843835
2015-12-30,0.874258
2015-12-31,0.912098
2016-01-01,0.933712
2016-01-02,0.947401
2016-01-03,0.93843
2016-01-04,0.972045
2016-01-05,0.953147
2016-01-06,0.950028
2016-01-07,0.955801
2016-01-08,0.942752
2016-01-09,0.985501
2016-01-10,0.985557
2016-01-11,0.999216
2016-01-12,1.07
2016-01-13,1.14
2016-01-14,1.12
2016-01-15,1.18
2016-01-16,1.22
2016-01-17,1.22
2016-01-18,1.33
2016-01-19,1.42
2016-01-20,1.36
2016-01-21,1.53
2016-01-22,1.55
2016-01-23,1.5
2016-01-24,1.9
2016-01-25,2.15
2016-01-26,2.53
2016-01-27,2.25
2016-01-28,2.41
2016-01-29,2.54
2016-01-30,2.51
2016-01-31,2.44
2016-02-01,2.32
2016-02-02,2.22
2016-02-03,2.43
2016-02-04,2.53
2016-02-05,2.57
2016-02-06,2.53
2016-02-07,2.54
2016-02-08,2.97
2016-02-09,3.17
2016-02-10,4
2016-02-11,4.5
2016-02-12,5.95
2016-02-13,5.69
2016-02-14,5.4
2016-02-15,5.33
2016-02-16,5.33
2016-02-17,4.29
2016-02-18,3.77
2016-02-19,4.38
2016-02-20,4.68
2016-02-21,4.36
2016-02-22,4.66
2016-02-23,5.68
2016-02-24,5.6
2016-02-25,6.19
2016-02-26,6.04
2016-02-27,5.96
2016-02-28,6.41
2016-02-29,6.46
2016-03-01,6.32
2016-03-02,7.63
2016-03-03,8.44
2016-03-04,9.24
2016-03-05,10.37
2016-03-06,11.2
2016-03-07,11.43
2016-03-08,9.58
2016-03-09,9.79
2016-03-10,11.88
2016-03-11,11.22
2016-03-12,11.13
2016-03-13,13.51
2016-03-14,14.51
2016-03-15,13
2016-03-16,13.02
2016-03-17,12.56
2016-03-18,11.11
2016-03-19,11.2
2016-03-20,10.52
2016-03-21,10.3
2016-03-22,11.88
2016-03-23,11.33
2016-03-24,12.44
2016-03-25,11.26
2016-03-26,10.77
2016-03-27,10.99
2016-03-28,10.43
2016-03-29,11.75
2016-03-30,11.61
2016-03-31,11.92
2016-04-01,11.4
2016-04-02,11.63
2016-04-03,11.63
2016-04-04,11.62
2016-04-05,11.21
2016-04-06,10.45
2016-04-07,10.7
2016-04-08,10.08
2016-04-09,9.69
2016-04-10,9.15
2016-04-11,8.94
2016-04-12,8.64
2016-04-13,7.44
2016-04-14,8.08
2016-04-15,8.39
2016-04-16,8.24
2016-04-17,8.62
2016-04-18,9.33
2016-04-19,9.08
2016-04-20,8.69
2016-04-21,8.45
2016-04-22,8.15
2016-04-23,7.79
2016-04-24,8.29
2016-04-25,8.01
2016-04-26,7.53
2016-04-27,7.39
2016-04-28,7.74
2016-04-29,7.21
2016-04-30,7.45
2016-05-01,8.78
2016-05-02,8.89
2016-05-03,10.17
2016-05-04,9.38
2016-05-05,9.4
2016-05-06,9.81
2016-05-07,9.32
2016-05-08,9.37
2016-05-09,9.49
2016-05-10,9.28
2016-05-11,9.43
2016-05-12,10
2016-05-13,10.06
2016-05-14,10.51
2016-05-15,10.24
2016-05-16,9.97
2016-05-17,11.19
2016-05-18,12.18
2016-05-19,13.54
2016-05-20,14.85
2016-05-21,13.69
2016-05-22,14.04
2016-05-23,14.28
2016-05-24,13.31
2016-05-25,12.79
2016-05-26,12.52
2016-05-27,12.39
2016-05-28,11.33
2016-05-29,12.11
2016-05-30,12.33
2016-05-31,12.74
2016-06-01,14.11
2016-06-02,13.99
2016-06-03,13.74
2016-06-04,13.86
2016-06-05,13.76
2016-06-06,14
2016-06-07,13.95
2016-06-08,14.51
2016-06-09,14.43
2016-06-10,14.38
2016-06-11,13.91
2016-06-12,14.19
2016-06-13,15.77
2016-06-14,17.61
2016-06-15,18.91
2016-06-16,18.36
2016-06-17,20.65
2016-06-18,15.38
2016-06-19,11.17
2016-06-20,12.24
2016-06-21,11.82
2016-06-22,13.2
2016-06-23,13.22
2016-06-24,13.68
2016-06-25,14.3
2016-06-26,14.26
2016-06-27,13.81
2016-06-28,13.93
2016-06-29,12.17
2016-06-30,12.6
2016-07-01,12.44
2016-07-02,12.22
2016-07-03,12.12
2016-07-04,11.7
2016-07-05,11.46
2016-07-06,10.58
2016-07-07,10.54
2016-07-08,10.12
2016-07-09,11.42
2016-07-10,10.96
2016-07-11,10.94
2016-07-12,10.45
2016-07-13,10.51
2016-07-14,10.6
2016-07-15,11.5
2016-07-16,11.92
2016-07-17,11.62
2016-07-18,11.17
2016-07-19,11.05
2016-07-20,11.59
2016-07-21,12.46
2016-07-22,12.66
2016-07-23,14.67
2016-07-24,14.3
2016-07-25,12.74
2016-07-26,13.82
2016-07-27,12.05
2016-07-28,12.98
2016-07-29,12.84
2016-07-30,12.8
2016-07-31,12.44
2016-08-01,11.89
2016-08-02,10.95
2016-08-03,8.88
2016-08-04,10.31
2016-08-05,11.02
2016-08-06,10.92
2016-08-07,10.86
2016-08-08,10.91
2016-08-09,11.27
2016-08-10,12.23
2016-08-11,12.14
2016-08-12,11.69
2016-08-13,11.77
2016-08-14,11.58
2016-08-15,11.2
2016-08-16,11.23
2016-08-17,11.13
2016-08-18,10.75
2016-08-19,10.75
2016-08-20,10.75
2016-08-21,11.25
2016-08-22,11.19
2016-08-23,11.14
2016-08-24,11.02
2016-08-25,11.03
2016-08-26,11.35
2016-08-27,11.29
2016-08-28,11.15
2016-08-29,10.92
2016-08-30,10.99
2016-08-31,11.24
2016-09-01,11.67
2016-09-02,11.96
2016-09-03,12.11
2016-09-04,11.75
2016-09-05,11.68
2016-09-06,11.73
2016-09-07,11.69
2016-09-08,11.55
2016-09-09,11.41
2016-09-10,11.66
2016-09-11,12.21
2016-09-12,11.64
2016-09-13,11.89
2016-09-14,11.9
2016-09-15,11.94
2016-09-16,11.96
2016-09-17,12.56
2016-09-18,12.69
2016-09-19,12.44
2016-09-20,13.21
2016-09-21,14.43
2016-09-22,13.66
2016-09-23,13.21
2016-09-24,13.32
2016-09-25,12.85
2016-09-26,13.17
2016-09-27,12.86
2016-09-28,13.11
2016-09-29,13.28
2016-09-30,13.08
2016-10-01,13.2
2016-10-02,13.18
2016-10-03,13.2
2016-10-04,13.45
2016-10-05,13.28
2016-10-06,13.03
2016-10-07,12.85
2016-10-08,12.67
2016-10-09,12.22
2016-10-10,12.06
2016-10-11,11.76
2016-10-12,11.78
2016-10-13,11.91
2016-10-14,11.99
2016-10-15,11.94
2016-10-16,11.98
2016-10-17,11.96
2016-10-18,12
2016-10-19,12.59
2016-10-20,12.05
2016-10-21,12.13
2016-10-22,12.18
2016-10-23,12.13
2016-10-24,12.04
2016-10-25,11.97
2016-10-26,11.38
2016-10-27,11.53
2016-10-28,11.47
2016-10-29,11.1
2016-10-30,10.43
2016-10-31,11.23
2016-11-01,10.96
2016-11-02,10.77
2016-11-03,10.8
2016-11-04,10.82
2016-11-05,11.09
2016-11-06,10.99
2016-11-07,10.9
2016-11-08,10.85
2016-11-09,10.82
2016-11-10,10.67
2016-11-11,10.51
2016-11-12,10.29
2016-11-13,9.89
2016-11-14,10.1
2016-11-15,9.97
2016-11-16,10.22
2016-11-17,10.06
2016-11-18,9.99
2016-11-19,9.48
2016-11-20,9.66
2016-11-21,9.58
2016-11-22,9.63
2016-11-23,9.92
2016-11-24,9.85
2016-11-25,9.23
2016-11-26,9.42
2016-11-27,9.31
2016-11-28,9
2016-11-29,8.73
2016-11-30,8.16
2016-12-01,8.6
2016-12-02,8.46
2016-12-03,7.77
2016-12-04,7.9
2016-12-05,7.41
2016-12-06,6.8
2016-12-07,7.89
2016-12-08,8.38
2016-12-09,8.17
2016-12-10,8.44
2016-12-11,8.13
2016-12-12,8.19
2016-12-13,8.52
2016-12-14,8.45
2016-12-15,8.24
2016-12-16,7.86
2016-12-17,7.86
2016-12-18,7.86
2016-12-19,7.87
2016-12-20,7.63
2016-12-21,7.66
2016-12-22,7.9
2016-12-23,7.58
2016-12-24,7.15
2016-12-25,7.26
2016-12-26,7.13
2016-12-27,7.28
2016-12-28,7.15
2016-12-29,7.54
2016-12-30,8.29
2016-12-31,8.15
2017-01-01,7.98
2017-01-02,8.17
2017-01-03,8.37
2017-01-04,9.71
2017-01-05,11.29
2017-01-06,10.29
2017-01-07,10.24
2017-01-08,9.87
2017-01-09,10.31
2017-01-10,10.37
2017-01-11,10.54
2017-01-12,9.72
2017-01-13,9.83
2017-01-14,9.79
2017-01-15,9.83
2017-01-16,9.88
2017-01-17,9.64
2017-01-18,10.3
2017-01-19,10.24
2017-01-20,10.39
2017-01-21,10.6
2017-01-22,10.91
2017-01-23,10.71
2017-01-24,10.73
2017-01-25,10.62
2017-01-26,10.57
2017-01-27,10.58
2017-01-28,10.54
2017-01-29,10.56
2017-01-30,10.49
2017-01-31,10.56
2017-02-01,10.74
2017-02-02,10.74
2017-02-03,10.81
2017-02-04,11.13
2017-02-05,11.44
2017-02-06,11.35
2017-02-07,11.43
2017-02-08,11.54
2017-02-09,11.44
2017-02-10,11.05
2017-02-11,11.29
2017-02-12,11.35
2017-02-13,11.38
2017-02-14,11.29
2017-02-15,13.04
2017-02-16,12.92
2017-02-17,12.9
2017-02-18,12.71
2017-02-19,12.82
2017-02-20,12.77
2017-02-21,12.34
2017-02-22,12.69
2017-02-23,12.6
2017-02-24,13.13
2017-02-25,13.06
2017-02-26,13.52
2017-02-27,14.51
2017-02-28,15.45
2017-03-01,15.85
2017-03-02,17.36
2017-03-03,19.04
2017-03-04,19.52
2017-03-05,18.5
2017-03-06,19.28
2017-03-07,19.58
2017-03-08,18.88
2017-03-09,16.64
2017-03-10,17.74
2017-03-11,19.37
2017-03-12,21.46
2017-03-13,23.5
2017-03-14,28.57
2017-03-15,28.65
2017-03-16,35.36
2017-03-17,45.93
2017-03-18,46.87
2017-03-19,35.53
2017-03-20,44.83
2017-03-21,43.51
2017-03-22,43.12
2017-03-23,42.57
2017-03-24,43.64
2017-03-25,53.58
2017-03-26,50.77
2017-03-27,51.31
2017-03-28,49.71
2017-03-29,50.57
2017-03-30,53.12
2017-03-31,51.75
2017-04-01,50.03
2017-04-02,50.74
2017-04-03,48.82
2017-04-04,43.92
2017-04-05,44.66
2017-04-06,45.22
2017-04-07,42.87
2017-04-08,41.8
2017-04-09,44.28
2017-04-10,43.28
2017-04-11,43.5
2017-04-12,43.46
2017-04-13,46.31
2017-04-14,49.97
2017-04-15,47.65
2017-04-16,49.04
2017-04-17,48.66
2017-04-18,48.32
2017-04-19,50.73
2017-04-20,48.13
2017-04-21,49.64
2017-04-22,48.18
2017-04-23,48.59
2017-04-24,48.87
2017-04-25,50.07
2017-04-26,49.91
2017-04-27,52.81
2017-04-28,62.23
2017-04-29,71.39
2017-04-30,68.54
2017-05-01,79.32
2017-05-02,76.65
2017-05-03,77.25
2017-05-04,79.72
2017-05-05,96.73
2017-05-06,94.91
2017-05-07,97.87
2017-05-08,93.75
2017-05-09,91.23
2017-05-10,91.15
2017-05-11,89.77
2017-05-12,89.43
2017-05-13,88.69
2017-05-14,90.87
2017-05-15,90.78
2017-05-16,92.39
2017-05-17,89.25
2017-05-18,89.84
2017-05-19,97.05
2017-05-20,129.22
2017-05-21,127.54
2017-05-22,158.17
2017-05-23,170.82
2017-05-24,182.65
2017-05-25,189.85
2017-05-26,175.22
2017-05-27,159.82
2017-05-28,158.82
2017-05-29,170.13
2017-05-30,195.61
2017-05-31,231.58
2017-06-01,230.89
2017-06-02,222.29
2017-06-03,223.46
2017-06-04,224.12
2017-06-05,245.26
2017-06-06,248.6
2017-06-07,264.26
2017-06-08,257.99
2017-06-09,261.75
2017-06-10,282.01
2017-06-11,338.79
2017-06-12,341.16
2017-06-13,395.69
2017-06-14,397.59
2017-06-15,358.51
2017-06-16,361.18
2017-06-17,369.88
2017-06-18,379.52
2017-06-19,371.86
2017-06-20,370.33
2017-06-21,359.54
2017-06-22,337.73
2017-06-23,336.48
2017-06-24,341.63
2017-06-25,323.47
2017-06-26,302.95
2017-06-27,272.69
2017-06-28,293.04
2017-06-29,328.37
2017-06-30,303.15
2017-07-01,293.35
2017-07-02,275.12
2017-07-03,288.41
2017-07-04,282.19
2017-07-05,273.1
2017-07-06,268.86
2017-07-07,270.35
2017-07-08,245.89
2017-07-09,251.82
2017-07-10,243.01
2017-07-11,211.52
2017-07-12,197.15
2017-07-13,231.81
2017-07-14,209.53
2017-07-15,199.71
2017-07-16,169.57
2017-07-17,159.99
2017-07-18,195.03
2017-07-19,234.94
2017-07-20,205.42
2017-07-21,226.06
2017-07-22,217.86
2017-07-23,229.12
2017-07-24,226.29
2017-07-25,224.37
2017-07-26,207.09
2017-07-27,204.86
2017-07-28,204.32
2017-07-29,193.34
2017-07-30,206.74
2017-07-31,197.4
2017-08-01,204.69
2017-08-02,227.01
2017-08-03,220.18
2017-08-04,225.31
2017-08-05,222.85
2017-08-06,256.42
2017-08-07,261.24
2017-08-08,269.1
2017-08-09,297.63
2017-08-10,296.96
2017-08-11,294.49
2017-08-12,308.71
2017-08-13,310.37
2017-08-14,298.03
2017-08-15,299.95
2017-08-16,289.82
2017-08-17,302.8
2017-08-18,301.7
2017-08-19,296.18
2017-08-20,296.64
2017-08-21,300.48
2017-08-22,321.05
2017-08-23,315.27
2017-08-24,317.45
2017-08-25,326.11
2017-08-26,331.99
2017-08-27,334.36
2017-08-28,350.04
2017-08-29,347.96
2017-08-30,369.47
2017-08-31,378.44
2017-09-01,383.47
2017-09-02,387.82
2017-09-03,350.23
2017-09-04,347.13
2017-09-05,297.57
2017-09-06,313.8
2017-09-07,333.52
2017-09-08,329.64
2017-09-09,296.17
2017-09-10,294.06
2017-09-11,289.74
2017-09-12,294.63
2017-09-13,291.12
2017-09-14,276.59
2017-09-15,215.22
2017-09-16,250.87
2017-09-17,245.85
2017-09-18,252.23
2017-09-19,293.66
2017-09-20,282.02
2017-09-21,283.26
2017-09-22,258.11
2017-09-23,264.6
2017-09-24,286.21
2017-09-25,282.22
2017-09-26,292.35
2017-09-27,287.02
2017-09-28,306.47
2017-09-29,299.12
2017-09-30,291.48
2017-10-01,301.55
2017-10-02,302.48
2017-10-03,297.48
2017-10-04,292.75
2017-10-05,292.77
2017-10-06,295.15
2017-10-07,308.89
2017-10-08,311.06
2017-10-09,308.67
2017-10-10,297.6
2017-10-11,301.18
2017-10-12,303.5
2017-10-13,304.08
2017-10-14,338.85
2017-10-15,339.53
2017-10-16,336.71
2017-10-17,333.48
2017-10-18,316.94
2017-10-19,314.54
2017-10-20,308.05
2017-10-21,303.57
2017-10-22,300.55
2017-10-23,295.1
2017-10-24,287.12
2017-10-25,298.44
2017-10-26,298.02
2017-10-27,296.51
2017-10-28,297.92
2017-10-29,296.38
2017-10-30,304.78
2017-10-31,307.38
2017-11-01,305.76
2017-11-02,290.73
2017-11-03,288.5
2017-11-04,305.48
2017-11-05,300.04
2017-11-06,296.43
2017-11-07,298.57
2017-11-08,294.27
2017-11-09,308.64
2017-11-10,320.67
2017-11-11,298.59
2017-11-12,314.69
2017-11-13,307.024994
2017-11-14,316.763
2017-11-15,337.963989
2017-11-16,333.442993
2017-11-17,330.166992
2017-11-18,331.980011
2017-11-19,347.401001
2017-11-20,354.093994
2017-11-21,367.442993
2017-11-22,360.312012
2017-11-23,381.438995
2017-11-24,412.501007
2017-11-25,475.675995
2017-11-26,465.973999
2017-11-27,471.531006
2017-11-28,480.518005
2017-11-29,473.281006
2017-11-30,431.214996
2017-12-01,445.209015
2017-12-02,466.851013
2017-12-03,463.704987
2017-12-04,466.053986
2017-12-05,470.294006
2017-12-06,462.604004
2017-12-07,426.368988
2017-12-08,434.989014
2017-12-09,457.343994
2017-12-10,472.789001
2017-12-11,440.358002
2017-12-12,522.286011
2017-12-13,644.906006
2017-12-14,700.593994
2017-12-15,696.375977
2017-12-16,686.192017
2017-12-17,696.237
2017-12-18,721.731995
2017-12-19,793.901001
2017-12-20,827.515991
2017-12-21,820.236023
2017-12-22,822.643005
2017-12-23,681.315979
2017-12-24,721.768982
2017-12-25,698.869995
2017-12-26,763.369995
2017-12-27,774.969971
2017-12-28,762.208008
2017-12-29,740.388977
2017-12-30,753.815002
2017-12-31,712.211975
2018-01-01,755.757019
2018-01-02,772.346008
2018-01-03,886
2018-01-04,961.713013
2018-01-05,975.75
2018-01-06,995.153992
2018-01-07,1043.01001
2018-01-08,1158.26001
2018-01-09,1146
2018-01-10,1300.339966
2018-01-11,1268.089966
2018-01-12,1158.290039
2018-01-13,1270.469971
2018-01-14,1397.47998
2018-01-15,1365.209961
2018-01-16,1292.630005
2018-01-17,1061.339966
2018-01-18,1016.440002
2018-01-19,1028.819946
2018-01-20,1044.949951
2018-01-21,1155.680054
2018-01-22,1055.349976
2018-01-23,1004.169983
2018-01-24,987.47699
2018-01-25,1063.219971
2018-01-26,1052.699951
2018-01-27,1055.75
2018-01-28,1111.780029
2018-01-29,1246.699951
2018-01-30,1184.130005
2018-01-31,1071.089966
2018-02-01,1119.369995
2018-02-02,1035.77002
2018-02-03,919.210999
2018-02-04,964.666992
2018-02-05,834.958008
2018-02-06,707.737
2018-02-07,790.427979
2018-02-08,755.843018
2018-02-09,818.47998
2018-02-10,882.46698
2018-02-11,859.288025
2018-02-12,817.507996
2018-02-13,869.29303
2018-02-14,844.278992
2018-02-15,923.728027
2018-02-16,934.786011
2018-02-17,944.747986
2018-02-18,973.348999
2018-02-19,921.66803
2018-02-20,943.567017
2018-02-21,894.13501
2018-02-22,849.262024
2018-02-23,811.585022
2018-02-24,861.593018
2018-02-25,839.458984
2018-02-26,845.278015
2018-02-27,870.36499
2018-02-28,877.934021
2018-03-01,856.012024
2018-03-02,871.763977
2018-03-03,856.710999
2018-03-04,856.185974
2018-03-05,866.846008
2018-03-06,853.817017
2018-03-07,816.270996
2018-03-08,752.570007
2018-03-09,702.197021
2018-03-10,730.159973
2018-03-11,685.312012
2018-03-12,724.406006
2018-03-13,698.153015
2018-03-14,691.218994
2018-03-15,614.838989
2018-03-16,611.778015
2018-03-17,601.677979
2018-03-18,551.640015
2018-03-19,546.625977
2018-03-20,556.721985
2018-03-21,559.099976
2018-03-22,562.103027
2018-03-23,539.864014
2018-03-24,542.572021
2018-03-25,522.703003
2018-03-26,524.286987
2018-03-27,489.589996
2018-03-28,450.290985
2018-03-29,448.075012
2018-03-30,385.904999
2018-03-31,395.003998
2018-04-01,397.253998
2018-04-02,379.699005
2018-04-03,387.312012
2018-04-04,416.484985
2018-04-05,379.946991
2018-04-06,382.730988
2018-04-07,370.380005
2018-04-08,385.743011
2018-04-09,400.856995
2018-04-10,399.411011
2018-04-11,415.023987
2018-04-12,430.161011
2018-04-13,493.160004
2018-04-14,492.579987
2018-04-15,502.880005
2018-04-16,532.073975
2018-04-17,511.144989
2018-04-18,503.30899
2018-04-19,524.038025
2018-04-20,567.989014
2018-04-21,616.004028
2018-04-22,606.119019
2018-04-23,621.198975
2018-04-24,643.39801
2018-04-25,707.062012
2018-04-26,618.078979
2018-04-27,662.109009
2018-04-28,644.645996
2018-04-29,683.911987
2018-04-30,689.760986
2018-05-01,670.463013
2018-05-02,674.075012
2018-05-03,686.591003
2018-05-04,776.775024
2018-05-05,784.583008
2018-05-06,816.088013
2018-05-07,793.338989
2018-05-08,755.008972
2018-05-09,752.901978
2018-05-10,752.578979
2018-05-11,727.013
2018-05-12,679.877014
2018-05-13,687.174988
2018-05-14,732.732971
2018-05-15,731.143005
2018-05-16,708.086975
2018-05-17,708.718018
2018-05-18,672.10199
2018-05-19,695.072021
2018-05-20,697.922974
2018-05-21,717.192993
2018-05-22,700.177979
2018-05-23,646.669983
2018-05-24,584.536011
2018-05-25,602.140015
2018-05-26,587.426025
2018-05-27,588.52002
2018-05-28,573.044983
2018-05-29,516.14801
2018-05-30,566.830017
2018-05-31,558.497009
2018-06-01,578.671997
2018-06-02,580.429016
2018-06-03,591.258972
2018-06-04,619.437012
2018-06-05,593.406006
2018-06-06,610.262024
2018-06-07,607.687012
2018-06-08,605.442993
2018-06-09,600.905029
2018-06-10,594.344971
2018-06-11,524.856995
2018-06-12,532.710022
2018-06-13,498.018005
2018-06-14,478.381012
2018-06-15,520.47998
2018-06-16,490.414001
2018-06-17,499.459991
2018-06-18,499.382996
2018-06-19,519.02301
2018-06-20,538.505981
2018-06-21,536.447021
2018-06-22,527.19397
2018-06-23,466.273987
2018-06-24,474.768005
2018-06-25,455.936005
2018-06-26,460.733002
2018-06-27,432.243988
2018-06-28,442.290009
2018-06-29,422.587006
2018-06-30,436.209015
2018-07-01,455.242004
2018-07-02,453.824005
2018-07-03,475.385986
2018-07-04,464.151001
2018-07-05,467.286987
2018-07-06,474.356995
2018-07-07,474.057007
2018-07-08,492.067993
2018-07-09,488.877991
2018-07-10,476.161987
2018-07-11,434.515015
2018-07-12,446.502014
2018-07-13,430.740997
2018-07-14,434.510986
2018-07-15,435.882996
2018-07-16,450.424988
2018-07-17,480.076996
2018-07-18,500.838013
2018-07-19,480.627991
2018-07-20,469.307007
2018-07-21,450.678986
2018-07-22,462.437988
2018-07-23,459.438995
2018-07-24,451.135986
2018-07-25,479.906006
2018-07-26,472.330994
2018-07-27,464.009003
2018-07-28,469.678009
2018-07-29,466.915009
2018-07-30,466.826996
2018-07-31,457.244995
2018-08-01,433.868988
2018-08-02,420.806
2018-08-03,412.566986
2018-08-04,418.237
2018-08-05,407.346008
2018-08-06,410.566986
2018-08-07,406.800995
2018-08-08,379.891998
2018-08-09,356.971008
2018-08-10,365.776001
2018-08-11,334.264008
2018-08-12,320.822998
2018-08-13,320.209991
2018-08-14,286.36499
2018-08-15,280.386993
2018-08-16,282.740997
2018-08-17,287.683014
2018-08-18,316.790985
2018-08-19,295.670013
2018-08-20,301.381012
2018-08-21,273.330994
2018-08-22,281.967987
2018-08-23,271.747986
2018-08-24,278.110992
2018-08-25,283.281006
2018-08-26,279.524994
2018-08-27,275.350006
2018-08-28,286.648987
2018-08-29,296.162994
2018-08-30,289.752991
2018-08-31,284.119995
2018-09-01,283.496002
2018-09-02,295.453003
2018-09-03,295.181
2018-09-04,289.296997
2018-09-05,286.045013
2018-09-06,231.647995
2018-09-07,229.535004
2018-09-08,217.912003
2018-09-09,198.384995
2018-09-10,197.850998
2018-09-11,198.177002
2018-09-12,185.423004
2018-09-13,183.679001
2018-09-14,212.669006
2018-09-15,209.813995
2018-09-16,222.802994
2018-09-17,221.582001
2018-09-18,197.095001
2018-09-19,209.472
2018-09-20,210.287994
2018-09-21,225.251007
2018-09-22,247.337006
2018-09-23,240.992004
2018-09-24,244.843994
2018-09-25,228.326996
2018-09-26,218.647003
2018-09-27,215.440002
2018-09-28,229.041
2018-09-29,221.705002
2018-09-30,231.328995
2018-10-01,233.220001
2018-10-02,231.100006
2018-10-03,226.406998
2018-10-04,220.445999
2018-10-05,222.266998
2018-10-06,227.552002
2018-10-07,225.434998
2018-10-08,226.509003
2018-10-09,229.710007
2018-10-10,227.615005
2018-10-11,225.610001
2018-10-12,188.707001
2018-10-13,196.363998
2018-10-14,199.690994
2018-10-15,195.270004
2018-10-16,209.628006
2018-10-17,210.216995
2018-10-18,207.404007
2018-10-19,203.257004
2018-10-20,203.514999
2018-10-21,205.389999
2018-10-22,205.173996
2018-10-23,204.016006
2018-10-24,204.126999
2018-10-25,203.867996
2018-10-26,202.335999
2018-10-27,203.356003
2018-10-28,204.509995
2018-10-29,205.173996
2018-10-30,197.203003
2018-10-31,197.649002
2018-11-01,197.537003
2018-11-02,198.981995
2018-11-03,200.740005
2018-11-04,200.158005
2018-11-05,207.100006
2018-11-06,209.473999
2018-11-07,218.899002
2018-11-08,217.326996
2018-11-09,211.987
2018-11-10,209.975006
2018-11-11,212.479004
2018-11-12,211.513
2018-11-13,210.149002
2018-11-14,206.533997
2018-11-15,181.899002
2018-11-16,180.865005
2018-11-17,175.360001
2018-11-18,174.175003
2018-11-19,177.179001
2018-11-20,148.811005
2018-11-21,131.141998
2018-11-22,136.811005
2018-11-23,126.418999
2018-11-24,123.304001
2018-11-25,113.125999
2018-11-26,116.343002
2018-11-27,107.913002
2018-11-28,110.197998
2018-11-29,122.72155
2018-11-30,117.728096
2018-12-01,113.397758
2018-12-02,118.26815
2018-12-03,116.378761
2018-12-04,108.803162
2018-12-05,110.335518
2018-12-06,102.450592
2018-12-07,91.649834
2018-12-08,93.41008
2018-12-09,92.035431
2018-12-10,94.992172
2018-12-11,91.578934
2018-12-12,88.610703
2018-12-13,90.655228
2018-12-14,86.630356
2018-12-15,84.279694
2018-12-16,84.469406
2018-12-17,85.382111
2018-12-18,95.10804
2018-12-19,101.683846
2018-12-20,101.090439
2018-12-21,115.835403
2018-12-22,109.45594
2018-12-23,117.273895
2018-12-24,130.641663
2018-12-25,140.997589
2018-12-26,129.888824
2018-12-27,131.923584
2018-12-28,116.898201
2018-12-29,138.468781
2018-12-30,137.627457
2018-12-31,140.031067
2019-01-01,133.418152
2019-01-02,141.519516
2019-01-03,155.196045
2019-01-04,148.912888
2019-01-05,154.337418
2019-01-06,155.80423
2019-01-07,157.809494
2019-01-08,151.967545
2019-01-09,150.554688
2019-01-10,150.843506
2019-01-11,127.813965
2019-01-12,127.528084
2019-01-13,125.907227
2019-01-14,116.979095
2019-01-15,129.172684
2019-01-16,121.809242
2019-01-17,123.57354
2019-01-18,123.654655
2019-01-19,121.614426
2019-01-20,124.632401
2019-01-21,119.636459
2019-01-22,117.110756
2019-01-23,118.713814
2019-01-24,117.462784
2019-01-25,117.594955
2019-01-26,116.373528
2019-01-27,116.510315
2019-01-28,113.285233
2019-01-29,106.721954
2019-01-30,105.407204
2019-01-31,108.900772
2019-02-01,107.147682
2019-02-02,107.466415
2019-02-03,110.490318
2019-02-04,107.625824
2019-02-05,107.628166
2019-02-06,107.569305
2019-02-07,104.835777
2019-02-08,104.64505
2019-02-09,119.214111
2019-02-10,119.408966
2019-02-11,124.871536
2019-02-12,121.178574
2019-02-13,122.544289
2019-02-14,122.416985
2019-02-15,121.453697
2019-02-16,122.396454
2019-02-17,123.182083
2019-02-18,133.032547
2019-02-19,146.398819
2019-02-20,145.172729
2019-02-21,149.352325
2019-02-22,146.073257
2019-02-23,148.67662
2019-02-24,158.902405
2019-02-25,135.499725
2019-02-26,139.646088
2019-02-27,138.029572
2019-02-28,136.283081
2019-03-01,136.836243
2019-03-02,136.350082
2019-03-03,134.786118
2019-03-04,132.157883
2019-03-05,127.792953
2019-03-06,137.95874
2019-03-07,138.942383
2019-03-08,138.311356
2019-03-09,134.887558
2019-03-10,138.180496
2019-03-11,136.849533
2019-03-12,134.012848
2019-03-13,134.611771
2019-03-14,133.203903
2019-03-15,133.567154
2019-03-16,137.911957
2019-03-17,142.238297
2019-03-18,140.104858
2019-03-19,139.254013
2019-03-20,140.484711
2019-03-21,140.478485
2019-03-22,136.562256
2019-03-23,137.039871
2019-03-24,138.315353
2019-03-25,137.08136
2019-03-26,135.054321
2019-03-27,135.454361
2019-03-28,141.005844
2019-03-29,139.343201
2019-03-30,142.359146
2019-03-31,142.139221
2019-04-01,141.465485
2019-04-02,141.839523
2019-04-03,164.008636
2019-04-04,161.431763
2019-04-05,158.020004
2019-04-06,165.511246
2019-04-07,165.977249
2019-04-08,174.449677
2019-04-09,180.222122
2019-04-10,176.067841
2019-04-11,177.342758
2019-04-12,165.335205
2019-04-13,164.622849
2019-04-14,164.476089
2019-04-15,167.897476
2019-04-16,161.52655
2019-04-17,167.553696
2019-04-18,166.913208
2019-04-19,173.787888
2019-04-20,173.718811
2019-04-21,173.715408
2019-04-22,170.017487
2019-04-23,172.007217
2019-04-24,171.349533
2019-04-25,165.914734
2019-04-26,154.579437
2019-04-27,156.270859
2019-04-28,158.499771
2019-04-29,157.291061
2019-04-30,155.172775
2019-05-01,162.186554
2019-05-02,160.853577
2019-05-03,162.075165
2019-05-04,167.887222
2019-05-05,164.015259
2019-05-06,163.337982
2019-05-07,172.427277
2019-05-08,169.904205
2019-05-09,170.951874
2019-05-10,170.312973
2019-05-11,173.139313
2019-05-12,194.163025
2019-05-13,187.417923
2019-05-14,196.738281
2019-05-15,217.010117
2019-05-16,246.941956
2019-05-17,263.848358
2019-05-18,243.911301
2019-05-19,234.449463
2019-05-20,261.267487
2019-05-21,251.647842
2019-05-22,254.995316
2019-05-23,244.665115
2019-05-24,245.987091
2019-05-25,249.694046
2019-05-26,251.724792
2019-05-27,267.141876
2019-05-28,272.590485
2019-05-29,271.779053
2019-05-30,269.55188
2019-05-31,256.015259
2019-06-01,268.43335
2019-06-02,265.512726
2019-06-03,270.088562
2019-06-04,252.511642
2019-06-05,241.49704
2019-06-06,246.925247
2019-06-07,249.335281
2019-06-08,251.249313
2019-06-09,245.540482
2019-06-10,232.830139
2019-06-11,247.862122
2019-06-12,245.925491
2019-06-13,260.913513
2019-06-14,256.179657
2019-06-15,263.934143
2019-06-16,268.901154
2019-06-17,269.090576
2019-06-18,274.320251
2019-06-19,265.056854
2019-06-20,269.407867
2019-06-21,271.743103
2019-06-22,295.115082
2019-06-23,309.416687
2019-06-24,307.722137
2019-06-25,310.678619
2019-06-26,317.992584
2019-06-27,336.9599
2019-06-28,294.143036
2019-06-29,311.284424
2019-06-30,319.584045
2019-07-01,290.268494
2019-07-02,293.537262
2019-07-03,291.764618
2019-07-04,303.025085
2019-07-05,284.38092
2019-07-06,287.893829
2019-07-07,287.603607
2019-07-08,305.734772
2019-07-09,313.325165
2019-07-10,308.851288
2019-07-11,289.945984
2019-07-12,268.692261
2019-07-13,276.289124
2019-07-14,269.281616
2019-07-15,227.965057
2019-07-16,229.748657
2019-07-17,199.066788
2019-07-18,211.444611
2019-07-19,226.6577
2019-07-20,221.412659
2019-07-21,229.167694
2019-07-22,225.698654
2019-07-23,217.568466
2019-07-24,212.553818
2019-07-25,216.969116
2019-07-26,219.628128
2019-07-27,219.61763
2019-07-28,207.413773
2019-07-29,211.123657
2019-07-30,211.339203
2019-07-31,210.492416
2019-08-01,218.554596
2019-08-02,217.88446
2019-08-03,217.895554
2019-08-04,222.580811
2019-08-05,222.650879
2019-08-06,234.24559
2019-08-07,225.925293
2019-08-08,226.518478
2019-08-09,220.908646
2019-08-10,210.530167
2019-08-11,206.732239
2019-08-12,216.055908
2019-08-13,211.342697
2019-08-14,208.603989
2019-08-15,186.683502
2019-08-16,188.644257
2019-08-17,185.531662
2019-08-18,185.841095
2019-08-19,194.55603
2019-08-20,202.813141
2019-08-21,196.621689
2019-08-22,186.941238
2019-08-23,191.106873
2019-08-24,194.671631
2019-08-25,191.234787
2019-08-26,186.73555
2019-08-27,188.950058
2019-08-28,187.495499
2019-08-29,173.958694
2019-08-30,169.489288
2019-08-31,168.887894
2019-09-01,172.458405
2019-09-02,171.697601
2019-09-03,178.357758
2019-09-04,179.491989
2019-09-05,175.966278
2019-09-06,174.172226
2019-09-07,169.955276
2019-09-08,178.282593
2019-09-09,181.362488
2019-09-10,181.212845
2019-09-11,179.839493
2019-09-12,178.803772
2019-09-13,180.975586
2019-09-14,181.321579
2019-09-15,188.068436
2019-09-16,189.689331
2019-09-17,197.114761
2019-09-18,208.050598
2019-09-19,211.247238
2019-09-20,221.069626
2019-09-21,217.897385
2019-09-22,215.486557
2019-09-23,211.713211
2019-09-24,201.842087
2019-09-25,168.133575
2019-09-26,170.756912
2019-09-27,166.651703
2019-09-28,174.680832
2019-09-29,174.612747
2019-09-30,170.461349
2019-10-01,180.209122
2019-10-02,177.22406
2019-10-03,180.703705
2019-10-04,175.238434
2019-10-05,176.94632
2019-10-06,176.36438
2019-10-07,172.940338
2019-10-08,181.113358
2019-10-09,182.036301
2019-10-10,193.191071
2019-10-11,191.801071
2019-10-12,182.534027
2019-10-13,180.861313
2019-10-14,182.028473
2019-10-15,186.977051
2019-10-16,181.343735
2019-10-17,175.906891
2019-10-18,177.988556
2019-10-19,173.649445
2019-10-20,172.974762
2019-10-21,175.52475
2019-10-22,174.90506
2019-10-23,172.262802
2019-10-24,162.514114
2019-10-25,162.189713
2019-10-26,181.667068
2019-10-27,179.932632
2019-10-28,184.397507
2019-10-29,182.67038
2019-10-30,190.336395
2019-10-31,184.797623
2019-11-01,183.803696
2019-11-02,184.018158
2019-11-03,183.994827
2019-11-04,182.319031
2019-11-05,186.309311
2019-11-06,189.113495
2019-11-07,191.504303
2019-11-08,187.924271
2019-11-09,184.311722
2019-11-10,184.943359
2019-11-11,189.50293
2019-11-12,185.564835
2019-11-13,186.942444
2019-11-14,188.272507
2019-11-15,186.058167
2019-11-16,180.4991
2019-11-17,183.35083
2019-11-18,185.041458
2019-11-19,180.502457
2019-11-20,177.415283
2019-11-21,175.673599
2019-11-22,161.50589
2019-11-23,150.212219
2019-11-24,153.430527
2019-11-25,142.697006
2019-11-26,146.404312
2019-11-27,148.39682
2019-11-28,153.069244
2019-11-29,151.7686
2019-11-30,155.286407
2019-12-01,152.491928
2019-12-02,151.175476
2019-12-03,149.058243
2019-12-04,147.918381
2019-12-05,146.686493
2019-12-06,149.396484
2019-12-07,149.197601
2019-12-08,148.743683
2019-12-09,151.224396
2019-12-10,148.179855
2019-12-11,146.320648
2019-12-12,143.615662
2019-12-13,145.655685
2019-12-14,144.953415
2019-12-15,142.86499
2019-12-16,143.139526
2019-12-17,133.647186
2019-12-18,122.656837
2019-12-19,133.05278
2019-12-20,129.384369
2019-12-21,129.095963
2019-12-22,128.098129
2019-12-23,132.306992
2019-12-24,128.629257
2019-12-25,129.068497
2019-12-26,126.486328
2019-12-27,126.368797
2019-12-28,127.213013
2019-12-29,128.266876
2019-12-30,134.796524
2019-12-31,132.612274
2020-01-01,129.630661
2020-01-02,130.820038
2020-01-03,127.411263
2020-01-04,134.168518
2020-01-05,135.072098
2020-01-06,136.305542
2020-01-07,144.311996
2020-01-08,143.487823
2020-01-09,141.155777
2020-01-10,138.967041
2020-01-11,143.409103
2020-01-12,143.032547
2020-01-13,146.220139
2020-01-14,144.251053
2020-01-15,165.734619
2020-01-16,166.332825
2020-01-17,164.48938
2020-01-18,170.747726
2020-01-19,175.46759
2020-01-20,166.904129
2020-01-21,167.060471
2020-01-22,169.608536
2020-01-23,168.2957
2020-01-24,162.899368
2020-01-25,163.067291
2020-01-26,161.176819
2020-01-27,168.00885
2020-01-28,170.884857
2020-01-29,176.347885
2020-01-30,174.917709
2020-01-31,184.736908
2020-02-01,180.11377
2020-02-02,183.532501
2020-02-03,188.607407
2020-02-04,189.861725
2020-02-05,189.299103
2020-02-06,204.1297
2020-02-07,212.315887
2020-02-08,222.510971
2020-02-09,222.982239
2020-02-10,228.549133
2020-02-11,223.384933
2020-02-12,235.898224
2020-02-13,265.052704
2020-02-14,268.023285
2020-02-15,284.56131
2020-02-16,264.904053
2020-02-17,259.890564
2020-02-18,266.50882
2020-02-19,282.036285
2020-02-20,259.819855
2020-02-21,257.891113
2020-02-22,265.551575
2020-02-23,262.278412
2020-02-24,273.705078
2020-02-25,265.283386
2020-02-26,247.740204
2020-02-27,225.687042
2020-02-28,226.98761
2020-02-29,226.83345
2020-03-01,219.752686
2020-03-02,218.711624
2020-03-03,230.523972
2020-03-04,224.565338
2020-03-05,224.641891
2020-03-06,229.168427
2020-03-07,243.750198
2020-03-08,237.780685
2020-03-09,201.318497
2020-03-10,202.863953
2020-03-11,200.768036
2020-03-12,194.738922
2020-03-13,112.689995
2020-03-14,133.582474
2020-03-15,123.246063
2020-03-16,124.996117
2020-03-17,110.406784
2020-03-18,113.857643
2020-03-19,114.839828
2020-03-20,136.649277
2020-03-21,133.101761
2020-03-22,132.851135
2020-03-23,123.365982
2020-03-24,135.194138
2020-03-25,138.914963
2020-03-26,136.190674
2020-03-27,138.369934
2020-03-28,134.032745
2020-03-29,131.015335
2020-03-30,125.577896
2020-03-31,132.820923
2020-04-01,133.61232
2020-04-02,135.732178
2020-04-03,142.110458
2020-04-04,142.215179
2020-04-05,145.261017
2020-04-06,143.608215
2020-04-07,169.147446
2020-04-08,165.240326
2020-04-09,172.761261
2020-04-10,170.829269
2020-04-11,158.538986
2020-04-12,158.232391
2020-04-13,160.720673
2020-04-14,156.355957
2020-04-15,157.565643
2020-04-16,153.200424
2020-04-17,172.279419
2020-04-18,171.618073
2020-04-19,186.861984
2020-04-20,181.480225
2020-04-21,172.017715
2020-04-22,172.670395
2020-04-23,182.620178
2020-04-24,185.222107
2020-04-25,189.207397
2020-04-26,195.413589
2020-04-27,197.475723
2020-04-28,197.273514
2020-04-29,198.465195
2020-04-30,216.909134
2020-05-01,207.901733
2020-05-02,214.230087
2020-05-03,215.352066
2020-05-04,210.890854
2020-05-05,208.013
2020-05-06,206.481354
2020-05-07,203.912857
2020-05-08,212.198242
2020-05-09,213.142166
2020-05-10,211.5522
2020-05-11,188.632187
2020-05-12,185.877335
2020-05-13,189.3741
2020-05-14,198.89151
2020-05-15,202.955399
2020-05-16,195.613388
2020-05-17,200.608871
2020-05-18,207.179779
2020-05-19,214.604935
2020-05-20,213.446243
2020-05-21,210.12915
2020-05-22,199.837112
2020-05-23,207.194489
2020-05-24,208.716064
2020-05-25,201.982651
2020-05-26,205.259567
2020-05-27,201.893005
2020-05-28,208.885437
2020-05-29,219.925049
2020-05-30,220.717209
2020-05-31,242.351379
2020-06-01,230.86026
2020-06-02,246.828186
2020-06-03,237.395218
2020-06-04,244.105286
2020-06-05,244.349594
2020-06-06,241.201355
2020-06-07,241.908081
2020-06-08,245.178574
2020-06-09,246.175018
2020-06-10,244.822067
2020-06-11,247.548538
2020-06-12,231.625458
2020-06-13,237.544617
2020-06-14,238.968185
2020-06-15,234.058304
2020-06-16,229.762299
2020-06-17,234.492371
2020-06-18,232.898697
2020-06-19,231.954971
2020-06-20,226.976364
2020-06-21,229.216141
2020-06-22,229.003372
2020-06-23,242.537018
2020-06-24,244.185928
2020-06-25,235.70285
2020-06-26,232.877487
2020-06-27,229.631485
2020-06-28,222.91449
2020-06-29,225.361435
2020-06-30,227.96843
2020-07-01,226.134583
2020-07-02,231.28891
2020-07-03,229.318954
2020-07-04,225.288483
2020-07-05,228.976196
2020-07-06,227.685013
2020-07-07,240.972595
2020-07-08,239.159973
2020-07-09,246.748291
2020-07-10,242.868011
2020-07-11,241.044785
2020-07-12,239.459641
2020-07-13,242.18187
2020-07-14,239.975616
2020-07-15,240.143646
2020-07-16,238.450912
2020-07-17,233.691391
2020-07-18,232.855682
2020-07-19,235.458298
2020-07-20,238.494873
2020-07-21,236.302505
2020-07-22,245.037262
2020-07-23,262.388641
2020-07-24,274.722687
2020-07-25,279.026367
2020-07-26,303.692383
2020-07-27,309.657928
2020-07-28,321.829742
2020-07-29,316.555359
2020-07-30,318.144989
2020-07-31,334.633728
2020-08-01,345.798615
2020-08-02,385.549866
2020-08-03,371.13385
2020-08-04,386.156464
2020-08-05,389.710815
2020-08-06,401.583862
2020-08-07,395.226868
2020-08-08,379.551575
2020-08-09,395.305237
2020-08-10,391.041504
2020-08-11,395.894714
2020-08-12,380.063812
2020-08-13,390.838104
2020-08-14,428.677277
2020-08-15,437.562988
2020-08-16,433.350586
2020-08-17,433.973755
2020-08-18,429.669617
2020-08-19,423.738586
2020-08-20,406.758911
2020-08-21,416.148773
2020-08-22,389.031097
2020-08-23,395.562836
2020-08-24,391.678986
2020-08-25,408.071686
2020-08-26,383.977448
2020-08-27,386.609863
2020-08-28,382.629578
2020-08-29,395.687592
2020-08-30,399.616699
2020-08-31,428.509003
2020-09-01,434.874451
2020-09-02,477.007874
2020-09-03,440.23999
2020-09-04,384.671631
2020-09-05,388.038391
2020-09-06,335.334564
2020-09-07,353.450256
2020-09-08,353.202271
2020-09-09,337.824921
2020-09-10,351.429321
2020-09-11,368.1185
2020-09-12,374.595398
2020-09-13,387.519287
2020-09-14,365.699585
2020-09-15,377.154022
2020-09-16,364.743988
2020-09-17,365.865784
2020-09-18,389.337494
2020-09-19,384.041656
2020-09-20,385.597992
2020-09-21,371.400146
2020-09-22,341.723816
2020-09-23,344.589905
2020-09-24,320.985016
2020-09-25,349.411438
2020-09-26,352.350891
2020-09-27,354.9599
2020-09-28,357.925934
2020-09-29,354.363007
2020-09-30,360.038513
2020-10-01,360.309143
2020-10-02,352.949677
2020-10-03,346.218628
2020-10-04,346.602234
2020-10-05,352.736816
2020-10-06,353.956482
2020-10-07,340.943085
2020-10-08,342.044647
2020-10-09,351.112885
2020-10-10,365.402466
2020-10-11,370.928436
2020-10-12,374.798737
2020-10-13,387.142944
2020-10-14,381.971466
2020-10-15,379.19223
2020-10-16,377.8685
2020-10-17,366.015717
2020-10-18,368.727539
2020-10-19,378.469635
2020-10-20,379.719696
2020-10-21,369.059418
2020-10-22,391.488617
2020-10-23,414.051331
2020-10-24,409.767242
2020-10-25,412.457642
2020-10-26,406.217987
2020-10-27,393.888184
2020-10-28,403.997101
2020-10-29,388.651062
2020-10-30,386.730255
2020-10-31,382.820038
2020-11-01,386.590332
2020-11-02,396.355988
2020-11-03,383.156036
2020-11-04,387.60321
2020-11-05,402.142944
2020-11-06,414.066711
2020-11-07,454.722565
2020-11-08,435.718811
2020-11-09,453.574158
2020-11-10,444.166382
2020-11-11,449.679657
2020-11-12,462.959534
2020-11-13,461.005493
2020-11-14,474.626434
2020-11-15,460.149902
2020-11-16,447.55899
2020-11-17,464.406647
2020-11-18,480.346832
2020-11-19,479.481018
2020-11-20,471.63147
2020-11-21,509.744598
2020-11-22,549.486633
2020-11-23,558.059509
2020-11-24,608.522766
2020-11-25,603.902039
2020-11-26,570.514893
2020-11-27,519.108093
2020-11-28,517.597351
2020-11-29,538.264587
2020-11-30,575.75708
2020-12-01,615.070313
2020-12-02,587.261597
2020-12-03,598.459229
2020-12-04,616.722778
2020-12-05,569.347656
2020-12-06,596.568665
2020-12-07,601.797119
2020-12-08,591.900818
2020-12-09,554.792908
2020-12-10,573.504028
2020-12-11,559.679199
2020-12-12,545.578552
2020-12-13,568.609863
2020-12-14,589.782471
2020-12-15,586.02179
2020-12-16,589.378662
2020-12-17,636.154175
2020-12-18,642.916992
2020-12-19,654.624207
2020-12-20,659.185059
2020-12-21,638.315186
2020-12-22,609.420532
2020-12-23,634.824585
2020-12-24,584.13562
2020-12-25,611.554565
2020-12-26,626.498047
2020-12-27,635.887146
2020-12-28,683.205811
2020-12-29,730.358704
2020-12-30,731.472839
2020-12-31,751.626648
2021-01-01,737.708374
2021-01-02,730.402649
2021-01-03,774.511841
2021-01-04,977.058838
2021-01-05,1041.498779
2021-01-06,1101.005005
2021-01-07,1208.078369
2021-01-08,1225.967896
2021-01-09,1223.740479
2021-01-10,1280.871094
2021-01-11,1261.622925
2021-01-12,1088.526733
2021-01-13,1043.740967
2021-01-14,1130.231201
2021-01-15,1221.877197
2021-01-16,1171.443115
2021-01-17,1233.453369
2021-01-18,1230.313232
2021-01-19,1257.43457
2021-01-20,1375.248413
2021-01-21,1382.684448
2021-01-22,1118.889038
2021-01-23,1235.267944
2021-01-24,1231.210571
2021-01-25,1390.639893
2021-01-26,1323.741699
2021-01-27,1358.333374
2021-01-28,1251.279785
2021-01-29,1369.086792
2021-01-30,1382.231934
2021-01-31,1376.823608
2021-02-01,1314.855225
2021-02-02,1369.505127
2021-02-03,1514.769653
2021-02-04,1661.170166
2021-02-05,1594.793335
2021-02-06,1717.797485
2021-02-07,1677.605713
2021-02-08,1613.642212
2021-02-09,1746.926147
2021-02-10,1768.039795
2021-02-11,1743.714233
2021-02-12,1783.489136
2021-02-13,1843.986816
2021-02-14,1814.372314
2021-02-15,1804.676758
2021-02-16,1778.945557
2021-02-17,1781.350098
2021-02-18,1848.206299
2021-02-19,1938.859863
2021-02-20,1959.902954
2021-02-21,1918.673096
2021-02-22,1935.557861
2021-02-23,1781.409058
2021-02-24,1571.47644
2021-02-25,1625.393921
2021-02-26,1478.65332
2021-02-27,1446.929443
2021-02-28,1459.860474
2021-03-01,1417.151123
2021-03-02,1564.063477
2021-03-03,1491.451172
2021-03-04,1574.623779
2021-03-05,1541.541748
2021-03-06,1532.372803
2021-03-07,1655.392456
2021-03-08,1724.229248
2021-03-09,1835.148071
2021-03-10,1868.489014
2021-03-11,1798.033936
2021-03-12,1826.546753
2021-03-13,1772.166382
2021-03-14,1923.86377
2021-03-15,1854.08667
2021-03-16,1792.413818
2021-03-17,1807.056152
2021-03-18,1823.158447
2021-03-19,1782.568726
2021-03-20,1817.522705
2021-03-21,1812.606567
2021-03-22,1788.362183
2021-03-23,1690.871826
2021-03-24,1678.002563
2021-03-25,1593.123291
2021-03-26,1595.210083
2021-03-27,1703.036133
2021-03-28,1716.40564
2021-03-29,1691.263184
2021-03-30,1819.466309
2021-03-31,1846.098267
2021-04-01,1919.157227
2021-04-02,1976.932739
2021-04-03,2142.895996
2021-04-04,2027.671265
2021-04-05,2093.260742
2021-04-06,2109.493164
2021-04-07,2117.728516
2021-04-08,1969.133179
2021-04-09,2088.772217
2021-04-10,2071.111572
2021-04-11,2136.156982
2021-04-12,2157.361816
2021-04-13,2139.364258
2021-04-14,2299.3479
2021-04-15,2436.034668
2021-04-16,2516.601807
2021-04-17,2429.980957
2021-04-18,2346.452393
2021-04-19,2238.032715
2021-04-20,2161.939453
2021-04-21,2331.160156
2021-04-22,2357.871094
2021-04-23,2401.256348
2021-04-24,2367.199219
2021-04-25,2214.413818
2021-04-26,2319.478027
2021-04-27,2534.03125
2021-04-28,2664.685547
2021-04-29,2748.649658
2021-04-30,2757.734131
2021-05-01,2772.838379
2021-05-02,2945.560059
2021-05-03,2951.175781
2021-05-04,3431.131592
2021-05-05,3240.554688
2021-05-06,3524.930908
2021-05-07,3490.105225
2021-05-08,3481.988037
2021-05-09,3911.463135
2021-05-10,3924.41333
2021-05-11,3948.271973
2021-05-12,4174.635742
2021-05-13,3828.918457
2021-05-14,3720.122314
2021-05-15,4075.95166
2021-05-16,3641.830811
2021-05-17,3581.343018
2021-05-18,3276.872314
2021-05-19,3382.657227
2021-05-20,2439.638672
2021-05-21,2772.341309
2021-05-22,2436.014648
2021-05-23,2298.367188
2021-05-24,2099.936035
2021-05-25,2649.033203
2021-05-26,2707.052734
2021-05-27,2888.752441
2021-05-28,2742.468994
2021-05-29,2414.067139
2021-05-30,2278.288818
2021-05-31,2387.198486
2021-06-01,2707.560547
2021-06-02,2634.456055
2021-06-03,2708.376221
2021-06-04,2857.165527
2021-06-05,2691.619385
2021-06-06,2629.748779
2021-06-07,2713.047363
2021-06-08,2594.602295
2021-06-09,2510.199219
2021-06-10,2611.142578
2021-06-11,2472.858887
2021-06-12,2354.752197
2021-06-13,2372.690186
2021-06-14,2508.770508
2021-06-15,2587.762695
2021-06-16,2544.864746
2021-06-17,2367.306396
2021-06-18,2374.586914
2021-06-19,2235.15918
2021-06-20,2171.337891
2021-06-21,2245.317871
2021-06-22,1886.667603
2021-06-23,1878.625
2021-06-24,1968.957397
2021-06-25,1989.21582
2021-06-26,1810.884277
2021-06-27,1830.996948
2021-06-28,1981.386475
2021-06-29,2083.44873
2021-06-30,2164.216309
2021-07-01,2274.397461
2021-07-02,2109.892578
2021-07-03,2150.834961
2021-07-04,2226.550293
2021-07-05,2321.922852
2021-07-06,2197.919434
2021-07-07,2323.208496
2021-07-08,2317.949219
2021-07-09,2115.573975
2021-07-10,2146.999756
2021-07-11,2110.875732
2021-07-12,2140.506836
2021-07-13,2034.098389
2021-07-14,1941.167847
2021-07-15,1994.712036
2021-07-16,1916.598389
2021-07-17,1876.881348
2021-07-18,1900.194336
2021-07-19,1893.053589
2021-07-20,1819.082031
2021-07-21,1786.276245
2021-07-22,1994.822876
2021-07-23,2025.105713
2021-07-24,2123.961182
2021-07-25,2187.145508
2021-07-26,2191.309814
2021-07-27,2230.197021
2021-07-28,2302.081299
2021-07-29,2299.011963
2021-07-30,2382.545166
2021-07-31,2461.575684
2021-08-01,2530.462891
2021-08-02,2557.774658
2021-08-03,2609.413086
2021-08-04,2508.544922
2021-08-05,2725.669678
2021-08-06,2827.503418
2021-08-07,2891.70752
2021-08-08,3161.232666
2021-08-09,3012.885742
2021-08-10,3163.050049
2021-08-11,3142.830322
2021-08-12,3164.175781
2021-08-13,3049.001221
2021-08-14,3322.762695
2021-08-15,3266.276123
2021-08-16,3309.422119
2021-08-17,3149.380371
2021-08-18,3011.963623
2021-08-19,3019.126953
2021-08-20,3182.162598
2021-08-21,3286.931641
2021-08-22,3226.227295
2021-08-23,3241.357422
2021-08-24,3324.855469
2021-08-25,3174.269775
2021-08-26,3228.747314
2021-08-27,3096.406006
2021-08-28,3275.104492
2021-08-29,3246.770996
2021-08-30,3227.192627
2021-08-31,3227.758057
2021-09-01,3430.762451
2021-09-02,3825.027832
2021-09-03,3787.486572
2021-09-04,3937.910156
2021-09-05,3886.331055
2021-09-06,3951.520752
2021-09-07,3926.527588
2021-09-08,3428.378174
2021-09-09,3452.54834
2021-09-10,3425.564941
2021-09-11,3209.030518
2021-09-12,3270.291748
2021-09-13,3407.471924
2021-09-14,3286.316406
2021-09-15,3431.217285
2021-09-16,3613.07373
2021-09-17,3569.568115
2021-09-18,3397.422852
2021-09-19,3433.287842
2021-09-20,3329.670654
2021-09-21,2977.310547
2021-09-22,2763.209229
2021-09-23,3077.974365
2021-09-24,3154.562012
2021-09-25,2930.884766
2021-09-26,2926.343018
2021-09-27,3065.837891
2021-09-28,2928.963379
2021-09-29,2809.297607
2021-09-30,2852.558838
2021-10-01,3001.129395
2021-10-02,3308.870361
2021-10-03,3390.767578
2021-10-04,3418.776367
2021-10-05,3381.784424
2021-10-06,3516.570313
2021-10-07,3576.814453
2021-10-08,3587.832764
2021-10-09,3559.997803
2021-10-10,3575.020508
2021-10-11,3419.726807
2021-10-12,3546.477783
2021-10-13,3492.753662
2021-10-14,3604.958984
2021-10-15,3790.154297
2021-10-16,3865.666504
2021-10-17,3829.858887
2021-10-18,3847.72998
2021-10-19,3747.162842
2021-10-20,3877.730957
2021-10-21,4161.713379
2021-10-22,4055.686523
2021-10-23,3971.356445
2021-10-24,4171.855957
2021-10-25,4084.425781
2021-10-26,4217.337891
2021-10-27,4132.17334
2021-10-28,3924.81543
2021-10-29,4288.686523
2021-10-30,4414.243652
2021-10-31,4322.744141
2021-11-01,4288.217285
2021-11-02,4322.500977
2021-11-03,4589.68457
2021-11-04,4604.678711
2021-11-05,4537.42334
2021-11-06,4482.647949
2021-11-07,4523.981934
2021-11-08,4619.649414
2021-11-09,4810.071289
2021-11-10,4733.362793
2021-11-11,4635.453613
2021-11-12,4724.306641
2021-11-13,4666.719238
2021-11-14,4648.632813
2021-11-15,4627.09082
2021-11-16,4570.478027
2021-11-17,4213.910645
2021-11-18,4287.802246
2021-11-19,3995.729492
2021-11-20,4298.350586
2021-11-21,4412.195313
2021-11-22,4266.509277
2021-11-23,4089.68042
2021-11-24,4340.036133
2021-11-25,4271.394531
2021-11-26,4522.208984
2021-11-27,4042.999023
2021-11-28,4101.648926
2021-11-29,4296.946777
2021-11-30,4447.768066
2021-12-01,4623.679688
2021-12-02,4586.333008
2021-12-03,4514.355957
2021-12-04,4227.762207
2021-12-05,4119.628906
2021-12-06,4199
2021-12-07,4358.586914
2021-12-08,4311.674316
2021-12-09,4433.024902
2021-12-10,4113.588379
2021-12-11,3909.667725
2021-12-12,4084.811279
2021-12-13,4136.359863
2021-12-14,3782.822754
2021-12-15,3862.251465
2021-12-16,4020.415039
2021-12-17,3959.012451
2021-12-18,3880.291504
2021-12-19,3960.872314
2021-12-20,3923.695801
2021-12-21,3938.463867
2021-12-22,4018.695801
2021-12-23,3981.96167
2021-12-24,4111.345215
2021-12-25,4049.781982
2021-12-26,4094.151611
2021-12-27,4064.746338
2021-12-28,4037.538086
2021-12-29,3797.436279
2021-12-30,3632.219727
2021-12-31,3713.430176
2022-01-01,3683.047119
2022-01-02,3769.29834
2022-01-03,3829.535645
2022-01-04,3761.361572
2022-01-05,3794.269043
2022-01-06,3549.708984
2022-01-07,3417.837891
2022-01-08,3193.502441
2022-01-09,3091.696289
2022-01-10,3157.570557
2022-01-11,3082.990967
2022-01-12,3238.449951
2022-01-13,3372.10498
2022-01-14,3248.648682
2022-01-15,3309.844238
2022-01-16,3330.387207
2022-01-17,3350.947266
2022-01-18,3212.287598
2022-01-19,3163.850342
2022-01-20,3095.271729
2022-01-21,3002.956787
2022-01-22,2561.145264
2022-01-23,2406.924316
2022-01-24,2535.891113
2022-01-25,2440.393555
2022-01-26,2455.579102
2022-01-27,2467.188477
2022-01-28,2421.646973
2022-01-29,2546.590576
2022-01-30,2598.564941
2022-01-31,2603.263428
2022-02-01,2687.898926
2022-02-02,2791.958984
2022-02-03,2682.226074
2022-02-04,2681.057617
2022-02-05,2984.446045
2022-02-06,3014.959717
2022-02-07,3057.422119
2022-02-08,3143.008545
2022-02-09,3121.182617
2022-02-10,3240.113037
2022-02-11,3077.413086
2022-02-12,2927.386475
2022-02-13,2916.789551
2022-02-14,2880.187744
2022-02-15,2933.729004
2022-02-16,3180.446777
2022-02-17,3126.858398
2022-02-18,2884.340576
2022-02-19,2784.872803
2022-02-20,2763.756592
2022-02-21,2627.665527
2022-02-22,2572.898682
2022-02-23,2639.447021
2022-02-24,2588.16626
2022-02-25,2598.436279
2022-02-26,2764.989502
2022-02-27,2780.504395
2022-02-28,2621.172119
2022-03-01,2919.775879
2022-03-02,2972.471924
2022-03-03,2950.156738
2022-03-04,2834.987305
2022-03-05,2618.473633
2022-03-06,2664.943604
2022-03-07,2555.297607
2022-03-08,2497.721436
2022-03-09,2577.165283
2022-03-10,2729.116455
2022-03-11,2608.27124
2022-03-12,2559.660645
2022-03-13,2573.488037
2022-03-14,2518.486328
2022-03-15,2590.668945
2022-03-16,2620.028564
2022-03-17,2771.964111
2022-03-18,2814.43457
2022-03-19,2944.72168
2022-03-20,2946.547607
2022-03-21,2860.103271
2022-03-22,2897.77417
2022-03-23,2973.14502
2022-03-24,3031.060791
2022-03-25,3108.448975
2022-03-26,3106.405273
2022-03-27,3143.795654
2022-03-28,3292.32251
2022-03-29,3335.02124
2022-03-30,3401.526123
2022-03-31,3385.289307
2022-04-01,3282.576172
2022-04-02,3449.788574
2022-04-03,3444.810547
2022-04-04,3522.36499
2022-04-05,3521.239746
2022-04-06,3411.672119
2022-04-07,3172.197266
2022-04-08,3233.272461
2022-04-09,3191.976074
2022-04-10,3261.291504
2022-04-11,3209.576904
2022-04-12,2981.420654
2022-04-13,3029.87793
2022-04-14,3117.821777
2022-04-15,3020.134521
2022-04-16,3041.123291
2022-04-17,3061.881836
2022-04-18,2993.483887
2022-04-19,3057.570313
2022-04-20,3103.935059
2022-04-21,3077.829346
2022-04-22,2986.938721
2022-04-23,2964.802246
2022-04-24,2937.347168
2022-04-25,2922.990234
2022-04-26,3008.946289
2022-04-27,2808.645996
2022-04-28,2888.849854
2022-04-29,2936.776611
2022-04-30,2815.533447
2022-05-01,2729.994141
2022-05-02,2827.614014
2022-05-03,2857.152344
2022-05-04,2783.131104
2022-05-05,2940.226563
2022-05-06,2748.931641
2022-05-07,2694.991943
2022-05-08,2636.121826
2022-05-09,2518.508301
2022-05-10,2242.650391
2022-05-11,2342.75415
2022-05-12,2072.504639
2022-05-13,1960.122559
2022-05-14,2014.28064
2022-05-15,2056.183105
2022-05-16,2145.836914
2022-05-17,2022.882324
2022-05-18,2090.459961
2022-05-19,1916.149536
2022-05-20,2018.000122
2022-05-21,1961.017944
2022-05-22,1974.670654
2022-05-23,2042.344727
2022-05-24,1972.390869
2022-05-25,1978.677002
2022-05-26,1945.033325
2022-05-27,1802.543823
2022-05-28,1724.635986
2022-05-29,1792.184448
2022-05-30,1811.885986
2022-05-31,1996.408081
2022-06-01,1942.050659
2022-06-02,1822.412109
2022-06-03,1834.13501
2022-06-04,1775.220825
2022-06-05,1801.81897
2022-06-06,1805.635986
2022-06-07,1859.33374
2022-06-08,1814.100708
2022-06-09,1793.512817
2022-06-10,1789.689941
2022-06-11,1665.217896
2022-06-12,1530.189697
2022-06-13,1443.835449
2022-06-14,1204.555298
2022-06-15,1211.365967
2022-06-16,1233.603516
2022-06-17,1067.987671
2022-06-18,1086.37793
2022-06-19,993.400635
2022-06-20,1127.65625
2022-06-21,1127.511841
2022-06-22,1125.372925
2022-06-23,1051.329346
2022-06-24,1143.204712
2022-06-25,1226.724731
2022-06-26,1242.987549
2022-06-27,1199.713135
2022-06-28,1193.254028
2022-06-29,1144.524414
2022-06-30,1099.353149
2022-07-01,1068.316772
2022-07-02,1060.121216
2022-07-03,1066.467407
2022-07-04,1073.794312
2022-07-05,1150.509766
2022-07-06,1134.822266
2022-07-07,1186.960938
2022-07-08,1237.580322
2022-07-09,1222.306885
2022-07-10,1216.904419
2022-07-11,1168.139038
2022-07-12,1097.259155
2022-07-13,1038.186646
2022-07-14,1113.515747
2022-07-15,1191.674805
2022-07-16,1232.791626
2022-07-17,1353.205078
2022-07-18,1338.80603
2022-07-19,1578.383911
2022-07-20,1542.954346
2022-07-21,1520.374512
2022-07-22,1576.745361
2022-07-23,1536.457397
2022-07-24,1549.222534
2022-07-25,1599.157227
2022-07-26,1445.151123
2022-07-27,1443.726807
2022-07-28,1636.231934
2022-07-29,1725.623901
2022-07-30,1727.06189
2022-07-31,1695.884766
2022-08-01,1681.445557
2022-08-02,1634.645874
2022-08-03,1633.05127
2022-08-04,1618.886719
2022-08-05,1607.523926
2022-08-06,1732.661133
2022-08-07,1691.777954
2022-08-08,1699.693481
2022-08-09,1776.071289
2022-08-10,1702.906494
2022-08-11,1851.828369
2022-08-12,1880.89917
2022-08-13,1957.333984
2022-08-14,1981.782471
2022-08-15,1936.760498
2022-08-16,1902.83313
2022-08-17,1877.934326
2022-08-18,1833.715576
2022-08-19,1847.095337
2022-08-20,1612.650635
2022-08-21,1576.543579
2022-08-22,1619.16687
2022-08-23,1622.939331
2022-08-24,1662.695435
2022-08-25,1657.336548
2022-08-26,1696.324585
2022-08-27,1508.156982
2022-08-28,1491.206787
2022-08-29,1430.439453
2022-08-30,1553.188965
2022-08-31,1524.286499
2022-09-01,1553.756348
2022-09-02,1586.017944
2022-09-03,1577.213745
2022-09-04,1556.895874
2022-09-05,1577.884033
2022-09-06,1617.240234
2022-09-07,1560.906738
2022-09-08,1629.805176
2022-09-09,1635.187744
2022-09-10,1718.961304
2022-09-11,1775.976074
2022-09-12,1762.084839
2022-09-13,1713.962524
2022-09-14,1574.858154
2022-09-15,1635.083008
2022-09-16,1471.928345
2022-09-17,1432.876465
2022-09-18,1469.705444
2022-09-19,1335.270752
2022-09-20,1377.619019
2022-09-21,1324.215576
2022-09-22,1251.567383
2022-09-23,1327.481201
2022-09-24,1328.244629
2022-09-25,1317.938477
2022-09-26,1294.386108
2022-09-27,1335.337036
2022-09-28,1329.541382
2022-09-29,1337.554443
2022-09-30,1335.646484
2022-10-01,1328.193726
2022-10-02,1311.753418
2022-10-03,1276.163452
2022-10-04,1323.27832
2022-10-05,1361.9729
2022-10-06,1352.806641
2022-10-07,1351.836426
2022-10-08,1332.371338
2022-10-09,1315.460205
2022-10-10,1322.618652
2022-10-11,1291.109619
2022-10-12,1279.7323
2022-10-13,1294.917358
2022-10-14,1288.048706
2022-10-15,1297.305908
2022-10-16,1275.005493
2022-10-17,1306.30957
2022-10-18,1331.669922
2022-10-19,1310.56311
2022-10-20,1285.660278
2022-10-21,1283.18811
2022-10-22,1299.902344
2022-10-23,1314.249512
2022-10-24,1363.491821
2022-10-25,1344.711304
2022-10-26,1461.133179
2022-10-27,1566.841431
2022-10-28,1514.32312
2022-10-29,1555.274658
2022-10-30,1619.697876
2022-10-31,1590.481323
2022-11-01,1572.645386
2022-11-02,1579.497925
2022-11-03,1519.724854
2022-11-04,1531.397583
2022-11-05,1645.156494
2022-11-06,1627.901123
2022-11-07,1572.016968
2022-11-08,1568.32959
2022-11-09,1333.122437
2022-11-10,1100.107178
2022-11-11,1298.882446
2022-11-12,1287.438354
2022-11-13,1255.441284
2022-11-14,1221.895508
2022-11-15,1241.677734
2022-11-16,1251.808838
2022-11-17,1215.848633
2022-11-18,1200.802124
2022-11-19,1212.215454
2022-11-20,1218.436279
2022-11-21,1142.395752
2022-11-22,1107.895996
2022-11-23,1135.421509
2022-11-24,1183.345093
2022-11-25,1203.799438
2022-11-26,1198.790527
2022-11-27,1205.905273
2022-11-28,1194.960327
2022-11-29,1169.87439
2022-11-30,1216.928711
2022-12-01,1295.769531
2022-12-02,1276.328613
2022-12-03,1294.456543
2022-12-04,1243.219238
2022-12-05,1279.998901
2022-12-06,1259.854248
2022-12-07,1271.553101
2022-12-08,1232.451782
2022-12-09,1281.077271
2022-12-10,1264.375488
2022-12-11,1266.417847
2022-12-12,1263.573486
2022-12-13,1274.662476
2022-12-14,1320.688599
2022-12-15,1309.190796
2022-12-16,1266.460571
2022-12-17,1168.066772
2022-12-18,1188.12854
2022-12-19,1184.758301
2022-12-20,1167.88269
2022-12-21,1217.586426
2022-12-22,1213.672607
2022-12-23,1218.079346
2022-12-24,1220.11792
2022-12-25,1221.171509
2022-12-26,1218.920166
2022-12-27,1226.987061
2022-12-28,1212.736572
2022-12-29,1190.010132
2022-12-30,1201.56958
2022-12-31,1199.360107
2023-01-01,1196.713623
2023-01-02,1201.103271
2023-01-03,1214.744019
2023-01-04,1214.718628
2023-01-05,1256.484619
2023-01-06,1250.458984
2023-01-07,1269.4198
2023-01-08,1264.181885
2023-01-09,1287.450806
2023-01-10,1321.395508
2023-01-11,1336.486816
2023-01-12,1405.35144
2023-01-13,1417.946167
2023-01-14,1451.428467
2023-01-15,1550.731567
2023-01-16,1552.519287
2023-01-17,1577.107422
2023-01-18,1567.698975
2023-01-19,1515.249634
2023-01-20,1552.373657
2023-01-21,1659.706055
2023-01-22,1627.365967
2023-01-23,1628.550781
2023-01-24,1627.848267
2023-01-25,1556.807495
2023-01-26,1611.080933
2023-01-27,1603.080078
2023-01-28,1598.125366
2023-01-29,1572.629517
2023-01-30,1646.147705
2023-01-31,1567.419922
2023-02-01,1586.488159
2023-02-02,1641.365967
2023-02-03,1642.904663
2023-02-04,1664.47229
2023-02-05,1667.166504
2023-02-06,1631.645264
2023-02-07,1616.009644
2023-02-08,1671.905273
2023-02-09,1651.082275
2023-02-10,1546.596558
2023-02-11,1514.941895
2023-02-12,1539.776001
2023-02-13,1514.916992
2023-02-14,1506.992065
2023-02-15,1556.765137
2023-02-16,1673.867432
2023-02-17,1640.280151
2023-02-18,1694.741821
2023-02-19,1691.680176
2023-02-20,1682.337036
2023-02-21,1702.797852
2023-02-22,1658.140991
2023-02-23,1643.298584
2023-02-24,1650.895142
2023-02-25,1608.658325
2023-02-26,1594.761108
2023-02-27,1640.763672
2023-02-28,1634.502441
2023-03-01,1606.040405
2023-03-02,1663.549072
2023-03-03,1647.557739
2023-03-04,1569.278076
2023-03-05,1567.179321
2023-03-06,1564.383179
2023-03-07,1567.424683
2023-03-08,1561.977905
2023-03-09,1534.031616
2023-03-10,1438.760132
2023-03-11,1429.10083
2023-03-12,1482.431885
2023-03-13,1590.831177
2023-03-14,1680.295288
2023-03-15,1705.189941
2023-03-16,1656.332031
2023-03-17,1677.296753
2023-03-18,1793.592407
2023-03-19,1762.963257
2023-03-20,1785.41626
2023-03-21,1735.61792
2023-03-22,1804.957031
2023-03-23,1737.140869
2023-03-24,1815.819824
2023-03-25,1751.469482
2023-03-26,1743.842163
2023-03-27,1775.481323
2023-03-28,1715.327393
2023-03-29,1772.899902
2023-03-30,1793.345947
2023-03-31,1793.620117
2023-04-01,1821.704346
2023-04-02,1821.192139
2023-04-03,1794.922485
2023-04-04,1810.14209
2023-04-05,1870.965088
2023-04-06,1909.143555
2023-04-07,1872.734131
2023-04-08,1864.679077
2023-04-09,1849.672241
2023-04-10,1859.741211
2023-04-11,1911.375854
2023-04-12,1891.949707
2023-04-13,1917.698364
2023-04-14,2013.930664
2023-04-15,2101.616455
2023-04-16,2092.281006
2023-04-17,2120.001221
2023-04-18,2075.855225
2023-04-19,2103.946289
2023-04-20,1936.417969
2023-04-21,1943.409912
2023-04-22,1849.286499
2023-04-23,1874.171509
2023-04-24,1862.085327
2023-04-25,1842.204346
2023-04-26,1866.148926
2023-04-27,1866.693237
2023-04-28,1909.273071
2023-04-29,1892.565063
2023-04-30,1908.741333
2023-05-01,1868.891113
2023-05-02,1831.726563
2023-05-03,1870.687134
2023-05-04,1905.168945
2023-05-05,1877.83313
2023-05-06,1995.479126
2023-05-07,1899.917603
2023-05-08,1872.475098
2023-05-09,1849.061035
2023-05-10,1848.213501
2023-05-11,1842.492065
2023-05-12,1795.176636
2023-05-13,1808.375
2023-05-14,1796.10791
2023-05-15,1800.371216
2023-05-16,1816.824219
2023-05-17,1824.068359
2023-05-18,1822.068237
2023-05-19,1800.994385
2023-05-20,1812.766113
2023-05-21,1820.138062
2023-05-22,1804.841919
2023-05-23,1817.781128
2023-05-24,1854.299683
2023-05-25,1799.845215
2023-05-26,1805.725464
2023-05-27,1828.575684
2023-05-28,1831.098633
2023-05-29,1909.297485
2023-05-30,1893.09314
2023-05-31,1901.098267
2023-06-01,1873.914673
2023-06-02,1862.423706
2023-06-03,1907.420776
2023-06-04,1892.398193
2023-06-05,1890.417603
2023-06-06,1810.581421
2023-06-07,1884.372925
2023-06-08,1832.51355
2023-06-09,1846.077881
2023-06-10,1840.391968
2023-06-11,1752.527588
2023-06-12,1753.075439
2023-06-13,1742.390137
2023-06-14,1739.250122
2023-06-15,1650.498169
2023-06-16,1665.410645
2023-06-17,1716.671753
2023-06-18,1727.193726
2023-06-19,1720.505371
2023-06-20,1736.879761
2023-06-21,1791.994995
2023-06-22,1889.794434
2023-06-23,1872.540771
2023-06-24,1893.771973
2023-06-25,1875.849121
2023-06-26,1900.050293
2023-06-27,1859.346191
2023-06-28,1889.906494
2023-06-29,1828.059326
2023-06-30,1852.008423
2023-07-01,1933.323853
2023-07-02,1924.44812
2023-07-03,1937.883789
2023-07-04,1955.52417
2023-07-05,1936.796753
2023-07-06,1910.417114
2023-07-07,1847.512573
2023-07-08,1871.002075
2023-07-09,1865.594971
2023-07-10,1863.240234
2023-07-11,1880.654907
2023-07-12,1878.322021
2023-07-13,1872.040283
2023-07-14,2005.686157
2023-07-15,1939.129639
2023-07-16,1931.64502
2023-07-17,1923.694336
2023-07-18,1911.697021
2023-07-19,1897.797241
2023-07-20,1889.07373
2023-07-21,1891.581299
2023-07-22,1891.955078
2023-07-23,1866.094238
2023-07-24,1888.80957
2023-07-25,1850.027954
2023-07-26,1857.696533
2023-07-27,1872.086304
2023-07-28,1860.702515
2023-07-29,1874.560425
2023-07-30,1880.871582
2023-07-31,1861.755249
2023-08-01,1856.190186
2023-08-02,1873.46814
2023-08-03,1838.897949
2023-08-04,1834.890503
2023-08-05,1827.798584
2023-08-06,1834.845215
2023-08-07,1827.239502
2023-08-08,1826.93103
2023-08-09,1855.779419
2023-08-10,1854.348267
2023-08-11,1850.741699
2023-08-12,1847.171997
2023-08-13,1849.053833
2023-08-14,1839.323486
2023-08-15,1844.164185
2023-08-16,1827.036377
2023-08-17,1805.567383
2023-08-18,1682.038452
2023-08-19,1660.84436
2023-08-20,1669.587769
2023-08-21,1685.022339
2023-08-22,1667.279297
2023-08-23,1634.401733
2023-08-24,1679.248291
2023-08-25,1660.269897
2023-08-26,1652.927246
2023-08-27,1646.271973
2023-08-28,1657.439819
2023-08-29,1652.27417
2023-08-30,1729.676636
2023-08-31,1705.364502
2023-09-01,1645.581299
2023-09-02,1628.559692
2023-09-03,1637.043579
2023-09-04,1635.724731
2023-09-05,1629.911011
2023-09-06,1633.912109
2023-09-07,1632.262817
2023-09-08,1647.807617
2023-09-09,1636.050415
2023-09-10,1635.21167
2023-09-11,1616.769775
2023-09-12,1551.497803
2023-09-13,1592.892334
2023-09-14,1608.031616
2023-09-15,1626.870117
2023-09-16,1641.446411
2023-09-17,1635.20105
2023-09-18,1623.081909
2023-09-19,1637.312012
2023-09-20,1643.495361
2023-09-21,1622.591797
2023-09-22,1584.002563
2023-09-23,1593.213135
2023-09-24,1593.825684
2023-09-25,1580.747437
2023-09-26,1588.023193
2023-09-27,1593.108276
2023-09-28,1597.671997
2023-09-29,1652.999878
2023-09-30,1667.834473
2023-10-01,1671.161499
2023-10-02,1732.984009
2023-10-03,1662.887207
2023-10-04,1656.735962
2023-10-05,1647.788208
2023-10-06,1611.365723
2023-10-07,1645.810913
2023-10-08,1634.657349
2023-10-09,1633.454834
2023-10-10,1580.112061
2023-10-11,1567.680786
2023-10-12,1566.355957
2023-10-13,1539.432861
2023-10-14,1552.263794
2023-10-15,1555.07605
2023-10-16,1558.313477
2023-10-17,1600.63562
2023-10-18,1565.382813
2023-10-19,1563.95813
2023-10-20,1567.570923
2023-10-21,1604.822266
2023-10-22,1629.297729
2023-10-23,1674.849243
2023-10-24,1766.014648
2023-10-25,1784.905029
2023-10-26,1787.481934
2023-10-27,1803.794922
2023-10-28,1780.084229
2023-10-29,1776.563965
2023-10-30,1795.589111
2023-10-31,1810.131592
2023-11-01,1815.87207
2023-11-02,1847.259888
2023-11-03,1800.916504
2023-11-04,1833.368896
2023-11-05,1857.39563
2023-11-06,1894.0271
2023-11-07,1900.599731
2023-11-08,1887.119019
2023-11-09,1888.940308
2023-11-10,2121.067383
2023-11-11,2078.05835
2023-11-12,2053.118652
2023-11-13,2045.354492
2023-11-14,2054.765381
2023-11-15,1979.472656
2023-11-16,2059.96582
2023-11-17,1961.867554
2023-11-18,1961.671265
2023-11-19,1963.180054
2023-11-20,2011.853394
2023-11-21,2022.217285
2023-11-22,1933.58313
2023-11-23,2063.905518
2023-11-24,2062.411865
2023-11-25,2081.296143
2023-11-26,2084.17749
2023-11-27,2062.390869
2023-11-28,2027.517212
2023-11-29,2049.186768
2023-11-30,2029.358398
2023-12-01,2052.09668
2023-12-02,2087.663574
2023-12-03,2165.895752
2023-12-04,2193.66333
2023-12-05,2243.092529
2023-12-06,2293.628174
2023-12-07,2233.217773
2023-12-08,2357.169189
2023-12-09,2358.686035
2023-12-10,2341.440186
2023-12-11,2352.496582
2023-12-12,2224.391113
2023-12-13,2202.600342
2023-12-14,2260.736084
2023-12-15,2316.110352
2023-12-16,2220.415527
2023-12-17,2226.892578
2023-12-18,2195.341797
2023-12-19,2218.240967
2023-12-20,2177.239502
2023-12-21,2201.790039
2023-12-22,2239.598145
2023-12-23,2326.71582
2023-12-24,2309.626709
2023-12-25,2265.340576
2023-12-26,2272.21875
2023-12-27,2231.393066
2023-12-28,2380.200684
2023-12-29,2346.84375
2023-12-30,2300.399658
2023-12-31,2291.945313
2024-01-01,2282.870361
2024-01-02,2352.593506
2024-01-03,2355.981445
2024-01-04,2210.529053
2024-01-05,2269.409424
2024-01-06,2269.540039
2024-01-07,2242.012695
2024-01-08,2222.857666
2024-01-09,2332.868164
2024-01-10,2344.923584
2024-01-11,2584.171631
2024-01-12,2619.177002
2024-01-13,2522.933838
2024-01-14,2578.003662
2024-01-15,2471.666992
2024-01-16,2510.627197
2024-01-17,2587.044678
2024-01-18,2528.593262
2024-01-19,2468.688965
2024-01-20,2489.847656
2024-01-21,2469.798584
2024-01-22,2454.987305
2024-01-23,2310.95166
2024-01-24,2241.749756
2024-01-25,2233.969971
2024-01-26,2217.441895
2024-01-27,2267.319336
2024-01-28,2268.192871
2024-01-29,2256.995361
2024-01-30,2317.435791
2024-01-31,2343.558838
2024-02-01,2282.175293
2024-02-02,2303.706055
2024-02-03,2307.980225
2024-02-04,2296.116943
2024-02-05,2289.205566
2024-02-06,2298.955078
2024-02-07,2372.262695
2024-02-08,2424.080078
2024-02-09,2419.773682
2024-02-10,2487.650391
2024-02-11,2501.129883
2024-02-12,2507.578857
2024-02-13,2659.586182
2024-02-14,2641.685303
2024-02-15,2777.601318
2024-02-16,2825.480713
2024-02-17,2803.73584
2024-02-18,2786.709717
2024-02-19,2881.296875
