Date,Litecoin_usd
2015-01-01,2.72421
2015-01-02,2.69743
2015-01-03,2.66646
2015-01-04,2.11022
2015-01-05,1.95803
2015-01-06,2.08434
2015-01-07,2.1181
2015-01-08,2.11561
2015-01-09,2.01002
2015-01-10,1.96999
2015-01-11,1.6536
2015-01-12,1.71768
2015-01-13,1.7102
2015-01-14,1.54961
2015-01-15,1.15324
2015-01-16,1.27719
2015-01-17,1.3978
2015-01-18,1.29603
2015-01-19,1.32857
2015-01-20,1.34099
2015-01-21,1.3239
2015-01-22,1.37427
2015-01-23,1.41231
2015-01-24,1.43068
2015-01-25,1.84205
2015-01-26,2.24549
2015-01-27,2.07418
2015-01-28,2.09127
2015-01-29,1.87663
2015-01-30,1.91446
2015-01-31,1.89613
2015-02-01,1.87878
2015-02-02,1.81281
2015-02-03,1.87418
2015-02-04,1.82085
2015-02-05,1.79474
2015-02-06,1.74033
2015-02-07,1.75956
2015-02-08,1.78679
2015-02-09,1.78527
2015-02-10,1.73325
2015-02-11,1.76081
2015-02-12,1.73081
2015-02-13,1.75509
2015-02-14,1.82293
2015-02-15,1.94003
2015-02-16,1.84448
2015-02-17,1.79412
2015-02-18,1.85666
2015-02-19,1.82521
2015-02-20,1.84202
2015-02-21,1.84896
2015-02-22,1.84988
2015-02-23,1.80305
2015-02-24,1.81356
2015-02-25,1.83
2015-02-26,1.8081
2015-02-27,1.80117
2015-02-28,1.84918
2015-03-01,1.84576
2015-03-02,1.89242
2015-03-03,1.9422
2015-03-04,1.95605
2015-03-05,1.92448
2015-03-06,1.92033
2015-03-07,1.89359
2015-03-08,1.91353
2015-03-09,1.8925
2015-03-10,1.944
2015-03-11,2.00824
2015-03-12,2.02358
2015-03-13,2.04211
2015-03-14,2.00409
2015-03-15,1.99462
2015-03-16,2.02176
2015-03-17,2.03447
2015-03-18,1.98265
2015-03-19,1.74365
2015-03-20,1.76328
2015-03-21,1.76692
2015-03-22,1.74583
2015-03-23,1.79968
2015-03-24,1.77551
2015-03-25,1.6546
2015-03-26,1.67272
2015-03-27,1.6912
2015-03-28,1.68267
2015-03-29,1.70459
2015-03-30,1.65646
2015-03-31,1.66961
2015-04-01,1.65103
2015-04-02,1.66689
2015-04-03,1.67682
2015-04-04,1.69983
2015-04-05,1.68251
2015-04-06,1.70164
2015-04-07,1.68598
2015-04-08,1.66827
2015-04-09,1.61959
2015-04-10,1.58526
2015-04-11,1.52283
2015-04-12,1.45879
2015-04-13,1.47176
2015-04-14,1.37585
2015-04-15,1.37596
2015-04-16,1.38324
2015-04-17,1.42154
2015-04-18,1.40984
2015-04-19,1.40987
2015-04-20,1.38429
2015-04-21,1.4081
2015-04-22,1.4322
2015-04-23,1.45531
2015-04-24,1.45821
2015-04-25,1.42041
2015-04-26,1.3995
2015-04-27,1.32185
2015-04-28,1.38264
2015-04-29,1.36257
2015-04-30,1.36098
2015-05-01,1.44285
2015-05-02,1.40725
2015-05-03,1.4198
2015-05-04,1.43461
2015-05-05,1.41488
2015-05-06,1.40633
2015-05-07,1.38973
2015-05-08,1.4549
2015-05-09,1.48048
2015-05-10,1.4483
2015-05-11,1.43852
2015-05-12,1.43881
2015-05-13,1.44381
2015-05-14,1.45004
2015-05-15,1.44784
2015-05-16,1.4547
2015-05-17,1.44647
2015-05-18,1.45364
2015-05-19,1.44678
2015-05-20,1.45352
2015-05-21,1.46075
2015-05-22,1.47949
2015-05-23,1.8313
2015-05-24,1.78738
2015-05-25,1.83341
2015-05-26,1.8027
2015-05-27,1.81612
2015-05-28,1.847
2015-05-29,1.8406
2015-05-30,1.83017
2015-05-31,1.81209
2015-06-01,1.63856
2015-06-02,1.61608
2015-06-03,1.6705
2015-06-04,1.68667
2015-06-05,1.66929
2015-06-06,1.76106
2015-06-07,1.7585
2015-06-08,1.73182
2015-06-09,1.78491
2015-06-10,1.79665
2015-06-11,1.75915
2015-06-12,1.7896
2015-06-13,1.80274
2015-06-14,1.86078
2015-06-15,2.00235
2015-06-16,2.01804
2015-06-17,2.89642
2015-06-18,2.89033
2015-06-19,3.09533
2015-06-20,2.8102
2015-06-21,3.03519
2015-06-22,3.02145
2015-06-23,3.02777
2015-06-24,2.97423
2015-06-25,2.77278
2015-06-26,2.84674
2015-06-27,2.86143
2015-06-28,3.09358
2015-06-29,3.18773
2015-06-30,3.74412
2015-07-01,4.086
2015-07-02,3.92664
2015-07-03,4.06233
2015-07-04,4.11832
2015-07-05,4.1269
2015-07-06,4.947
2015-07-07,5.43707
2015-07-08,5.24678
2015-07-09,6.35645
2015-07-10,7.52701
2015-07-11,4.47577
2015-07-12,4.38751
2015-07-13,5.29992
2015-07-14,4.68284
2015-07-15,4.64896
2015-07-16,4.19748
2015-07-17,3.72079
2015-07-18,3.78299
2015-07-19,4.00438
2015-07-20,3.77032
2015-07-21,3.93053
2015-07-22,3.78298
2015-07-23,3.82554
2015-07-24,3.78946
2015-07-25,4.59776
2015-07-26,4.63255
2015-07-27,4.68313
2015-07-28,4.67001
2015-07-29,5.04962
2015-07-30,4.79262
2015-07-31,4.5822
2015-08-01,4.63908
2015-08-02,4.08738
2015-08-03,4.16947
2015-08-04,4.18342
2015-08-05,4.37433
2015-08-06,4.349
2015-08-07,4.06334
2015-08-08,4.22099
2015-08-09,3.84339
2015-08-10,3.9008
2015-08-11,3.94874
2015-08-12,4.14334
2015-08-13,3.97227
2015-08-14,3.88069
2015-08-15,4.02249
2015-08-16,3.93203
2015-08-17,3.96332
2015-08-18,3.98368
2015-08-19,3.47965
2015-08-20,3.47081
2015-08-21,3.60023
2015-08-22,3.56256
2015-08-23,3.51328
2015-08-24,3.39258
2015-08-25,2.98477
2015-08-26,2.94969
2015-08-27,2.94614
2015-08-28,2.84239
2015-08-29,2.91616
2015-08-30,2.87156
2015-08-31,2.85323
2015-09-01,2.84742
2015-09-02,2.81981
2015-09-03,2.79669
2015-09-04,2.63814
2015-09-05,2.70205
2015-09-06,2.91782
2015-09-07,3.039
2015-09-08,3.04737
2015-09-09,3.04828
2015-09-10,2.92465
2015-09-11,2.94878
2015-09-12,2.96257
2015-09-13,2.82479
2015-09-14,2.81492
2015-09-15,2.8442
2015-09-16,2.82994
2015-09-17,2.80622
2015-09-18,2.91062
2015-09-19,2.95491
2015-09-20,2.87507
2015-09-21,2.85372
2015-09-22,2.79847
2015-09-23,2.85505
2015-09-24,2.87151
2015-09-25,2.93324
2015-09-26,2.89472
2015-09-27,2.88899
2015-09-28,2.88133
2015-09-29,3.10265
2015-09-30,2.96609
2015-10-01,3.0139
2015-10-02,2.99683
2015-10-03,2.99867
2015-10-04,3.03292
2015-10-05,3.02106
2015-10-06,3.02012
2015-10-07,3.14897
2015-10-08,3.06134
2015-10-09,3.06913
2015-10-10,3.11235
2015-10-11,3.10868
2015-10-12,3.14903
2015-10-13,3.13909
2015-10-14,3.18153
2015-10-15,3.14995
2015-10-16,3.10864
2015-10-17,3.11124
2015-10-18,3.07411
2015-10-19,3.03062
2015-10-20,3.05258
2015-10-21,3.09344
2015-10-22,3.08079
2015-10-23,3.12043
2015-10-24,3.11266
2015-10-25,3.10972
2015-10-26,3.0711
2015-10-27,3.10703
2015-10-28,3.0993
2015-10-29,3.10248
2015-10-30,3.76857
2015-10-31,4.08356
2015-11-01,3.81509
2015-11-02,3.98289
2015-11-03,4.17497
2015-11-04,4.5799
2015-11-05,4.19955
2015-11-06,3.94524
2015-11-07,3.55124
2015-11-08,3.61987
2015-11-09,3.43286
2015-11-10,3.40039
2015-11-11,3.11711
2015-11-12,2.97215
2015-11-13,3.26864
2015-11-14,3.22337
2015-11-15,3.19864
2015-11-16,3.06645
2015-11-17,3.19037
2015-11-18,3.19891
2015-11-19,3.19123
2015-11-20,3.13604
2015-11-21,3.11744
2015-11-22,3.16329
2015-11-23,3.14389
2015-11-24,3.13036
2015-11-25,3.11383
2015-11-26,3.35139
2015-11-27,3.6014
2015-11-28,3.57541
2015-11-29,3.53436
2015-11-30,3.66437
2015-12-01,3.62608
2015-12-02,3.43093
2015-12-03,3.34672
2015-12-04,3.38233
2015-12-05,3.36994
2015-12-06,3.52538
2015-12-07,3.45255
2015-12-08,3.64767
2015-12-09,3.68282
2015-12-10,3.66964
2015-12-11,3.67299
2015-12-12,3.84252
2015-12-13,3.5963
2015-12-14,3.63688
2015-12-15,3.61842
2015-12-16,3.83891
2015-12-17,3.70411
2015-12-18,3.75132
2015-12-19,3.76516
2015-12-20,3.74056
2015-12-21,3.54621
2015-12-22,3.45878
2015-12-23,3.43238
2015-12-24,3.59019
2015-12-25,3.64888
2015-12-26,3.64114
2015-12-27,3.42032
2015-12-28,3.47781
2015-12-29,3.47063
2015-12-30,3.512
2015-12-31,3.4593
2016-01-01,3.47952
2016-01-02,3.51528
2016-01-03,3.504
2016-01-04,3.4791
2016-01-05,3.492
2016-01-06,3.46706
2016-01-07,3.45007
2016-01-08,3.5968
2016-01-09,3.57435
2016-01-10,3.55916
2016-01-11,3.52627
2016-01-12,3.55302
2016-01-13,3.48998
2016-01-14,3.47093
2016-01-15,3.46404
2016-01-16,2.96572
2016-01-17,3.08732
2016-01-18,3.01955
2016-01-19,3.04766
2016-01-20,3.0148
2016-01-21,3.38423
2016-01-22,3.23105
2016-01-23,3.08203
2016-01-24,3.11351
2016-01-25,3.18795
2016-01-26,3.12537
2016-01-27,3.15935
2016-01-28,3.29286
2016-01-29,3.1384
2016-01-30,3.11813
2016-01-31,3.09693
2016-02-01,3.07343
2016-02-02,3.08801
2016-02-03,3.08639
2016-02-04,3.05753
2016-02-05,3.17151
2016-02-06,3.14997
2016-02-07,3.1096
2016-02-08,3.0919
2016-02-09,3.07608
2016-02-10,3.08898
2016-02-11,3.11214
2016-02-12,3.09224
2016-02-13,3.11812
2016-02-14,3.14773
2016-02-15,3.23204
2016-02-16,3.20227
2016-02-17,3.22731
2016-02-18,3.2452
2016-02-19,3.26045
2016-02-20,3.26811
2016-02-21,3.45997
2016-02-22,3.46592
2016-02-23,3.48881
2016-02-24,3.40327
2016-02-25,3.38611
2016-02-26,3.36949
2016-02-27,3.42881
2016-02-28,3.41416
2016-02-29,3.4412
2016-03-01,3.44835
2016-03-02,3.43436
2016-03-03,3.36374
2016-03-04,3.3215
2016-03-05,3.25172
2016-03-06,3.19149
2016-03-07,3.22162
2016-03-08,3.27141
2016-03-09,3.25055
2016-03-10,3.27791
2016-03-11,3.28632
2016-03-12,3.39113
2016-03-13,3.28942
2016-03-14,3.30909
2016-03-15,3.30329
2016-03-16,3.30711
2016-03-17,3.31136
2016-03-18,3.30715
2016-03-19,3.17078
2016-03-20,3.18153
2016-03-21,3.20519
2016-03-22,3.20004
2016-03-23,3.23384
2016-03-24,3.24502
2016-03-25,3.22784
2016-03-26,3.22772
2016-03-27,3.23182
2016-03-28,3.30291
2016-03-29,3.26176
2016-03-30,3.22665
2016-03-31,3.22548
2016-04-01,3.24575
2016-04-02,3.2459
2016-04-03,3.26145
2016-04-04,3.2613
2016-04-05,3.24604
2016-04-06,3.25852
2016-04-07,3.25701
2016-04-08,3.24191
2016-04-09,3.22402
2016-04-10,3.22186
2016-04-11,3.22745
2016-04-12,3.24014
2016-04-13,3.26295
2016-04-14,3.24574
2016-04-15,3.24321
2016-04-16,3.27985
2016-04-17,3.28005
2016-04-18,3.26037
2016-04-19,3.2489
2016-04-20,3.29175
2016-04-21,3.28093
2016-04-22,3.34679
2016-04-23,3.32078
2016-04-24,3.34636
2016-04-25,3.62286
2016-04-26,3.79559
2016-04-27,4.04861
2016-04-28,3.87886
2016-04-29,3.79207
2016-04-30,3.81348
2016-05-01,3.6575
2016-05-02,3.70871
2016-05-03,3.68211
2016-05-04,3.74184
2016-05-05,3.74181
2016-05-06,3.71613
2016-05-07,3.81952
2016-05-08,3.93641
2016-05-09,3.93763
2016-05-10,4.05797
2016-05-11,3.82033
2016-05-12,3.88134
2016-05-13,3.85527
2016-05-14,3.92728
2016-05-15,4.01409
2016-05-16,4.06308
2016-05-17,4.00364
2016-05-18,3.9798
2016-05-19,4.00244
2016-05-20,3.82493
2016-05-21,3.88352
2016-05-22,3.95659
2016-05-23,3.92293
2016-05-24,3.96388
2016-05-25,3.95081
2016-05-26,4.04526
2016-05-27,4.08942
2016-05-28,4.51095
2016-05-29,4.68873
2016-05-30,4.63264
2016-05-31,4.6876
2016-06-01,4.65329
2016-06-02,4.74465
2016-06-03,4.71958
2016-06-04,4.86319
2016-06-05,4.79843
2016-06-06,4.81446
2016-06-07,4.95482
2016-06-08,4.77429
2016-06-09,4.77788
2016-06-10,4.752
2016-06-11,4.88234
2016-06-12,5.0673
2016-06-13,5.41465
2016-06-14,5.30518
2016-06-15,5.2231
2016-06-16,5.25305
2016-06-17,5.67243
2016-06-18,5.60399
2016-06-19,5.56037
2016-06-20,5.62519
2016-06-21,5.27355
2016-06-22,4.82753
2016-06-23,3.91814
2016-06-24,3.85183
2016-06-25,4.2746
2016-06-26,4.24301
2016-06-27,4.05153
2016-06-28,4.13775
2016-06-29,4.10169
2016-06-30,4.07738
2016-07-01,4.19349
2016-07-02,4.27777
2016-07-03,4.66093
2016-07-04,4.27269
2016-07-05,4.55779
2016-07-06,4.46446
2016-07-07,4.49656
2016-07-08,4.11567
2016-07-09,4.23739
2016-07-10,4.12157
2016-07-11,4.12118
2016-07-12,4.09219
2016-07-13,4.16283
2016-07-14,4.14098
2016-07-15,4.15446
2016-07-16,4.15271
2016-07-17,4.13772
2016-07-18,4.19939
2016-07-19,4.15275
2016-07-20,4.14999
2016-07-21,4.13319
2016-07-22,4.12578
2016-07-23,4.0426
2016-07-24,4.06375
2016-07-25,4.07262
2016-07-26,4.03719
2016-07-27,3.96491
2016-07-28,3.96576
2016-07-29,3.97479
2016-07-30,4.08266
2016-07-31,4.07958
2016-08-01,4.06291
2016-08-02,3.87169
2016-08-03,3.63943
2016-08-04,3.71197
2016-08-05,3.74201
2016-08-06,3.72116
2016-08-07,3.75868
2016-08-08,3.77451
2016-08-09,3.78284
2016-08-10,3.76176
2016-08-11,3.71741
2016-08-12,3.73846
2016-08-13,3.70867
2016-08-14,3.71571
2016-08-15,3.64829
2016-08-16,3.58503
2016-08-17,3.64511
2016-08-18,3.6028
2016-08-19,3.61098
2016-08-20,3.608
2016-08-21,3.61941
2016-08-22,3.61742
2016-08-23,3.66442
2016-08-24,3.92881
2016-08-25,3.85649
2016-08-26,3.80192
2016-08-27,3.82494
2016-08-28,3.73608
2016-08-29,3.73766
2016-08-30,3.76752
2016-08-31,3.80607
2016-09-01,3.79563
2016-09-02,3.83675
2016-09-03,3.82702
2016-09-04,3.8931
2016-09-05,4.02154
2016-09-06,3.98424
2016-09-07,3.98913
2016-09-08,3.96945
2016-09-09,3.98371
2016-09-10,3.97222
2016-09-11,3.96853
2016-09-12,3.87034
2016-09-13,3.8318
2016-09-14,3.81881
2016-09-15,3.83005
2016-09-16,3.81537
2016-09-17,3.80028
2016-09-18,3.8102
2016-09-19,4.04262
2016-09-20,3.82936
2016-09-21,3.86921
2016-09-22,3.85651
2016-09-23,3.7652
2016-09-24,3.81472
2016-09-25,3.79601
2016-09-26,3.79999
2016-09-27,3.85684
2016-09-28,3.85058
2016-09-29,3.83783
2016-09-30,3.8445
2016-10-01,3.84776
2016-10-02,3.84629
2016-10-03,3.85015
2016-10-04,3.83891
2016-10-05,3.83212
2016-10-06,3.84639
2016-10-07,3.83852
2016-10-08,3.86397
2016-10-09,3.84468
2016-10-10,3.82321
2016-10-11,3.804
2016-10-12,3.82044
2016-10-13,3.74645
2016-10-14,3.91199
2016-10-15,3.90036
2016-10-16,3.88257
2016-10-17,3.89224
2016-10-18,3.95415
2016-10-19,3.84618
2016-10-20,3.80797
2016-10-21,3.79027
2016-10-22,3.80969
2016-10-23,3.89372
2016-10-24,3.9202
2016-10-25,3.87133
2016-10-26,3.91142
2016-10-27,3.96027
2016-10-28,4.03587
2016-10-29,3.97651
2016-10-30,4.09595
2016-10-31,4.03708
2016-11-01,3.9986
2016-11-02,4.09081
2016-11-03,4.11298
2016-11-04,3.85571
2016-11-05,3.87851
2016-11-06,3.86028
2016-11-07,3.88833
2016-11-08,3.83697
2016-11-09,3.84603
2016-11-10,3.85854
2016-11-11,3.83641
2016-11-12,3.81437
2016-11-13,3.76618
2016-11-14,3.87889
2016-11-15,3.88883
2016-11-16,3.90046
2016-11-17,4.05557
2016-11-18,3.95862
2016-11-19,3.97737
2016-11-20,3.96574
2016-11-21,3.93212
2016-11-22,3.9522
2016-11-23,3.96887
2016-11-24,3.93211
2016-11-25,3.91291
2016-11-26,3.92061
2016-11-27,3.90792
2016-11-28,3.89774
2016-11-29,3.89251
2016-11-30,3.88781
2016-12-01,3.90945
2016-12-02,3.91922
2016-12-03,3.9496
2016-12-04,3.93236
2016-12-05,3.88444
2016-12-06,3.48905
2016-12-07,3.54108
2016-12-08,3.60278
2016-12-09,3.69109
2016-12-10,3.69489
2016-12-11,3.68797
2016-12-12,3.64073
2016-12-13,3.6655
2016-12-14,3.65726
2016-12-15,3.61289
2016-12-16,3.62715
2016-12-17,3.62987
2016-12-18,3.70389
2016-12-19,3.67721
2016-12-20,3.65986
2016-12-21,3.66452
2016-12-22,3.66561
2016-12-23,3.71586
2016-12-24,4.64649
2016-12-25,4.55545
2016-12-26,4.34654
2016-12-27,4.36857
2016-12-28,4.48757
2016-12-29,4.57886
2016-12-30,4.56249
2016-12-31,4.39233
2017-01-01,4.32912
2017-01-02,4.52045
2017-01-03,4.65588
2017-01-04,4.63375
2017-01-05,4.91437
2017-01-06,4.3024
2017-01-07,3.86339
2017-01-08,3.95912
2017-01-09,3.99698
2017-01-10,4.30092
2017-01-11,4.59716
2017-01-12,3.83671
2017-01-13,3.94848
2017-01-14,3.89258
2017-01-15,3.88878
2017-01-16,3.92204
2017-01-17,3.9057
2017-01-18,3.94225
2017-01-19,3.8419
2017-01-20,3.85918
2017-01-21,3.89257
2017-01-22,3.90248
2017-01-23,3.85613
2017-01-24,3.83527
2017-01-25,3.79133
2017-01-26,3.71444
2017-01-27,3.8401
2017-01-28,3.85353
2017-01-29,3.85244
2017-01-30,3.85623
2017-01-31,4.0165
2017-02-01,4.07604
2017-02-02,4.07515
2017-02-03,4.08163
2017-02-04,4.08451
2017-02-05,4.06511
2017-02-06,4.05798
2017-02-07,4.05348
2017-02-08,4.04974
2017-02-09,4.02965
2017-02-10,3.80109
2017-02-11,3.77722
2017-02-12,3.79587
2017-02-13,3.76823
2017-02-14,3.71529
2017-02-15,3.76918
2017-02-16,3.79676
2017-02-17,3.77838
2017-02-18,3.828
2017-02-19,3.79258
2017-02-20,3.76865
2017-02-21,3.76362
2017-02-22,3.78758
2017-02-23,3.80004
2017-02-24,3.83092
2017-02-25,3.85222
2017-02-26,3.81588
2017-02-27,3.81343
2017-02-28,3.80369
2017-03-01,3.77306
2017-03-02,3.79529
2017-03-03,3.92129
2017-03-04,3.91191
2017-03-05,3.8631
2017-03-06,3.87224
2017-03-07,3.89404
2017-03-08,3.80758
2017-03-09,3.76639
2017-03-10,3.82828
2017-03-11,3.7588
2017-03-12,3.7866
2017-03-13,3.84744
2017-03-14,4.17381
2017-03-15,4.04686
2017-03-16,4.14731
2017-03-17,4.23317
2017-03-18,4.04052
2017-03-19,3.9565
2017-03-20,3.95048
2017-03-21,4.03637
2017-03-22,3.98735
2017-03-23,3.93174
2017-03-24,3.97307
2017-03-25,4.07347
2017-03-26,4.06615
2017-03-27,4.06639
2017-03-28,4.06968
2017-03-29,4.14237
2017-03-30,4.17891
2017-03-31,7.01873
2017-04-01,6.65316
2017-04-02,6.86292
2017-04-03,7.74462
2017-04-04,8.11843
2017-04-05,8.24728
2017-04-06,11.1231
2017-04-07,10.2235
2017-04-08,9.33604
2017-04-09,9.88879
2017-04-10,8.721
2017-04-11,8.91162
2017-04-12,8.83101
2017-04-13,10.7644
2017-04-14,10.1309
2017-04-15,10.3421
2017-04-16,10.7455
2017-04-17,10.5957
2017-04-18,10.4189
2017-04-19,10.3138
2017-04-20,9.63475
2017-04-21,10.2915
2017-04-22,11.1766
2017-04-23,13.0653
2017-04-24,13.964
2017-04-25,14.9787
2017-04-26,15.2059
2017-04-27,14.8436
2017-04-28,14.5931
2017-04-29,14.397
2017-04-30,15.7031
2017-05-01,15.7081
2017-05-02,15.9227
2017-05-03,15.8752
2017-05-04,21.0445
2017-05-05,23.471201
2017-05-06,26.466801
2017-05-07,28.2015
2017-05-08,30.3724
2017-05-09,28.964399
2017-05-10,33.2981
2017-05-11,32.657101
2017-05-12,30.931299
2017-05-13,27.218901
2017-05-14,29.09
2017-05-15,28.894501
2017-05-16,25.337601
2017-05-17,23.242399
2017-05-18,25.1654
2017-05-19,28.2871
2017-05-20,27.681299
2017-05-21,27.4762
2017-05-22,26.1415
2017-05-23,25.303499
2017-05-24,32.1217
2017-05-25,34.469002
2017-05-26,30.3251
2017-05-27,23.403099
2017-05-28,24.007401
2017-05-29,24.3249
2017-05-30,25.318899
2017-05-31,24.293501
2017-06-01,25.343901
2017-06-02,28.897301
2017-06-03,29.036301
2017-06-04,27.650299
2017-06-05,28.09
2017-06-06,30.8407
2017-06-07,30.568701
2017-06-08,28.3813
2017-06-09,30.1873
2017-06-10,29.6845
2017-06-11,30.5009
2017-06-12,33.230499
2017-06-13,29.4916
2017-06-14,30.739
2017-06-15,30.215401
2017-06-16,30.2791
2017-06-17,36.183899
2017-06-18,47.4422
2017-06-19,46.161999
2017-06-20,50.409
2017-06-21,47.2952
2017-06-22,47.7188
2017-06-23,47.747799
2017-06-24,47.2467
2017-06-25,44.4907
2017-06-26,44.036999
2017-06-27,41.131302
2017-06-28,40.816002
2017-06-29,42.830101
2017-06-30,41.042999
2017-07-01,40.404099
2017-07-02,38.9492
2017-07-03,41.4785
2017-07-04,46.562599
2017-07-05,55.274899
2017-07-06,53.195499
2017-07-07,51.101501
2017-07-08,46.639301
2017-07-09,52.363701
2017-07-10,49.908798
2017-07-11,46.2742
2017-07-12,45.255901
2017-07-13,48.7234
2017-07-14,46.3592
2017-07-15,42.805302
2017-07-16,38.921001
2017-07-17,41.189201
2017-07-18,42.623001
2017-07-19,44.347401
2017-07-20,40.955399
2017-07-21,45.068501
2017-07-22,45.772999
2017-07-23,46.628201
2017-07-24,44.159599
2017-07-25,44.482899
2017-07-26,42.287998
2017-07-27,42.353199
2017-07-28,42.216202
2017-07-29,40.558899
2017-07-30,41.184502
2017-07-31,40.340302
2017-08-01,43.019299
2017-08-02,43.074902
2017-08-03,42.193001
2017-08-04,42.893501
2017-08-05,43.486
2017-08-06,46.845001
2017-08-07,45.1717
2017-08-08,45.898102
2017-08-09,48.5867
2017-08-10,48.0494
2017-08-11,46.4049
2017-08-12,47.050598
2017-08-13,46.568699
2017-08-14,45.832298
2017-08-15,45.813499
2017-08-16,43.371899
2017-08-17,44.178799
2017-08-18,43.897202
2017-08-19,47.054298
2017-08-20,45.376202
2017-08-21,46.1898
2017-08-22,47.895199
2017-08-23,46.7136
2017-08-24,52.824402
2017-08-25,50.172298
2017-08-26,51.165798
2017-08-27,51.804798
2017-08-28,61.3634
2017-08-29,62.3946
2017-08-30,63.163799
2017-08-31,64.158203
2017-09-01,70.856102
2017-09-02,85.829903
2017-09-03,78.979897
2017-09-04,76.732101
2017-09-05,65.251297
2017-09-06,71.777298
2017-09-07,79.877998
2017-09-08,78.452797
2017-09-09,67.2127
2017-09-10,65.802803
2017-09-11,61.646599
2017-09-12,66.2388
2017-09-13,64.321602
2017-09-14,61.6422
2017-09-15,41.685001
2017-09-16,48.1334
2017-09-17,48.2304
2017-09-18,48.530201
2017-09-19,55.683601
2017-09-20,52.7449
2017-09-21,51.663601
2017-09-22,46.652699
2017-09-23,48.157101
2017-09-24,49.250099
2017-09-25,47.6199
2017-09-26,51.687901
2017-09-27,51.576199
2017-09-28,56.2122
2017-09-29,54.109299
2017-09-30,52.626499
2017-10-01,55.1362
2017-10-02,54.546902
2017-10-03,53.3904
2017-10-04,52.284302
2017-10-05,51.401402
2017-10-06,51.636002
2017-10-07,52.137501
2017-10-08,52.4935
2017-10-09,53.0825
2017-10-10,50.154202
2017-10-11,50.7533
2017-10-12,50.8867
2017-10-13,60.551899
2017-10-14,59.405602
2017-10-15,64.126602
2017-10-16,65.7183
2017-10-17,64.673203
2017-10-18,59.586899
2017-10-19,60.8218
2017-10-20,59.809799
2017-10-21,60.303799
2017-10-22,58.2719
2017-10-23,56.770699
2017-10-24,54.959499
2017-10-25,55.951698
2017-10-26,56.468601
2017-10-27,55.6731
2017-10-28,55.3843
2017-10-29,54.6698
2017-10-30,56.840199
2017-10-31,56.365002
2017-11-01,55.7407
2017-11-02,53.5592
2017-11-03,54.578201
2017-11-04,56.2159
2017-11-05,55.0257
2017-11-06,54.759201
2017-11-07,54.987701
2017-11-08,61.112999
2017-11-09,62.489601
2017-11-10,64.436203
2017-11-11,59.3489
2017-11-12,62.3092
2017-11-13,59.1758
2017-11-14,61.642899
2017-11-15,62.7752
2017-11-16,63.809101
2017-11-17,70.448402
2017-11-18,67.405197
2017-11-19,69.511902
2017-11-20,71.413002
2017-11-21,72.1968
2017-11-22,70.182198
2017-11-23,71.975098
2017-11-24,73.141899
2017-11-25,77.908699
2017-11-26,88.939301
2017-11-27,85.889702
2017-11-28,91.723999
2017-11-29,96.012497
2017-11-30,86.246696
2017-12-01,88.003502
2017-12-02,98.941498
2017-12-03,100.195
2017-12-04,101.396004
2017-12-05,104.277
2017-12-06,102.477997
2017-12-07,99.9841
2017-12-08,98.328102
2017-12-09,127.478996
2017-12-10,155.626999
2017-12-11,148.257996
2017-12-12,212.464005
2017-12-13,315.362
2017-12-14,301.197998
2017-12-15,280.967987
2017-12-16,299.337006
2017-12-17,301.783997
2017-12-18,318.953003
2017-12-19,359.125
2017-12-20,349.604004
2017-12-21,314.660004
2017-12-22,319.256989
2017-12-23,269.266998
2017-12-24,291.007996
2017-12-25,277.493988
2017-12-26,273.108002
2017-12-27,286.588989
2017-12-28,272.126007
2017-12-29,250.352005
2017-12-30,245.087006
2017-12-31,216.975006
2018-01-01,231.666
2018-01-02,228.990005
2018-01-03,255.695007
2018-01-04,245.475006
2018-01-05,241.033997
2018-01-06,249.768005
2018-01-07,296.053009
2018-01-08,287.725006
2018-01-09,254.606003
2018-01-10,248.072998
2018-01-11,251.522003
2018-01-12,229.787003
2018-01-13,236.882004
2018-01-14,260.57901
2018-01-15,237.289001
2018-01-16,232.817001
2018-01-17,190.145004
2018-01-18,186.949005
2018-01-19,191.192001
2018-01-20,194.378006
2018-01-21,211.235001
2018-01-22,191.789993
2018-01-23,180.279007
2018-01-24,178.425003
2018-01-25,181.563004
2018-01-26,179.819
2018-01-27,176.660995
2018-01-28,181.421005
2018-01-29,193.751007
2018-01-30,181.445007
2018-01-31,165.296005
2018-02-01,163.682007
2018-02-02,142.561996
2018-02-03,131.401001
2018-02-04,160.380997
2018-02-05,148.727005
2018-02-06,127.521004
2018-02-07,142.481995
2018-02-08,138.335999
2018-02-09,149.729996
2018-02-10,163.488007
2018-02-11,155.391998
2018-02-12,150.104004
2018-02-13,161.774994
2018-02-14,159.578995
2018-02-15,212.347
2018-02-16,225.5
2018-02-17,229.501999
2018-02-18,230.509003
2018-02-19,215.414993
2018-02-20,223.087006
2018-02-21,230.947998
2018-02-22,212.841003
2018-02-23,194.192993
2018-02-24,210.636993
2018-02-25,208.132004
2018-02-26,222.138
2018-02-27,221.710007
2018-02-28,217.279007
2018-03-01,203.119003
2018-03-02,209.554993
2018-03-03,213.837997
2018-03-04,210.235992
2018-03-05,213.740005
2018-03-06,210.513
2018-03-07,196.826004
2018-03-08,185.697998
2018-03-09,176.481003
2018-03-10,188.113007
2018-03-11,177.513
2018-03-12,189.016006
2018-03-13,177.597
2018-03-14,175.936996
2018-03-15,161.201996
2018-03-16,164.817001
2018-03-17,165.188004
2018-03-18,152.537003
2018-03-19,155.475006
2018-03-20,161.520996
2018-03-21,169.557007
2018-03-22,168.723007
2018-03-23,163.576996
2018-03-24,168.533997
2018-03-25,158.863998
2018-03-26,160.164993
2018-03-27,148.960999
2018-03-28,135.490005
2018-03-29,131.925003
2018-03-30,114.804001
2018-03-31,118.637001
2018-04-01,116.904999
2018-04-02,115.237
2018-04-03,119.509003
2018-04-04,133.908005
2018-04-05,118.209
2018-04-06,118.815002
2018-04-07,113.135002
2018-04-08,116.291
2018-04-09,117.782997
2018-04-10,115.212997
2018-04-11,114.289001
2018-04-12,118.292
2018-04-13,129.274002
2018-04-14,125.223999
2018-04-15,126.668999
2018-04-16,131.968002
2018-04-17,128.710007
2018-04-18,132.376999
2018-04-19,140.041
2018-04-20,146.501007
2018-04-21,155.684998
2018-04-22,148.608002
2018-04-23,146.671997
2018-04-24,152.574997
2018-04-25,165.087006
2018-04-26,144.699005
2018-04-27,153.444
2018-04-28,145.742004
2018-04-29,152.164993
2018-04-30,153.647003
2018-05-01,148.343994
2018-05-02,148.445007
2018-05-03,151.858994
2018-05-04,160.468994
2018-05-05,168.350006
2018-05-06,178.020996
2018-05-07,171.759003
2018-05-08,164.830002
2018-05-09,159.617004
2018-05-10,157.151001
2018-05-11,149.445007
2018-05-12,137.257004
2018-05-13,141.798004
2018-05-14,144.623993
2018-05-15,147.488007
2018-05-16,139.649994
2018-05-17,139.559006
2018-05-18,132.703995
2018-05-19,135.964996
2018-05-20,135.272003
2018-05-21,139.643997
2018-05-22,134.259995
2018-05-23,128.807999
2018-05-24,119.195
2018-05-25,122.558998
2018-05-26,119.349998
2018-05-27,118.503998
2018-05-28,117.93
2018-05-29,111.844002
2018-05-30,119.540001
2018-05-31,117.318001
2018-06-01,118.028
2018-06-02,119.828003
2018-06-03,123.285004
2018-06-04,125.210999
2018-06-05,119.896004
2018-06-06,121.888
2018-06-07,121.338997
2018-06-08,121.515999
2018-06-09,120.108002
2018-06-10,117.561996
2018-06-11,106.541
2018-06-12,107.428001
2018-06-13,100.799004
2018-06-14,93.993698
2018-06-15,101.114998
2018-06-16,96.5784
2018-06-17,97.717598
2018-06-18,95.773499
2018-06-19,98.727303
2018-06-20,98.956299
2018-06-21,97.881203
2018-06-22,96.941101
2018-06-23,85.093002
2018-06-24,82.739098
2018-06-25,80.3666
2018-06-26,81.815201
2018-06-27,76.931999
2018-06-28,80.625702
2018-06-29,74.808899
2018-06-30,78.946602
2018-07-01,81.503998
2018-07-02,80.2677
2018-07-03,85.387802
2018-07-04,85.172798
2018-07-05,85.653198
2018-07-06,83.837303
2018-07-07,83.404297
2018-07-08,86.262299
2018-07-09,82.544098
2018-07-10,80.782303
2018-07-11,76.129898
2018-07-12,78.594101
2018-07-13,77.292099
2018-07-14,76.973297
2018-07-15,76.704597
2018-07-16,78.959602
2018-07-17,84.301498
2018-07-18,89.821503
2018-07-19,86.898201
2018-07-20,86.681999
2018-07-21,82.658302
2018-07-22,84.264503
2018-07-23,83.231499
2018-07-24,82.682999
2018-07-25,88.657204
2018-07-26,86.277199
2018-07-27,83.730003
2018-07-28,84.536903
2018-07-29,84.0541
2018-07-30,84.153999
2018-07-31,82.689301
2018-08-01,80.3908
2018-08-02,77.714203
2018-08-03,76.301804
2018-08-04,77.422302
2018-08-05,73.379097
2018-08-06,75.0616
2018-08-07,74.003098
2018-08-08,68.162804
2018-08-09,62.473
2018-08-10,63.974998
2018-08-11,59.487598
2018-08-12,58.217499
2018-08-13,59.4837
2018-08-14,57.004799
2018-08-15,54.679001
2018-08-16,54.535999
2018-08-17,55.329399
2018-08-18,61.556801
2018-08-19,57.222698
2018-08-20,57.908401
2018-08-21,53.771599
2018-08-22,56.6591
2018-08-23,55.193699
2018-08-24,57.604198
2018-08-25,57.923599
2018-08-26,58.051601
2018-08-27,57.2593
2018-08-28,60.226002
2018-08-29,63.029202
2018-08-30,61.765598
2018-08-31,60.422798
2018-09-01,61.7388
2018-09-02,65.984802
2018-09-03,65.817596
2018-09-04,65.319901
2018-09-05,67.6679
2018-09-06,58.320999
2018-09-07,57.342201
2018-09-08,56.126701
2018-09-09,53.2747
2018-09-10,54.993698
2018-09-11,54.6068
2018-09-12,52.389
2018-09-13,51.883301
2018-09-14,54.647598
2018-09-15,56.336899
2018-09-16,56.581001
2018-09-17,57.0201
2018-09-18,52.2938
2018-09-19,54.017502
2018-09-20,54.372799
2018-09-21,56.7827
2018-09-22,60.814602
2018-09-23,60.548302
2018-09-24,61.339298
2018-09-25,58.021
2018-09-26,57.4492
2018-09-27,57.450001
2018-09-28,63.171501
2018-09-29,61.643501
2018-09-30,61.625301
2018-10-01,61.098598
2018-10-02,60.301201
2018-10-03,59.5755
2018-10-04,57.5215
2018-10-05,58.331501
2018-10-06,58.875702
2018-10-07,57.934898
2018-10-08,58.2318
2018-10-09,59.4454
2018-10-10,58.664101
2018-10-11,57.976398
2018-10-12,50.874599
2018-10-13,53.4561
2018-10-14,53.509201
2018-10-15,52.173801
2018-10-16,54.965099
2018-10-17,54.2649
2018-10-18,53.7169
2018-10-19,52.552299
2018-10-20,53.067001
2018-10-21,53.4347
2018-10-22,52.784599
2018-10-23,52.237
2018-10-24,52.456501
2018-10-25,52.488098
2018-10-26,52.219601
2018-10-27,52.1278
2018-10-28,52.052299
2018-10-29,51.832699
2018-10-30,48.996498
2018-10-31,49.337799
2018-11-01,49.562302
2018-11-02,50.3395
2018-11-03,51.2976
2018-11-04,50.986198
2018-11-05,53.5933
2018-11-06,53.702499
2018-11-07,56.043999
2018-11-08,54.192402
2018-11-09,52.3647
2018-11-10,51.9268
2018-11-11,52.318901
2018-11-12,51.4771
2018-11-13,50.634899
2018-11-14,49.578899
2018-11-15,43.727699
2018-11-16,43.961102
2018-11-17,42.4888
2018-11-18,42.0882
2018-11-19,42.339401
2018-11-20,36.572498
2018-11-21,33.065201
2018-11-22,34.692799
2018-11-23,32.022202
2018-11-24,32.259701
2018-11-25,29.226801
2018-11-26,30.8687
2018-11-27,29.409599
2018-11-28,31.116899
2018-11-29,34.71944
2018-11-30,33.799175
2018-12-01,32.130596
2018-12-02,34.262409
2018-12-03,33.810291
2018-12-04,31.005577
2018-12-05,31.215851
2018-12-06,29.248985
2018-12-07,26.907946
2018-12-08,25.128456
2018-12-09,24.803595
2018-12-10,25.911686
2018-12-11,24.600491
2018-12-12,23.795937
2018-12-13,24.530657
2018-12-14,23.646481
2018-12-15,23.462881
2018-12-16,23.787989
2018-12-17,25.682781
2018-12-18,29.266506
2018-12-19,30.327751
2018-12-20,29.604042
2018-12-21,32.732635
2018-12-22,30.82662
2018-12-23,31.992167
2018-12-24,33.473583
2018-12-25,33.401596
2018-12-26,31.093464
2018-12-27,30.962173
2018-12-28,28.300598
2018-12-29,32.558426
2018-12-30,31.423141
2018-12-31,31.977234
2019-01-01,30.458393
2019-01-02,32.021229
2019-01-03,33.353573
2019-01-04,32.016525
2019-01-05,32.345547
2019-01-06,34.847218
2019-01-07,39.279751
2019-01-08,37.918991
2019-01-09,39.446453
2019-01-10,38.987137
2019-01-11,33.683475
2019-01-12,32.456207
2019-01-13,32.395824
2019-01-14,30.378098
2019-01-15,32.384205
2019-01-16,31.438589
2019-01-17,31.850113
2019-01-18,31.91345
2019-01-19,31.480209
2019-01-20,32.490044
2019-01-21,31.188656
2019-01-22,31.213305
2019-01-23,31.669024
2019-01-24,32.042973
2019-01-25,32.820435
2019-01-26,32.96796
2019-01-27,33.081963
2019-01-28,32.517124
2019-01-29,31.235544
2019-01-30,31.066559
2019-01-31,31.890856
2019-02-01,31.719522
2019-02-02,32.817982
2019-02-03,34.43121
2019-02-04,33.464359
2019-02-05,34.009163
2019-02-06,34.347305
2019-02-07,32.905396
2019-02-08,33.235271
2019-02-09,43.021866
2019-02-10,44.763634
2019-02-11,46.881832
2019-02-12,43.168873
2019-02-13,43.83334
2019-02-14,41.875496
2019-02-15,41.643276
2019-02-16,42.759766
2019-02-17,43.396259
2019-02-18,43.88195
2019-02-19,48.136169
2019-02-20,47.820896
2019-02-21,51.835323
2019-02-22,49.132931
2019-02-23,49.671822
2019-02-24,51.68029
2019-02-25,44.575947
2019-02-26,46.17646
2019-02-27,45.498642
2019-02-28,45.616497
2019-03-01,46.235413
2019-03-02,47.481236
2019-03-03,49.021946
2019-03-04,48.334953
2019-03-05,46.523563
2019-03-06,53.020226
2019-03-07,55.837769
2019-03-08,57.435509
2019-03-09,56.001781
2019-03-10,58.09853
2019-03-11,57.187702
2019-03-12,55.413017
2019-03-13,57.075665
2019-03-14,55.860012
2019-03-15,56.541637
2019-03-16,58.994133
2019-03-17,61.881493
2019-03-18,61.284283
2019-03-19,60.224297
2019-03-20,60.677914
2019-03-21,60.867493
2019-03-22,59.302612
2019-03-23,59.791531
2019-03-24,61.242916
2019-03-25,60.302681
2019-03-26,59.508308
2019-03-27,59.407898
2019-03-28,62.222458
2019-03-29,61.167595
2019-03-30,61.254097
2019-03-31,60.638481
2019-04-01,60.769836
2019-04-02,60.704704
2019-04-03,76.256302
2019-04-04,85.173927
2019-04-05,85.037949
2019-04-06,88.707771
2019-04-07,92.421371
2019-04-08,92.327896
2019-04-09,89.497734
2019-04-10,86.77433
2019-04-11,88.393532
2019-04-12,79.632645
2019-04-13,78.946709
2019-04-14,78.204674
2019-04-15,83.014893
2019-04-16,79.038223
2019-04-17,81.352409
2019-04-18,79.392204
2019-04-19,82.098816
2019-04-20,82.550385
2019-04-21,81.522018
2019-04-22,77.294411
2019-04-23,76.8535
2019-04-24,74.753876
2019-04-25,73.245316
2019-04-26,71.363304
2019-04-27,73.213371
2019-04-28,72.120308
2019-04-29,69.784256
2019-04-30,67.950584
2019-05-01,74.303352
2019-05-02,73.682755
2019-05-03,73.76445
2019-05-04,79.307938
2019-05-05,78.004234
2019-05-06,76.028984
2019-05-07,74.979942
2019-05-08,74.647369
2019-05-09,74.593979
2019-05-10,74.18959
2019-05-11,77.16275
2019-05-12,89.539299
2019-05-13,84.632576
2019-05-14,88.053047
2019-05-15,91.661552
2019-05-16,101.573143
2019-05-17,95.632607
2019-05-18,89.010017
2019-05-19,86.675331
2019-05-20,95.339371
2019-05-21,91.572083
2019-05-22,91.505104
2019-05-23,88.197609
2019-05-24,88.973946
2019-05-25,100.04554
2019-05-26,102.700592
2019-05-27,111.435295
2019-05-28,117.891891
2019-05-29,114.925446
2019-05-30,115.140594
2019-05-31,108.69622
2019-06-01,114.466255
2019-06-02,112.710167
2019-06-03,114.668709
2019-06-04,107.372932
2019-06-05,102.119499
2019-06-06,103.806831
2019-06-07,110.975151
2019-06-08,117.278076
2019-06-09,118.58606
2019-06-10,114.99556
2019-06-11,129.26413
2019-06-12,136.085831
2019-06-13,135.682114
2019-06-14,131.314011
2019-06-15,133.17981
2019-06-16,138.148788
2019-06-17,137.129944
2019-06-18,134.472092
2019-06-19,135.152664
2019-06-20,136.60228
2019-06-21,135.508514
2019-06-22,139.036957
2019-06-23,141.94516
2019-06-24,136.920868
2019-06-25,135.580948
2019-06-26,136.477005
2019-06-27,131.223007
2019-06-28,114.41111
2019-06-29,120.155098
2019-06-30,133.72464
2019-07-01,122.114136
2019-07-02,122.556335
2019-07-03,119.334221
2019-07-04,122.502754
2019-07-05,119.837662
2019-07-06,118.378716
2019-07-07,118.026009
2019-07-08,120.283493
2019-07-09,123.247101
2019-07-10,119.500999
2019-07-11,108.570404
2019-07-12,102.827324
2019-07-13,105.286636
2019-07-14,101.106796
2019-07-15,89.857735
2019-07-16,90.90007
2019-07-17,79.407326
2019-07-18,89.694733
2019-07-19,101.08194
2019-07-20,98.456924
2019-07-21,100.506561
2019-07-22,99.557892
2019-07-23,95.406654
2019-07-24,90.461143
2019-07-25,94.35981
2019-07-26,93.411346
2019-07-27,94.316109
2019-07-28,88.885887
2019-07-29,89.771797
2019-07-30,90.471451
2019-07-31,90.471001
2019-08-01,98.566689
2019-08-02,99.199585
2019-08-03,95.016815
2019-08-04,94.598244
2019-08-05,93.085281
2019-08-06,96.889603
2019-08-07,93.038872
2019-08-08,90.911568
2019-08-09,90.089195
2019-08-10,84.390991
2019-08-11,85.450752
2019-08-12,89.702393
2019-08-13,85.746429
2019-08-14,84.420349
2019-08-15,76.13327
2019-08-16,76.315247
2019-08-17,74.90509
2019-08-18,72.8396
2019-08-19,76.337112
2019-08-20,77.298386
2019-08-21,75.244278
2019-08-22,72.950768
2019-08-23,73.577332
2019-08-24,75.407806
2019-08-25,73.470039
2019-08-26,72.320229
2019-08-27,73.933868
2019-08-28,72.902771
2019-08-29,67.355339
2019-08-30,64.083733
2019-08-31,64.359093
2019-09-01,64.558609
2019-09-02,66.113625
2019-09-03,66.990768
2019-09-04,69.176498
2019-09-05,67.308739
2019-09-06,65.386726
2019-09-07,65.236877
2019-09-08,69.016068
2019-09-09,70.619392
2019-09-10,70.132103
2019-09-11,70.876144
2019-09-12,69.958572
2019-09-13,69.233208
2019-09-14,69.021957
2019-09-15,70.587219
2019-09-16,70.323318
2019-09-17,72.591072
2019-09-18,74.228523
2019-09-19,77.919273
2019-09-20,76.95784
2019-09-21,75.181816
2019-09-22,73.509254
2019-09-23,72.613213
2019-09-24,66.844116
2019-09-25,55.834206
2019-09-26,57.657761
2019-09-27,55.566452
2019-09-28,56.416576
2019-09-29,55.706615
2019-09-30,54.314339
2019-10-01,56.089233
2019-10-02,56.013378
2019-10-03,56.53479
2019-10-04,56.523712
2019-10-05,56.809544
2019-10-06,56.835426
2019-10-07,55.342026
2019-10-08,57.793385
2019-10-09,57.420483
2019-10-10,59.401573
2019-10-11,57.769424
2019-10-12,56.404388
2019-10-13,55.941875
2019-10-14,56.718159
2019-10-15,57.00732
2019-10-16,54.986629
2019-10-17,52.897232
2019-10-18,54.934757
2019-10-19,53.465134
2019-10-20,54.063122
2019-10-21,54.916088
2019-10-22,54.928261
2019-10-23,53.753723
2019-10-24,49.683434
2019-10-25,50.114281
2019-10-26,56.945976
2019-10-27,56.802624
2019-10-28,59.9198
2019-10-29,58.051361
2019-10-30,59.865326
2019-10-31,58.363445
2019-11-01,58.746315
2019-11-02,58.579086
2019-11-03,58.592102
2019-11-04,58.595737
2019-11-05,61.577427
2019-11-06,63.345425
2019-11-07,64.239006
2019-11-08,61.877556
2019-11-09,60.486755
2019-11-10,61.897144
2019-11-11,63.779156
2019-11-12,61.933453
2019-11-13,61.370422
2019-11-14,61.077152
2019-11-15,59.480595
2019-11-16,57.7883
2019-11-17,58.604748
2019-11-18,59.570045
2019-11-19,56.804165
2019-11-20,55.63377
2019-11-21,55.284191
2019-11-22,50.879673
2019-11-23,47.62233
2019-11-24,48.714859
2019-11-25,44.769817
2019-11-26,45.814106
2019-11-27,47.164562
2019-11-28,48.002125
2019-11-29,47.091339
2019-11-30,48.912785
2019-12-01,47.463898
2019-12-02,47.65147
2019-12-03,45.775471
2019-12-04,45.399948
2019-12-05,45.142643
2019-12-06,45.28791
2019-12-07,45.673733
2019-12-08,45.68227
2019-12-09,45.899914
2019-12-10,45.012054
2019-12-11,44.610558
2019-12-12,43.922695
2019-12-13,44.011265
2019-12-14,44.44957
2019-12-15,43.84594
2019-12-16,43.784161
2019-12-17,40.358624
2019-12-18,37.116276
2019-12-19,40.793453
2019-12-20,39.939907
2019-12-21,40.304817
2019-12-22,40.010098
2019-12-23,41.954311
2019-12-24,40.862877
2019-12-25,40.73457
2019-12-26,40.608425
2019-12-27,40.261745
2019-12-28,41.165157
2019-12-29,42.797741
2019-12-30,43.753933
2019-12-31,42.766113
2020-01-01,41.326534
2020-01-02,42.018085
2020-01-03,39.863129
2020-01-04,42.383526
2020-01-05,43.291382
2020-01-06,43.603893
2020-01-07,45.83868
2020-01-08,46.448353
2020-01-09,45.622269
2020-01-10,45.21154
2020-01-11,48.633858
2020-01-12,49.319157
2020-01-13,51.122311
2020-01-14,49.697361
2020-01-15,58.390266
2020-01-16,58.047962
2020-01-17,57.642967
2020-01-18,61.302834
2020-01-19,59.445709
2020-01-20,57.781528
2020-01-21,57.233521
2020-01-22,57.639591
2020-01-23,58.350388
2020-01-24,54.643814
2020-01-25,54.564056
2020-01-26,53.687065
2020-01-27,56.275341
2020-01-28,58.768562
2020-01-29,60.663769
2020-01-30,60.013916
2020-01-31,68.179039
2020-02-01,67.908516
2020-02-02,70.802345
2020-02-03,69.992584
2020-02-04,69.769485
2020-02-05,68.114609
2020-02-06,72.532379
2020-02-07,73.467918
2020-02-08,74.395378
2020-02-09,76.449097
2020-02-10,77.143051
2020-02-11,74.346077
2020-02-12,76.493523
2020-02-13,81.229721
2020-02-14,80.375511
2020-02-15,83.025452
2020-02-16,76.729309
2020-02-17,74.968086
2020-02-18,73.185623
2020-02-19,77.075516
2020-02-20,70.981949
2020-02-21,69.570442
2020-02-22,73.485863
2020-02-23,75.074013
2020-02-24,79.559517
2020-02-25,75.495399
2020-02-26,71.180382
2020-02-27,61.027927
2020-02-28,61.437935
2020-02-29,59.748737
2020-03-01,58.530544
2020-03-02,57.984009
2020-03-03,61.020573
2020-03-04,61.143494
2020-03-05,60.402779
2020-03-06,62.049889
2020-03-07,63.022015
2020-03-08,60.579117
2020-03-09,51.638126
2020-03-10,50.479828
2020-03-11,50.263767
2020-03-12,48.44923
2020-03-13,31.004513
2020-03-14,37.536198
2020-03-15,34.409904
2020-03-16,36.445911
2020-03-17,32.903088
2020-03-18,33.555664
2020-03-19,33.721718
2020-03-20,39.108093
2020-03-21,38.077866
2020-03-22,38.371738
2020-03-23,35.577431
2020-03-24,38.747993
2020-03-25,40.479458
2020-03-26,39.172966
2020-03-27,40.183334
2020-03-28,38.862179
2020-03-29,38.86528
2020-03-30,37.264854
2020-03-31,39.119137
2020-04-01,39.284687
2020-04-02,39.36348
2020-04-03,39.88763
2020-04-04,40.344578
2020-04-05,40.690037
2020-04-06,40.658787
2020-04-07,44.402138
2020-04-08,44.678623
2020-04-09,46.348034
2020-04-10,46.400341
2020-04-11,42.256741
2020-04-12,42.320835
2020-04-13,42.499252
2020-04-14,41.222858
2020-04-15,41.080093
2020-04-16,39.643715
2020-04-17,42.675053
2020-04-18,42.751598
2020-04-19,44.348003
2020-04-20,42.674625
2020-04-21,40.809624
2020-04-22,40.993271
2020-04-23,41.877735
2020-04-24,42.994709
2020-04-25,44.815205
2020-04-26,44.719917
2020-04-27,44.677433
2020-04-28,44.738171
2020-04-29,46.091522
2020-04-30,49.147854
2020-05-01,46.714264
2020-05-02,47.770359
2020-05-03,49.464958
2020-05-04,48.243027
2020-05-05,47.450291
2020-05-06,46.768917
2020-05-07,46.019604
2020-05-08,47.307724
2020-05-09,47.839458
2020-05-10,47.260593
2020-05-11,42.358269
2020-05-12,41.739216
2020-05-13,42.074535
2020-05-14,43.094921
2020-05-15,43.945839
2020-05-16,42.85136
2020-05-17,43.180321
2020-05-18,43.643074
2020-05-19,45.21331
2020-05-20,45.387444
2020-05-21,44.156235
2020-05-22,42.73037
2020-05-23,44.208248
2020-05-24,44.018593
2020-05-25,42.405674
2020-05-26,42.9272
2020-05-27,42.409096
2020-05-28,43.871845
2020-05-29,44.776535
2020-05-30,44.632866
2020-05-31,47.53928
2020-06-01,45.57423
2020-06-02,48.094391
2020-06-03,45.929836
2020-06-04,47.20063
2020-06-05,47.674435
2020-06-06,47.066727
2020-06-07,46.744019
2020-06-08,46.659168
2020-06-09,46.471443
2020-06-10,46.069267
2020-06-11,46.683582
2020-06-12,43.500725
2020-06-13,44.793709
2020-06-14,45.103828
2020-06-15,44.084526
2020-06-16,43.908958
2020-06-17,43.882442
2020-06-18,44.032356
2020-06-19,43.556366
2020-06-20,42.646275
2020-06-21,43.337345
2020-06-22,43.109253
2020-06-23,44.194988
2020-06-24,44.188141
2020-06-25,42.862835
2020-06-26,42.564304
2020-06-27,43.280907
2020-06-28,41.555561
2020-06-29,41.427532
2020-06-30,41.743965
2020-07-01,41.43354
2020-07-02,41.736717
2020-07-03,41.471855
2020-07-04,41.173149
2020-07-05,42.02216
2020-07-06,41.598076
2020-07-07,43.963493
2020-07-08,43.318398
2020-07-09,45.188488
2020-07-10,44.505367
2020-07-11,44.250656
2020-07-12,44.687767
2020-07-13,44.636101
2020-07-14,43.969219
2020-07-15,43.790375
2020-07-16,43.263828
2020-07-17,42.041271
2020-07-18,41.908268
2020-07-19,42.425865
2020-07-20,42.551159
2020-07-21,41.973995
2020-07-22,43.606789
2020-07-23,44.939594
2020-07-24,44.850105
2020-07-25,44.107262
2020-07-26,48.836586
2020-07-27,47.973759
2020-07-28,53.060986
2020-07-29,55.591705
2020-07-30,55.100842
2020-07-31,56.65485
2020-08-01,57.998138
2020-08-02,61.259525
2020-08-03,56.624901
2020-08-04,58.462353
2020-08-05,57.576206
2020-08-06,58.986931
2020-08-07,59.1483
2020-08-08,57.205868
2020-08-09,58.228046
2020-08-10,57.116756
2020-08-11,58.288845
2020-08-12,54.36639
2020-08-13,54.988716
2020-08-14,57.701302
2020-08-15,56.72636
2020-08-16,59.942123
2020-08-17,63.826542
2020-08-18,67.05616
2020-08-19,65.554649
2020-08-20,62.019966
2020-08-21,62.905972
2020-08-22,59.363056
2020-08-23,60.262802
2020-08-24,60.62326
2020-08-25,62.215099
2020-08-26,58.442039
2020-08-27,58.298702
2020-08-28,56.103962
2020-08-29,57.438873
2020-08-30,57.207737
2020-08-31,62.844059
2020-09-01,61.105076
2020-09-02,62.871326
2020-09-03,58.013084
2020-09-04,47.779217
2020-09-05,50.619232
2020-09-06,47.596558
2020-09-07,48.033924
2020-09-08,48.805126
2020-09-09,47.377357
2020-09-10,47.923195
2020-09-11,48.716854
2020-09-12,49.057728
2020-09-13,50.760929
2020-09-14,48.04966
2020-09-15,49.117363
2020-09-16,48.459633
2020-09-17,47.980671
2020-09-18,48.828274
2020-09-19,48.481586
2020-09-20,48.667938
2020-09-21,47.129139
2020-09-22,43.359463
2020-09-23,44.486065
2020-09-24,43.046337
2020-09-25,45.045551
2020-09-26,46.103172
2020-09-27,46.091331
2020-09-28,46.110626
2020-09-29,45.29805
2020-09-30,45.806763
2020-10-01,46.426956
2020-10-02,46.348965
2020-10-03,44.905697
2020-10-04,45.580982
2020-10-05,46.742477
2020-10-06,46.356865
2020-10-07,46.004665
2020-10-08,46.680595
2020-10-09,47.216053
2020-10-10,47.777119
2020-10-11,48.914909
2020-10-12,50.615707
2020-10-13,50.683041
2020-10-14,50.007183
2020-10-15,49.825611
2020-10-16,49.534931
2020-10-17,47.747189
2020-10-18,47.059418
2020-10-19,47.641457
2020-10-20,48.102547
2020-10-21,47.062843
2020-10-22,53.015892
2020-10-23,54.299412
2020-10-24,55.238728
2020-10-25,59.095585
2020-10-26,58.67482
2020-10-27,56.74575
2020-10-28,57.816078
2020-10-29,55.742558
2020-10-30,54.765961
2020-10-31,53.835037
2020-11-01,55.59026
2020-11-02,55.587322
2020-11-03,53.81741
2020-11-04,53.819469
2020-11-05,54.501873
2020-11-06,58.676193
2020-11-07,63.131111
2020-11-08,59.143646
2020-11-09,61.055016
2020-11-10,59.365467
2020-11-11,58.237267
2020-11-12,59.514549
2020-11-13,60.364937
2020-11-14,65.457199
2020-11-15,63.774155
2020-11-16,62.279919
2020-11-17,73.501122
2020-11-18,75.849861
2020-11-19,73.695679
2020-11-20,81.683632
2020-11-21,82.583153
2020-11-22,86.410118
2020-11-23,82.704285
2020-11-24,89.032753
2020-11-25,89.203506
2020-11-26,81.875198
2020-11-27,70.884369
2020-11-28,69.131828
2020-11-29,72.699623
2020-11-30,79.210464
2020-12-01,87.576599
2020-12-02,85.437561
2020-12-03,88.876465
2020-12-04,89.103928
2020-12-05,80.007393
2020-12-06,83.115913
2020-12-07,83.545494
2020-12-08,83.61647
2020-12-09,76.738403
2020-12-10,77.412209
2020-12-11,74.825752
2020-12-12,72.078712
2020-12-13,76.713165
2020-12-14,82.029449
2020-12-15,82.364372
2020-12-16,81.411545
2020-12-17,92.799393
2020-12-18,100.989052
2020-12-19,109.365532
2020-12-20,120.492813
2020-12-21,114.668312
2020-12-22,104.950577
2020-12-23,113.67897
2020-12-24,101.895035
2020-12-25,111.511726
2020-12-26,127.079193
2020-12-27,129.456619
2020-12-28,127.588303
2020-12-29,130.033264
2020-12-30,129.061859
2020-12-31,129.480286
2021-01-01,124.672768
2021-01-02,126.272964
2021-01-03,136.949402
2021-01-04,160.271164
2021-01-05,154.897552
2021-01-06,158.66597
2021-01-07,169.068222
2021-01-08,169.641525
2021-01-09,173.253754
2021-01-10,177.477188
2021-01-11,171.094833
2021-01-12,139.079987
2021-01-13,132.658936
2021-01-14,147.379745
2021-01-15,152.111526
2021-01-16,144.188187
2021-01-17,144.224838
2021-01-18,142.434647
2021-01-19,152.197556
2021-01-20,153.356094
2021-01-21,149.944092
2021-01-22,130.073837
2021-01-23,137.197693
2021-01-24,137.738708
2021-01-25,141.438278
2021-01-26,137.432922
2021-01-27,134.75145
2021-01-28,122.941254
2021-01-29,138.218521
2021-01-30,134.999252
2021-01-31,133.41803
2021-02-01,129.5746
2021-02-02,131.952911
2021-02-03,142.47673
2021-02-04,155.656479
2021-02-05,145.150635
2021-02-06,154.85408
2021-02-07,155.66954
2021-02-08,151.107513
2021-02-09,167.213989
2021-02-10,181.987457
2021-02-11,182.062744
2021-02-12,184.387146
2021-02-13,197.234329
2021-02-14,226.285873
2021-02-15,214.324997
2021-02-16,207.610443
2021-02-17,210.569031
2021-02-18,236.949249
2021-02-19,226.899292
2021-02-20,236.654907
2021-02-21,227.519623
2021-02-22,227.223816
2021-02-23,208.123413
2021-02-24,176.966766
2021-02-25,181.385422
2021-02-26,179.128525
2021-02-27,170.431427
2021-02-28,172.102188
2021-03-01,164.983139
2021-03-02,175.209686
2021-03-03,177.974365
2021-03-04,188.458313
2021-03-05,181.039963
2021-03-06,180.706329
2021-03-07,182.990692
2021-03-08,190.771271
2021-03-09,191.940048
2021-03-10,203.641586
2021-03-11,200.449753
2021-03-12,201.273666
2021-03-13,220.864532
2021-03-14,226.505508
2021-03-15,215.22728
2021-03-16,201.191208
2021-03-17,201.064163
2021-03-18,206.033142
2021-03-19,200.499222
2021-03-20,201.033401
2021-03-21,200.813843
2021-03-22,196.429901
2021-03-23,187.069107
2021-03-24,187.339081
2021-03-25,177.586411
2021-03-26,173.022186
2021-03-27,184.267288
2021-03-28,184.824356
2021-03-29,185.01561
2021-03-30,194.470825
2021-03-31,196.68895
2021-04-01,197.524368
2021-04-02,204.053619
2021-04-03,213.159744
2021-04-04,197.109772
2021-04-05,204.047775
2021-04-06,221.614639
2021-04-07,237.561569
2021-04-08,219.846619
2021-04-09,227.022171
2021-04-10,221.716019
2021-04-11,256.921326
2021-04-12,253.17601
2021-04-13,244.712189
2021-04-14,267.232483
2021-04-15,279.341156
2021-04-16,286.28067
2021-04-17,309.556641
2021-04-18,304.647034
2021-04-19,273.645142
2021-04-20,261.280304
2021-04-21,261.067902
2021-04-22,258.059418
2021-04-23,253.104797
2021-04-24,241.457794
2021-04-25,224.921844
2021-04-26,223.987137
2021-04-27,247.578278
2021-04-28,259.790955
2021-04-29,258.576996
2021-04-30,255.450577
2021-05-01,271.14267
2021-05-02,276.960419
2021-05-03,269.008301
2021-05-04,294.774261
2021-05-05,305.177399
2021-05-06,356.022125
2021-05-07,354.506836
2021-05-08,345.296875
2021-05-09,347.090027
2021-05-10,387.869171
2021-05-11,359.258087
2021-05-12,377.670532
2021-05-13,310.102386
2021-05-14,317.517212
2021-05-15,326.397919
2021-05-16,299.817963
2021-05-17,296.092438
2021-05-18,281.103333
2021-05-19,294.605591
2021-05-20,186.866272
2021-05-21,210.935974
2021-05-22,180.538742
2021-05-23,169.684509
2021-05-24,142.802643
2021-05-25,185.037491
2021-05-26,183.976318
2021-05-27,199.235184
2021-05-28,193.99054
2021-05-29,177.37822
2021-05-30,163.801666
2021-05-31,170.668884
2021-06-01,188.117554
2021-06-02,183.002991
2021-06-03,187.41008
2021-06-04,193.549042
2021-06-05,178.706223
2021-06-06,173.146652
2021-06-07,176.539307
2021-06-08,162.048981
2021-06-09,160.891312
2021-06-10,172.478577
2021-06-11,168.243973
2021-06-12,162.977036
2021-06-13,161.98259
2021-06-14,170.854401
2021-06-15,178.633728
2021-06-16,175.329391
2021-06-17,166.603317
2021-06-18,167.234039
2021-06-19,156.554199
2021-06-20,153.01445
2021-06-21,154.971985
2021-06-22,124.595276
2021-06-23,119.675308
2021-06-24,129.060806
2021-06-25,134.596222
2021-06-26,125.393433
2021-06-27,126.893791
2021-06-28,132.592697
2021-06-29,137.613098
2021-06-30,144.050446
2021-07-01,144.136642
2021-07-02,137.299271
2021-07-03,136.930588
2021-07-04,140.317993
2021-07-05,144.849335
2021-07-06,137.951675
2021-07-07,138.960159
2021-07-08,137.518265
2021-07-09,132.17012
2021-07-10,134.651337
2021-07-11,133.981262
2021-07-12,134.291245
2021-07-13,133.483734
2021-07-14,131.399017
2021-07-15,131.132385
2021-07-16,125.628967
2021-07-17,120.943443
2021-07-18,120.080811
2021-07-19,119.384407
2021-07-20,113.240372
2021-07-21,107.334213
2021-07-22,117.6325
2021-07-23,120.742012
2021-07-24,124.218475
2021-07-25,126.115936
2021-07-26,127.651413
2021-07-27,131.232895
2021-07-28,134.767212
2021-07-29,140.299164
2021-07-30,141.47171
2021-07-31,145.654297
2021-08-01,144.509857
2021-08-02,140.542435
2021-08-03,141.468506
2021-08-04,138.486313
2021-08-05,142.627914
2021-08-06,143.548004
2021-08-07,147.898758
2021-08-08,155.958954
2021-08-09,149.818512
2021-08-10,166.467728
2021-08-11,165.408691
2021-08-12,170.879288
2021-08-13,165.51178
2021-08-14,183.382401
2021-08-15,182.938919
2021-08-16,184.776001
2021-08-17,178.152649
2021-08-18,168.673431
2021-08-19,167.043762
2021-08-20,175.432495
2021-08-21,183.651459
2021-08-22,179.90741
2021-08-23,186.132385
2021-08-24,187.304749
2021-08-25,173.709732
2021-08-26,177.890701
2021-08-27,167.987854
2021-08-28,176.12883
2021-08-29,175.527191
2021-08-30,174.630814
2021-08-31,167.504593
2021-09-01,171.465179
2021-09-02,180.95639
2021-09-03,183.434875
2021-09-04,212.964844
2021-09-05,211.973526
2021-09-06,232.101456
2021-09-07,219.524597
2021-09-08,178.075943
2021-09-09,177.909744
2021-09-10,180.448349
2021-09-11,174.308334
2021-09-12,178.684616
2021-09-13,183.242447
2021-09-14,179.553421
2021-09-15,183.046188
2021-09-16,189.029327
2021-09-17,185.398529
2021-09-18,179.832581
2021-09-19,181.248032
2021-09-20,175.752609
2021-09-21,157.212692
2021-09-22,148.241119
2021-09-23,161.493057
2021-09-24,163.891281
2021-09-25,152.227646
2021-09-26,151.185623
2021-09-27,150.863251
2021-09-28,145.220261
2021-09-29,140.672012
2021-09-30,144.85376
2021-10-01,153.293655
2021-10-02,166.21225
2021-10-03,169.168259
2021-10-04,170.602402
2021-10-05,167.539154
2021-10-06,173.89476
2021-10-07,178.683075
2021-10-08,178.613983
2021-10-09,175.839157
2021-10-10,179.779053
2021-10-11,175.109528
2021-10-12,179.447281
2021-10-13,172.65509
2021-10-14,177.544495
2021-10-15,181.000214
2021-10-16,189.498306
2021-10-17,186.029968
2021-10-18,183.801147
2021-10-19,185.623901
2021-10-20,188.867249
2021-10-21,207.328445
2021-10-22,196.945007
2021-10-23,190.988831
2021-10-24,196.461807
2021-10-25,190.570648
2021-10-26,195.364334
2021-10-27,197.551788
2021-10-28,179.328629
2021-10-29,189.909271
2021-10-30,196.424026
2021-10-31,190.443848
2021-11-01,192.045029
2021-11-02,197.625671
2021-11-03,200.718933
2021-11-04,207.283096
2021-11-05,202.951843
2021-11-06,199.298004
2021-11-07,197.897263
2021-11-08,202.302353
2021-11-09,228.876678
2021-11-10,262.158417
2021-11-11,260.891754
2021-11-12,262.605072
2021-11-13,251.19339
2021-11-14,257.9888
2021-11-15,279.240936
2021-11-16,263.305054
2021-11-17,230.643829
2021-11-18,229.753036
2021-11-19,204.151947
2021-11-20,218.118835
2021-11-21,226.940842
2021-11-22,221.718384
2021-11-23,209.313446
2021-11-24,216.362534
2021-11-25,212.233459
2021-11-26,222.91037
2021-11-27,195.557861
2021-11-28,195.414597
2021-11-29,199.590988
2021-11-30,205.733047
2021-12-01,207.636612
2021-12-02,208.895142
2021-12-03,203.568359
2021-12-04,188.348557
2021-12-05,162.957245
2021-12-06,156.511353
2021-12-07,161.783752
2021-12-08,162.042221
2021-12-09,164.959274
2021-12-10,151.75444
2021-12-11,148.741959
2021-12-12,157.925339
2021-12-13,159.354431
2021-12-14,144.622055
2021-12-15,150.611298
2021-12-16,153.510849
2021-12-17,148.980377
2021-12-18,144.264786
2021-12-19,148.71048
2021-12-20,153.260483
2021-12-21,152.505615
2021-12-22,155.033981
2021-12-23,155.53894
2021-12-24,163.552475
2021-12-25,161.490829
2021-12-26,157.773712
2021-12-27,155.884995
2021-12-28,155.982071
2021-12-29,145.936813
2021-12-30,145.585709
2021-12-31,148.209534
2022-01-01,146.536865
2022-01-02,150.685303
2022-01-03,151.263397
2022-01-04,148.467773
2022-01-05,146.811295
2022-01-06,136.077316
2022-01-07,136.491867
2022-01-08,131.494843
2022-01-09,130.137344
2022-01-10,131.303879
2022-01-11,126.82605
2022-01-12,131.554688
2022-01-13,141.736862
2022-01-14,136.646927
2022-01-15,144.720245
2022-01-16,147.932266
2022-01-17,146.534836
2022-01-18,151.6539
2022-01-19,141.88826
2022-01-20,136.896774
2022-01-21,130.392288
2022-01-22,114.423241
2022-01-23,108.462196
2022-01-24,112.100815
2022-01-25,109.592476
2022-01-26,108.062302
2022-01-27,107.26136
2022-01-28,106.927483
2022-01-29,109.431198
2022-01-30,110.830025
2022-01-31,108.799171
2022-02-01,109.589439
2022-02-02,115.404503
2022-02-03,108.534653
2022-02-04,110.2911
2022-02-05,120.923294
2022-02-06,121.91935
2022-02-07,127.444656
2022-02-08,137.142395
2022-02-09,133.962173
2022-02-10,140.173904
2022-02-11,135.09285
2022-02-12,126.012909
2022-02-13,126.670776
2022-02-14,126.134789
2022-02-15,124.792793
2022-02-16,131.760529
2022-02-17,128.10466
2022-02-18,116.333084
2022-02-19,115.193977
2022-02-20,115.707825
2022-02-21,110.835167
2022-02-22,103.430824
2022-02-23,107.518753
2022-02-24,105.94165
2022-02-25,104.234917
2022-02-26,109.264053
2022-02-27,108.237144
2022-02-28,103.100426
2022-03-01,113.476082
2022-03-02,112.540298
2022-03-03,110.356354
2022-03-04,111.412834
2022-03-05,101.408401
2022-03-06,104.980621
2022-03-07,101.595879
2022-03-08,98.861572
2022-03-09,100.621696
2022-03-10,106.934196
2022-03-11,102.649483
2022-03-12,104.96476
2022-03-13,105.812271
2022-03-14,102.111214
2022-03-15,105.665863
2022-03-16,106.976494
2022-03-17,111.35096
2022-03-18,110.303444
2022-03-19,112.087914
2022-03-20,116.356514
2022-03-21,114.834305
2022-03-22,116.150185
2022-03-23,122.922516
2022-03-24,122.468063
2022-03-25,126.58252
2022-03-26,124.071068
2022-03-27,124.889275
2022-03-28,129.400635
2022-03-29,127.911484
2022-03-30,130.054733
2022-03-31,131.166367
2022-04-01,123.731697
2022-04-02,124.882378
2022-04-03,124.90181
2022-04-04,128.907089
2022-04-05,124.859909
2022-04-06,123.200035
2022-04-07,112.471046
2022-04-08,114.238045
2022-04-09,110.878258
2022-04-10,112.778358
2022-04-11,111.153145
2022-04-12,102.64373
2022-04-13,104.8246
2022-04-14,110.4795
2022-04-15,107.414223
2022-04-16,111.105934
2022-04-17,114.404831
2022-04-18,109.035522
2022-04-19,111.229103
2022-04-20,113.815033
2022-04-21,111.975327
2022-04-22,106.996887
2022-04-23,105.602066
2022-04-24,105.492462
2022-04-25,104.620399
2022-04-26,104.671066
2022-04-27,98.41317
2022-04-28,100.542412
2022-04-29,103.318619
2022-04-30,100.378754
2022-05-01,96.16787
2022-05-02,99.433716
2022-05-03,100.697548
2022-05-04,99.33873
2022-05-05,106.270821
2022-05-06,96.909279
2022-05-07,96.794212
2022-05-08,94.571548
2022-05-09,93.975418
2022-05-10,77.831169
2022-05-11,80.211548
2022-05-12,66.407776
2022-05-13,64.383049
2022-05-14,67.94561
2022-05-15,68.939713
2022-05-16,71.519737
2022-05-17,67.212189
2022-05-18,72.967667
2022-05-19,66.386711
2022-05-20,72.077171
2022-05-21,68.654564
2022-05-22,69.707268
2022-05-23,71.763947
2022-05-24,69.013824
2022-05-25,70.319221
2022-05-26,68.315109
2022-05-27,63.800579
2022-05-28,61.55788
2022-05-29,63.063595
2022-05-30,63.7458
2022-05-31,69.110268
2022-06-01,68.417023
2022-06-02,62.964443
2022-06-03,64.455803
2022-06-04,62.658833
2022-06-05,63.749756
2022-06-06,63.214748
2022-06-07,64.418068
2022-06-08,63.898411
2022-06-09,61.543854
2022-06-10,60.213543
2022-06-11,56.665623
2022-06-12,52.307575
2022-06-13,48.213318
2022-06-14,43.314003
2022-06-15,46.13348
2022-06-16,50.515755
2022-06-17,44.706158
2022-06-18,47.681702
2022-06-19,47.237988
2022-06-20,54.321991
2022-06-21,52.898785
2022-06-22,53.520718
2022-06-23,52.109196
2022-06-24,55.761623
2022-06-25,55.990242
2022-06-26,58.955406
2022-06-27,56.862957
2022-06-28,55.913891
2022-06-29,52.807201
2022-06-30,53.447411
2022-07-01,53.699032
2022-07-02,51.132595
2022-07-03,50.484867
2022-07-04,50.971882
2022-07-05,52.238739
2022-07-06,49.835804
2022-07-07,50.360191
2022-07-08,52.140446
2022-07-09,51.556355
2022-07-10,54.15984
2022-07-11,52.165337
2022-07-12,48.774891
2022-07-13,47.544437
2022-07-14,49.559036
2022-07-15,51.221443
2022-07-16,51.794743
2022-07-17,55.12352
2022-07-18,55.723267
2022-07-19,58.611267
2022-07-20,57.988674
2022-07-21,57.240597
2022-07-22,58.100525
2022-07-23,56.163647
2022-07-24,56.427811
2022-07-25,58.483295
2022-07-26,54.3536
2022-07-27,53.798828
2022-07-28,58.953762
2022-07-29,63.464642
2022-07-30,60.917049
2022-07-31,60.444057
2022-08-01,59.915623
2022-08-02,59.530258
2022-08-03,58.239834
2022-08-04,57.805233
2022-08-05,59.839481
2022-08-06,62.408161
2022-08-07,60.920589
2022-08-08,61.104336
2022-08-09,62.59898
2022-08-10,59.259869
2022-08-11,61.606346
2022-08-12,61.904186
2022-08-13,62.934349
2022-08-14,63.759975
2022-08-15,63.305836
2022-08-16,60.807072
2022-08-17,61.337975
2022-08-18,60.3904
2022-08-19,60.041904
2022-08-20,54.024258
2022-08-21,54.180012
2022-08-22,55.49744
2022-08-23,57.246269
2022-08-24,57.077991
2022-08-25,56.475605
2022-08-26,56.782242
2022-08-27,52.758629
2022-08-28,53.047722
2022-08-29,53.610783
2022-08-30,55.775101
2022-08-31,53.057659
2022-09-01,53.858364
2022-09-02,57.524899
2022-09-03,61.037678
2022-09-04,60.142941
2022-09-05,60.901596
2022-09-06,60.413952
2022-09-07,54.302589
2022-09-08,57.413059
2022-09-09,58.001518
2022-09-10,61.22506
2022-09-11,63.427025
2022-09-12,62.246159
2022-09-13,61.360821
2022-09-14,59.061371
2022-09-15,60.149971
2022-09-16,56.355476
2022-09-17,55.855606
2022-09-18,57.812195
2022-09-19,52.832516
2022-09-20,52.884251
2022-09-21,52.356251
2022-09-22,51.233234
2022-09-23,53.511887
2022-09-24,55.096828
2022-09-25,53.519787
2022-09-26,52.639229
2022-09-27,53.434765
2022-09-28,52.730122
2022-09-29,53.307693
2022-09-30,53.914841
2022-10-01,53.403042
2022-10-02,52.904613
2022-10-03,51.916431
2022-10-04,54.172318
2022-10-05,55.297165
2022-10-06,54.580135
2022-10-07,53.498962
2022-10-08,52.866219
2022-10-09,52.796818
2022-10-10,53.913975
2022-10-11,52.747902
2022-10-12,52.02079
2022-10-13,52.222588
2022-10-14,51.240761
2022-10-15,51.314369
2022-10-16,50.466969
2022-10-17,51.474899
2022-10-18,51.843731
2022-10-19,51.878693
2022-10-20,50.984959
2022-10-21,51.194401
2022-10-22,51.623756
2022-10-23,52.181557
2022-10-24,53.950691
2022-10-25,52.56522
2022-10-26,56.012291
2022-10-27,56.394341
2022-10-28,54.809464
2022-10-29,55.001602
2022-10-30,56.512615
2022-10-31,55.382309
2022-11-01,55.085613
2022-11-02,55.126972
2022-11-03,60.563324
2022-11-04,61.91898
2022-11-05,67.594658
2022-11-06,69.687103
2022-11-07,68.112007
2022-11-08,67.643188
2022-11-09,57.444447
2022-11-10,50.654106
2022-11-11,60.350395
2022-11-12,61.258324
2022-11-13,59.861961
2022-11-14,57.473969
2022-11-15,56.540577
2022-11-16,57.999069
2022-11-17,57.518764
2022-11-18,62.486942
2022-11-19,62.635292
2022-11-20,63.814583
2022-11-21,62.002941
2022-11-22,61.36385
2022-11-23,70.464264
2022-11-24,78.999107
2022-11-25,78.807121
2022-11-26,74.021461
2022-11-27,76.38353
2022-11-28,75.045197
2022-11-29,74.089272
2022-11-30,75.98597
2022-12-01,79.29113
2022-12-02,77.521957
2022-12-03,77.950829
2022-12-04,76.586929
2022-12-05,77.201431
2022-12-06,80.259926
2022-12-07,79.91864
2022-12-08,77.02951
2022-12-09,78.386414
2022-12-10,76.340836
2022-12-11,76.370842
2022-12-12,76.625244
2022-12-13,76.212524
2022-12-14,77.352959
2022-12-15,75.474091
2022-12-16,72.340218
2022-12-17,66.330742
2022-12-18,64.963646
2022-12-19,64.561241
2022-12-20,63.3512
2022-12-21,65.738136
2022-12-22,65.399422
2022-12-23,66.152802
2022-12-24,65.772232
2022-12-25,65.77475
2022-12-26,69.206825
2022-12-27,70.679482
2022-12-28,68.746948
2022-12-29,66.341637
2022-12-30,66.748352
2022-12-31,67.99823
2023-01-01,70.002823
2023-01-02,70.820496
2023-01-03,74.863411
2023-01-04,75.602333
2023-01-05,75.431168
2023-01-06,74.259392
2023-01-07,75.993446
2023-01-08,76.36908
2023-01-09,77.676666
2023-01-10,81.731117
2023-01-11,80.887657
2023-01-12,84.286324
2023-01-13,85.969009
2023-01-14,86.334831
2023-01-15,87.814041
2023-01-16,87.36483
2023-01-17,85.849304
2023-01-18,87.124062
2023-01-19,82.767296
2023-01-20,84.230621
2023-01-21,90.499146
2023-01-22,88.314667
2023-01-23,87.630653
2023-01-24,90.011391
2023-01-25,87.218681
2023-01-26,89.367523
2023-01-27,87.59169
2023-01-28,88.850449
2023-01-29,89.601471
2023-01-30,95.0467
2023-01-31,91.263313
2023-02-01,94.297386
2023-02-02,100.439934
2023-02-03,98.67836
2023-02-04,99.960236
2023-02-05,98.614235
2023-02-06,96.467079
2023-02-07,96.044754
2023-02-08,100.923256
2023-02-09,99.212898
2023-02-10,92.095055
2023-02-11,93.530563
2023-02-12,94.420914
2023-02-13,92.397247
2023-02-14,91.125099
2023-02-15,95.688858
2023-02-16,102.788017
2023-02-17,98.950462
2023-02-18,100.30188
2023-02-19,99.793121
2023-02-20,97.602036
2023-02-21,95.948135
2023-02-22,93.721626
2023-02-23,95.21682
2023-02-24,94.687744
2023-02-25,91.563545
2023-02-26,93.246315
2023-02-27,95.257263
2023-02-28,94.084854
2023-03-01,93.795372
2023-03-02,97.733429
2023-03-03,95.263947
2023-03-04,90.544441
2023-03-05,89.289429
2023-03-06,89.949089
2023-03-07,87.423859
2023-03-08,86.301346
2023-03-09,82.785294
2023-03-10,76.733093
2023-03-11,71.747795
2023-03-12,69.710175
2023-03-13,76.341232
2023-03-14,81.768738
2023-03-15,84.355873
2023-03-16,76.464149
2023-03-17,79.054993
2023-03-18,85.525955
2023-03-19,83.001015
2023-03-20,84.420914
2023-03-21,78.434616
2023-03-22,82.71698
2023-03-23,87.348419
2023-03-24,93.69886
2023-03-25,93.706764
2023-03-26,91.582176
2023-03-27,93.516914
2023-03-28,89.243179
2023-03-29,89.139328
2023-03-30,91.340508
2023-03-31,89.072517
2023-04-01,89.68644
2023-04-02,92.662842
2023-04-03,93.005661
2023-04-04,93.031387
2023-04-05,92.598495
2023-04-06,92.621239
2023-04-07,90.926834
2023-04-08,90.63308
2023-04-09,89.976685
2023-04-10,90.679436
2023-04-11,93.825928
2023-04-12,94.307854
2023-04-13,92.135078
2023-04-14,94.266335
2023-04-15,96.452698
2023-04-16,96.860451
2023-04-17,100.257706
2023-04-18,98.699631
2023-04-19,101.845772
2023-04-20,90.435074
2023-04-21,90.241974
2023-04-22,85.516357
2023-04-23,87.098724
2023-04-24,86.884995
2023-04-25,88.402985
2023-04-26,91.107857
2023-04-27,88.25872
2023-04-28,89.693436
2023-04-29,89.723907
2023-04-30,91.087074
2023-05-01,88.512329
2023-05-02,86.744492
2023-05-03,88.294945
2023-05-04,88.894318
2023-05-05,88.492111
2023-05-06,88.839821
2023-05-07,83.625854
2023-05-08,83.569977
2023-05-09,77.87397
2023-05-10,80.015068
2023-05-11,81.069855
2023-05-12,81.028175
2023-05-13,80.502625
2023-05-14,80.309692
2023-05-15,83.445
2023-05-16,87.064224
2023-05-17,89.867004
2023-05-18,93.88942
2023-05-19,90.532806
2023-05-20,91.711212
2023-05-21,92.377602
2023-05-22,92.277184
2023-05-23,90.948753
2023-05-24,91.636017
2023-05-25,85.984688
2023-05-26,86.60363
2023-05-27,87.256149
2023-05-28,88.649071
2023-05-29,91.57827
2023-05-30,90.996735
2023-05-31,92.322708
2023-06-01,90.537476
2023-06-02,93.99617
2023-06-03,95.416916
2023-06-04,95.996979
2023-06-05,94.293243
2023-06-06,87.828613
2023-06-07,90.916183
2023-06-08,88.855042
2023-06-09,88.470039
2023-06-10,89.233452
2023-06-11,77.34903
2023-06-12,77.695969
2023-06-13,77.545448
2023-06-14,77.443779
2023-06-15,73.166046
2023-06-16,74.528152
2023-06-17,76.053062
2023-06-18,76.908684
2023-06-19,77.179764
2023-06-20,77.42572
2023-06-21,80.307419
2023-06-22,85.150505
2023-06-23,86.064316
2023-06-24,91.211723
2023-06-25,89.740479
2023-06-26,88.267952
2023-06-27,87.272263
2023-06-28,88.015442
2023-06-29,83.057808
2023-06-30,84.768753
2023-07-01,108.201744
2023-07-02,107.225952
2023-07-03,113.231705
2023-07-04,106.954147
2023-07-05,104.690018
2023-07-06,102.677605
2023-07-07,95.646278
2023-07-08,98.242294
2023-07-09,97.878448
2023-07-10,95.182213
2023-07-11,96.737701
2023-07-12,96.785233
2023-07-13,96.277916
2023-07-14,101.92617
2023-07-15,95.16153
2023-07-16,94.757256
2023-07-17,92.910645
2023-07-18,92.290169
2023-07-19,91.515007
2023-07-20,92.153465
2023-07-21,92.384041
2023-07-22,94.048172
2023-07-23,92.062996
2023-07-24,93.249336
2023-07-25,89.155029
2023-07-26,89.53093
2023-07-27,90.626953
2023-07-28,90.493202
2023-07-29,91.519188
2023-07-30,94.570419
2023-07-31,94.089333
2023-08-01,92.244263
2023-08-02,93.818504
2023-08-03,87.491722
2023-08-04,82.693336
2023-08-05,82.086472
2023-08-06,83.100288
2023-08-07,82.470978
2023-08-08,82.34269
2023-08-09,83.954514
2023-08-10,84.038338
2023-08-11,83.034775
2023-08-12,83.494972
2023-08-13,83.450485
2023-08-14,81.979042
2023-08-15,82.06823
2023-08-16,79.27623
2023-08-17,74.479179
2023-08-18,65.094193
2023-08-19,64.085136
2023-08-20,64.107918
2023-08-21,65.251503
2023-08-22,66.958954
2023-08-23,64.773697
2023-08-24,65.612083
2023-08-25,64.881393
2023-08-26,65.112892
2023-08-27,65.010399
2023-08-28,65.367813
2023-08-29,65.541748
2023-08-30,68.893066
2023-08-31,67.66082
2023-09-01,63.946068
2023-09-02,63.009144
2023-09-03,64.563904
2023-09-04,63.936501
2023-09-05,63.713348
2023-09-06,63.118565
2023-09-07,62.843639
2023-09-08,63.62635
2023-09-09,62.578594
2023-09-10,63.083092
2023-09-11,61.119495
2023-09-12,58.836308
2023-09-13,60.017136
2023-09-14,62.002014
2023-09-15,62.816547
2023-09-16,65.990669
2023-09-17,65.346802
2023-09-18,63.577751
2023-09-19,65.893295
2023-09-20,67.333961
2023-09-21,64.565125
2023-09-22,64.691711
2023-09-23,64.334908
2023-09-24,65.080063
2023-09-25,63.586189
2023-09-26,64.33316
2023-09-27,63.756336
2023-09-28,63.487186
2023-09-29,65.240662
2023-09-30,65.630783
2023-10-01,66.06881
2023-10-02,68.228951
2023-10-03,66.007019
2023-10-04,65.49839
2023-10-05,64.459198
2023-10-06,64.857376
2023-10-07,65.5336
2023-10-08,65.487183
2023-10-09,65.364395
2023-10-10,63.109085
2023-10-11,63.619778
2023-10-12,61.501141
2023-10-13,61.127197
2023-10-14,61.574585
2023-10-15,61.664009
2023-10-16,61.657101
2023-10-17,63.335766
2023-10-18,62.156055
2023-10-19,60.278484
2023-10-20,61.788864
2023-10-21,63.418297
2023-10-22,64.737358
2023-10-23,65.37159
2023-10-24,68.991356
2023-10-25,69.049782
2023-10-26,68.697502
2023-10-27,68.848656
2023-10-28,67.052139
2023-10-29,67.778076
2023-10-30,68.800125
2023-10-31,69.24955
2023-11-01,68.949478
2023-11-02,69.938553
2023-11-03,69.389854
2023-11-04,69.490921
2023-11-05,70.450546
2023-11-06,71.66227
2023-11-07,74.485069
2023-11-08,73.560333
2023-11-09,73.179779
2023-11-10,73.755669
2023-11-11,73.300339
2023-11-12,75.171997
2023-11-13,74.897934
2023-11-14,71.441101
2023-11-15,70.635925
2023-11-16,74.080063
2023-11-17,71.149132
2023-11-18,70.19162
2023-11-19,69.89537
2023-11-20,70.63932
2023-11-21,69.519119
2023-11-22,66.449669
2023-11-23,68.700592
2023-11-24,69.511108
2023-11-25,70.738464
2023-11-26,71.836105
2023-11-27,70.055466
2023-11-28,69.24424
2023-11-29,69.737106
2023-11-30,69.988968
2023-12-01,69.442284
2023-12-02,71.544434
2023-12-03,72.272415
2023-12-04,72.259773
2023-12-05,72.830307
2023-12-06,74.288979
2023-12-07,72.429695
2023-12-08,74.060219
2023-12-09,78.409485
2023-12-10,76.284004
2023-12-11,77.147018
2023-12-12,72.650223
2023-12-13,72.404373
2023-12-14,73.195175
2023-12-15,72.962944
2023-12-16,70.956932
2023-12-17,72.133156
2023-12-18,71.223412
2023-12-19,70.806755
2023-12-20,70.61554
2023-12-21,69.809822
2023-12-22,70.924004
2023-12-23,73.722198
2023-12-24,72.536018
2023-12-25,71.176849
2023-12-26,72.274742
2023-12-27,73.150154
2023-12-28,75.870583
2023-12-29,76.71389
2023-12-30,73.401978
2023-12-31,73.305855
2024-01-01,72.913292
2024-01-02,74.729744
2024-01-03,72.985168
2024-01-04,65.301285
2024-01-05,66.488365
2024-01-06,66.024986
2024-01-07,65.678177
2024-01-08,64.254425
2024-01-09,67.812973
2024-01-10,66.95327
2024-01-11,69.918015
2024-01-12,71.975418
2024-01-13,72.893471
2024-01-14,71.985992
2024-01-15,69.796051
2024-01-16,69.225204
2024-01-17,69.464996
2024-01-18,69.387436
2024-01-19,67.994881
2024-01-20,71.185715
2024-01-21,71.299355
2024-01-22,71.614716
2024-01-23,67.28894
2024-01-24,65.45224
2024-01-25,66.140495
2024-01-26,65.498344
2024-01-27,67.035583
2024-01-28,68.078758
2024-01-29,68.391548
2024-01-30,68.453011
2024-01-31,67.516197
2024-02-01,66.750572
2024-02-02,67.516792
2024-02-03,68.003433
2024-02-04,68.833611
2024-02-05,66.932289
2024-02-06,67.61927
2024-02-07,68.292206
2024-02-08,68.561722
2024-02-09,70.569008
2024-02-10,70.675262
2024-02-11,70.801582
2024-02-12,71.544945
2024-02-13,72.930977
2024-02-14,68.999779
2024-02-15,69.8965
2024-02-16,69.814407
2024-02-17,70.616348
2024-02-18,69.990204
2024-02-19,null
