Date,nasdaq_composite_index
2015-01-02,4760.240234
2015-01-05,4700.339844
2015-01-06,4666.850098
2015-01-07,4626.839844
2015-01-08,4689.540039
2015-01-09,4744.470215
2015-01-12,4714.069824
2015-01-13,4708.740234
2015-01-14,4610.759766
2015-01-15,4657.459961
2015-01-16,4566.379883
2015-01-20,4655.839844
2015-01-21,4641.950195
2015-01-22,4690.930176
2015-01-23,4748.189941
2015-01-26,4752.359863
2015-01-27,4698.22998
2015-01-28,4740.689941
2015-01-29,4635.72998
2015-01-30,4671.209961
2015-02-02,4650.600098
2015-02-03,4693.25
2015-02-04,4699.810059
2015-02-05,4729.649902
2015-02-06,4768.839844
2015-02-09,4723.72998
2015-02-10,4754.629883
2015-02-11,4788.370117
2015-02-12,4828.080078
2015-02-13,4869.72998
2015-02-17,4889.990234
2015-02-18,4890.839844
2015-02-19,4901.509766
2015-02-20,4919.779785
2015-02-23,4953.100098
2015-02-24,4956.209961
2015-02-25,4960.359863
2015-02-26,4969.27002
2015-02-27,4985.029785
2015-03-02,4973.430176
2015-03-03,4990.700195
2015-03-04,4961.240234
2015-03-05,4979.950195
2015-03-06,4967.240234
2015-03-09,4936.080078
2015-03-10,4899.509766
2015-03-11,4866.939941
2015-03-12,4853.97998
2015-03-13,4885.540039
2015-03-16,4897.27002
2015-03-17,4912.649902
2015-03-18,4926.830078
2015-03-19,4982.02002
2015-03-20,5033.470215
2015-03-23,5020.600098
2015-03-24,5010.100098
2015-03-25,5002.830078
2015-03-26,4835.709961
2015-03-27,4863.740234
2015-03-30,4921.779785
2015-03-31,4925.910156
2015-04-01,4894.359863
2015-04-02,4885.410156
2015-04-06,4855.939941
2015-04-07,4917.5
2015-04-08,4914.149902
2015-04-09,4950.839844
2015-04-10,4977.029785
2015-04-13,5001.549805
2015-04-14,4988.819824
2015-04-15,4992.620117
2015-04-16,4999.359863
2015-04-17,4966.109863
2015-04-20,4958.069824
2015-04-21,5023.959961
2015-04-22,5026.569824
2015-04-23,5020.220215
2015-04-24,5096.339844
2015-04-27,5104.359863
2015-04-28,5063.259766
2015-04-29,5028.450195
2015-04-30,4996.990234
2015-05-01,4966.319824
2015-05-04,5018.350098
2015-05-05,5000.200195
2015-05-06,4956.700195
2015-05-07,4917.75
2015-05-08,4991.629883
2015-05-11,5003.259766
2015-05-12,4966.439941
2015-05-13,4991.419922
2015-05-14,5016.680176
2015-05-15,5059.149902
2015-05-18,5040.919922
2015-05-19,5080.439941
2015-05-20,5072.439941
2015-05-21,5065.939941
2015-05-22,5085.390137
2015-05-26,5076.910156
2015-05-27,5047.859863
2015-05-28,5096.339844
2015-05-29,5093.100098
2015-06-01,5094.939941
2015-06-02,5063.470215
2015-06-03,5098.47998
2015-06-04,5078.220215
2015-06-05,5057.040039
2015-06-08,5066.649902
2015-06-09,5013.129883
2015-06-10,5029.410156
2015-06-11,5088.259766
2015-06-12,5060.240234
2015-06-15,5011.790039
2015-06-16,5023.580078
2015-06-17,5067.680176
2015-06-18,5082.060059
2015-06-19,5139.77002
2015-06-22,5147.870117
2015-06-23,5161.680176
2015-06-24,5151.379883
2015-06-25,5139.47998
2015-06-26,5113.259766
2015-06-29,5021.209961
2015-06-30,5000.149902
2015-07-01,5029.049805
2015-07-02,5024.299805
2015-07-06,4963.799805
2015-07-07,4993.759766
2015-07-08,4953.97998
2015-07-09,4976.149902
2015-07-10,4981.240234
2015-07-13,5037.27002
2015-07-14,5077.120117
2015-07-15,5111.109863
2015-07-16,5138.180176
2015-07-17,5196.109863
2015-07-20,5223.180176
2015-07-21,5219.200195
2015-07-22,5146.029785
2015-07-23,5180.330078
2015-07-24,5166.910156
2015-07-27,5055.919922
2015-07-28,5063.439941
2015-07-29,5097.859863
2015-07-30,5100.299805
2015-07-31,5148.180176
2015-08-03,5134.339844
2015-08-04,5110.959961
2015-08-05,5132.77002
2015-08-06,5146.629883
2015-08-07,5043.970215
2015-08-10,5081.720215
2015-08-11,5069.160156
2015-08-12,4994.52002
2015-08-13,5050.939941
2015-08-14,5025.919922
2015-08-17,5032.339844
2015-08-18,5082.169922
2015-08-19,5039.029785
2015-08-20,4973.490234
2015-08-21,4801.040039
2015-08-24,4351.609863
2015-08-25,4687.27002
2015-08-26,4633.509766
2015-08-27,4761.049805
2015-08-28,4792.109863
2015-08-31,4798.680176
2015-09-01,4673.609863
2015-09-02,4704.419922
2015-09-03,4763.100098
2015-09-04,4670.350098
2015-09-08,4769.720215
2015-09-09,4856.27002
2015-09-10,4749.959961
2015-09-11,4770.72998
2015-09-14,4831.97998
2015-09-15,4819.319824
2015-09-16,4860.430176
2015-09-17,4884.109863
2015-09-18,4828.709961
2015-09-21,4851.97998
2015-09-22,4762.290039
2015-09-23,4764.689941
2015-09-24,4717.890137
2015-09-25,4782.410156
2015-09-28,4665.060059
2015-09-29,4551.040039
2015-09-30,4574.379883
2015-10-01,4624.459961
2015-10-02,4566.129883
2015-10-05,4742.129883
2015-10-06,4767.629883
2015-10-07,4775.049805
2015-10-08,4775.060059
2015-10-09,4817.279785
2015-10-12,4839.790039
2015-10-13,4809.240234
2015-10-14,4801.350098
2015-10-15,4799.430176
2015-10-16,4872.359863
2015-10-19,4873.540039
2015-10-20,4900.02002
2015-10-21,4903.97998
2015-10-22,4875.959961
2015-10-23,5024.379883
2015-10-26,5030.799805
2015-10-27,5018.990234
2015-10-28,5040.379883
2015-10-29,5071.040039
2015-10-30,5079.759766
2015-11-02,5065.640137
2015-11-03,5114.310059
2015-11-04,5155.620117
2015-11-05,5144.149902
2015-11-06,5124.040039
2015-11-09,5128.939941
2015-11-10,5068.549805
2015-11-11,5098.129883
2015-11-12,5043.100098
2015-11-13,4980.859863
2015-11-16,4916.140137
2015-11-17,4991.709961
2015-11-18,5004.600098
2015-11-19,5078.669922
2015-11-20,5096.959961
2015-11-23,5106.720215
2015-11-24,5070.660156
2015-11-25,5106.870117
2015-11-27,5121.930176
2015-11-30,5139.580078
2015-12-01,5129.640137
2015-12-02,5158.819824
2015-12-03,5143.160156
2015-12-04,5050.930176
2015-12-07,5139.459961
2015-12-08,5050.52002
2015-12-09,5077.209961
2015-12-10,5026.299805
2015-12-11,4979.77002
2015-12-14,4932.609863
2015-12-15,4991.209961
2015-12-16,5033.47998
2015-12-17,5087.169922
2015-12-18,4982.580078
2015-12-21,4957.529785
2015-12-22,4988.680176
2015-12-23,5025.549805
2015-12-24,5046.189941
2015-12-28,5032.290039
2015-12-29,5066.52002
2015-12-30,5101.180176
2015-12-31,5047.040039
2016-01-04,4897.649902
2016-01-05,4917.839844
2016-01-06,4813.759766
2016-01-07,4736.399902
2016-01-08,4722.02002
2016-01-11,4673.439941
2016-01-12,4681.540039
2016-01-13,4706.02002
2016-01-14,4545.370117
2016-01-15,4464.370117
2016-01-19,4548.049805
2016-01-20,4405.220215
2016-01-21,4480.700195
2016-01-22,4557.390137
2016-01-25,4574.589844
2016-01-26,4537.040039
2016-01-27,4548.870117
2016-01-28,4533.810059
2016-01-29,4512.089844
2016-02-01,4587.589844
2016-02-02,4588.689941
2016-02-03,4543.819824
2016-02-04,4492.47998
2016-02-05,4491.47998
2016-02-08,4288.02002
2016-02-09,4224.870117
2016-02-10,4318.279785
2016-02-11,4218.810059
2016-02-12,4307.290039
2016-02-16,4397.950195
2016-02-17,4471.660156
2016-02-18,4548.100098
2016-02-19,4464.669922
2016-02-22,4548.310059
2016-02-23,4550.049805
2016-02-24,4453.930176
2016-02-25,4554.72998
2016-02-26,4615.140137
2016-02-29,4585.299805
2016-03-01,4596.009766
2016-03-02,4683.799805
2016-03-03,4698.379883
2016-03-04,4715.759766
2016-03-07,4690.879883
2016-03-08,4676.220215
2016-03-09,4666.419922
2016-03-10,4691.200195
2016-03-11,4712.379883
2016-03-14,4733.390137
2016-03-15,4731.140137
2016-03-16,4717.879883
2016-03-17,4752.620117
2016-03-18,4784.629883
2016-03-21,4787.310059
2016-03-22,4783.600098
2016-03-23,4813.870117
2016-03-24,4743.359863
2016-03-28,4785.25
2016-03-29,4756.549805
2016-03-30,4875.459961
2016-03-31,4869.569824
2016-04-01,4842.549805
2016-04-04,4911.209961
2016-04-05,4855.899902
2016-04-06,4849.580078
2016-04-07,4893.569824
2016-04-08,4883.990234
2016-04-11,4873.390137
2016-04-12,4838.819824
2016-04-13,4904.790039
2016-04-14,4947.620117
2016-04-15,4938.830078
2016-04-18,4919.359863
2016-04-19,4968.299805
2016-04-20,4941.990234
2016-04-21,4949.120117
2016-04-22,4898.240234
2016-04-25,4891.47998
2016-04-26,4903.810059
2016-04-27,4855.379883
2016-04-28,4857.600098
2016-04-29,4805.790039
2016-05-02,4786.549805
2016-05-03,4780.879883
2016-05-04,4735.279785
2016-05-05,4742.419922
2016-05-06,4695.899902
2016-05-09,4736.350098
2016-05-10,4768.910156
2016-05-11,4799.299805
2016-05-12,4778.189941
2016-05-13,4731.069824
2016-05-16,4728.859863
2016-05-17,4768.850098
2016-05-18,4705.779785
2016-05-19,4717.359863
2016-05-20,4729.439941
2016-05-23,4771.569824
2016-05-24,4792.850098
2016-05-25,4877.180176
2016-05-26,4897.779785
2016-05-27,4904.049805
2016-05-31,4938.47998
2016-06-01,4928.970215
2016-06-02,4941.25
2016-06-03,4958.100098
2016-06-06,4950.459961
2016-06-07,4972.129883
2016-06-08,4970.009766
2016-06-09,4954.149902
2016-06-10,4915.149902
2016-06-13,4868.509766
2016-06-14,4836.669922
2016-06-15,4855.080078
2016-06-16,4809.689941
2016-06-17,4835.02002
2016-06-20,4856.689941
2016-06-21,4845.080078
2016-06-22,4846.680176
2016-06-23,4872.189941
2016-06-24,4715.790039
2016-06-27,4664.430176
2016-06-28,4643.930176
2016-06-29,4732.930176
2016-06-30,4793.75
2016-07-01,4837.180176
2016-07-05,4837.060059
2016-07-06,4799.319824
2016-07-07,4867.470215
2016-07-08,4906.660156
2016-07-11,4976.540039
2016-07-12,5017.990234
2016-07-13,5036.319824
2016-07-14,5041.950195
2016-07-15,5041.189941
2016-07-18,5034.990234
2016-07-19,5038.220215
2016-07-20,5061.600098
2016-07-21,5093.970215
2016-07-22,5078.120117
2016-07-25,5096.990234
2016-07-26,5095.609863
2016-07-27,5143.839844
2016-07-28,5144.819824
2016-07-29,5162.149902
2016-08-01,5167.419922
2016-08-02,5177.529785
2016-08-03,5133.240234
2016-08-04,5158.02002
2016-08-05,5190.709961
2016-08-08,5223.540039
2016-08-09,5216.209961
2016-08-10,5227.950195
2016-08-11,5222.149902
2016-08-12,5219.660156
2016-08-15,5242.180176
2016-08-16,5247.959961
2016-08-17,5228.439941
2016-08-18,5226.450195
2016-08-19,5229.870117
2016-08-22,5231.459961
2016-08-23,5265.779785
2016-08-24,5254.419922
2016-08-25,5207.609863
2016-08-26,5219.049805
2016-08-29,5223.799805
2016-08-30,5229.879883
2016-08-31,5216.419922
2016-09-01,5218.279785
2016-09-02,5249.660156
2016-09-06,5260
2016-09-07,5274.22998
2016-09-08,5269.959961
2016-09-09,5217.950195
2016-09-12,5098.029785
2016-09-13,5181.140137
2016-09-14,5160.209961
2016-09-15,5178.100098
2016-09-16,5238.709961
2016-09-19,5263.549805
2016-09-20,5256.189941
2016-09-21,5263.649902
2016-09-22,5323.259766
2016-09-23,5327.430176
2016-09-26,5275.72998
2016-09-27,5254.180176
2016-09-28,5312.72998
2016-09-29,5311.310059
2016-09-30,5288.870117
2016-10-03,5300.290039
2016-10-04,5313.490234
2016-10-05,5305.279785
2016-10-06,5306.589844
2016-10-07,5314.919922
2016-10-10,5318.459961
2016-10-11,5321.819824
2016-10-12,5247.910156
2016-10-13,5200.299805
2016-10-14,5241.259766
2016-10-17,5213.689941
2016-10-18,5255.319824
2016-10-19,5240.330078
2016-10-20,5238.200195
2016-10-21,5238.649902
2016-10-24,5290.310059
2016-10-25,5306.470215
2016-10-26,5256.399902
2016-10-27,5272.189941
2016-10-28,5203.700195
2016-10-31,5205.089844
2016-11-01,5199.77002
2016-11-02,5147.279785
2016-11-03,5104.700195
2016-11-04,5034.410156
2016-11-07,5128.990234
2016-11-08,5154.990234
2016-11-09,5143.859863
2016-11-10,5283.47998
2016-11-11,5191.819824
2016-11-14,5246.330078
2016-11-15,5241.350098
2016-11-16,5253.740234
2016-11-17,5295.069824
2016-11-18,5340.970215
2016-11-21,5336.779785
2016-11-22,5384.75
2016-11-23,5366.549805
2016-11-25,5388.490234
2016-11-28,5387.919922
2016-11-29,5370.97998
2016-11-30,5391.350098
2016-12-01,5323.879883
2016-12-02,5249.02002
2016-12-05,5283.580078
2016-12-06,5317.740234
2016-12-07,5322.669922
2016-12-08,5394.149902
2016-12-09,5436.109863
2016-12-12,5428.220215
2016-12-13,5433.569824
2016-12-14,5465.689941
2016-12-15,5443.509766
2016-12-16,5467.819824
2016-12-19,5441.200195
2016-12-20,5473.529785
2016-12-21,5482.629883
2016-12-22,5472.009766
2016-12-23,5441.759766
2016-12-27,5470.759766
2016-12-28,5497.439941
2016-12-29,5437.509766
2016-12-30,5440.169922
2017-01-03,5425.620117
2017-01-04,5440.910156
2017-01-05,5474.390137
2017-01-06,5499.080078
2017-01-09,5527.580078
2017-01-10,5536.540039
2017-01-11,5550.720215
2017-01-12,5542.560059
2017-01-13,5557.569824
2017-01-17,5555.160156
2017-01-18,5546.939941
2017-01-19,5560.609863
2017-01-20,5556.870117
2017-01-23,5546.640137
2017-01-24,5568.27002
2017-01-25,5635.859863
2017-01-26,5666.279785
2017-01-27,5664.879883
2017-01-30,5635.859863
2017-01-31,5592.870117
2017-02-01,5654.509766
2017-02-02,5627.149902
2017-02-03,5650.72998
2017-02-06,5656.950195
2017-02-07,5674.859863
2017-02-08,5662.950195
2017-02-09,5688.02002
2017-02-10,5726.169922
2017-02-13,5753.189941
2017-02-14,5756.509766
2017-02-15,5777.899902
2017-02-16,5823.009766
2017-02-17,5807.310059
2017-02-21,5850.200195
2017-02-22,5857.560059
2017-02-23,5866.819824
2017-02-24,5802.330078
2017-02-27,5835.040039
2017-02-28,5852.790039
2017-03-01,5874.859863
2017-03-02,5897.009766
2017-03-03,5854.27002
2017-03-06,5846.419922
2017-03-07,5836.120117
2017-03-08,5838.439941
2017-03-09,5834.669922
2017-03-10,5867.160156
2017-03-13,5863.47998
2017-03-14,5860.069824
2017-03-15,5869.97998
2017-03-16,5907.859863
2017-03-17,5898.580078
2017-03-20,5898.810059
2017-03-21,5923.419922
2017-03-22,5790.589844
2017-03-23,5812.310059
2017-03-24,5839.330078
2017-03-27,5776.330078
2017-03-28,5836.5
2017-03-29,5875.350098
2017-03-30,5896.149902
2017-03-31,5905.629883
2017-04-03,5917.319824
2017-04-04,5878.759766
2017-04-05,5911.919922
2017-04-06,5870.52002
2017-04-07,5873.939941
2017-04-10,5883.430176
2017-04-11,5871.160156
2017-04-12,5863.589844
2017-04-13,5828.370117
2017-04-17,5821.549805
2017-04-18,5838.589844
2017-04-19,5874.430176
2017-04-20,5887.870117
2017-04-21,5919.02002
2017-04-24,5979.959961
2017-04-25,6004.160156
2017-04-26,6028.120117
2017-04-27,6038.470215
2017-04-28,6072.870117
2017-05-01,6067.560059
2017-05-02,6102.509766
2017-05-03,6075.040039
2017-05-04,6075.060059
2017-05-05,6091.689941
2017-05-08,6100.660156
2017-05-09,6111.819824
2017-05-10,6121.640137
2017-05-11,6110.049805
2017-05-12,6119.27002
2017-05-15,6128.109863
2017-05-16,6160.52002
2017-05-17,6108.620117
2017-05-18,5998.459961
2017-05-19,6070.22998
2017-05-22,6098.25
2017-05-23,6149.549805
2017-05-24,6154.180176
2017-05-25,6183.02002
2017-05-26,6207.040039
2017-05-30,6204.180176
2017-05-31,6221.629883
2017-06-01,6215.910156
2017-06-02,6261.589844
2017-06-05,6305.470215
2017-06-06,6281.879883
2017-06-07,6290.439941
2017-06-08,6311.72998
2017-06-09,6330.25
2017-06-12,6153.560059
2017-06-13,6206.120117
2017-06-14,6237.459961
2017-06-15,6127.049805
2017-06-16,6154.279785
2017-06-19,6196.850098
2017-06-20,6229.620117
2017-06-21,6202.75
2017-06-22,6239.149902
2017-06-23,6234.350098
2017-06-26,6292.72998
2017-06-27,6227.899902
2017-06-28,6173.100098
2017-06-29,6215.490234
2017-06-30,6166.839844
2017-07-03,6173.290039
2017-07-05,6122.060059
2017-07-06,6109.600098
2017-07-07,6111.209961
2017-07-10,6156.029785
2017-07-11,6171.25
2017-07-12,6238.899902
2017-07-13,6269.100098
2017-07-14,6289.080078
2017-07-17,6320.350098
2017-07-18,6304.819824
2017-07-19,6363.240234
2017-07-20,6396.459961
2017-07-21,6383.049805
2017-07-24,6387.819824
2017-07-25,6407.589844
2017-07-26,6425.930176
2017-07-27,6459.759766
2017-07-28,6350.27002
2017-07-31,6394.689941
2017-08-01,6372.160156
2017-08-02,6393.100098
2017-08-03,6366.240234
2017-08-04,6350.790039
2017-08-07,6361.060059
2017-08-08,6373.330078
2017-08-09,6322.919922
2017-08-10,6312.649902
2017-08-11,6222.180176
2017-08-14,6306.109863
2017-08-15,6350.509766
2017-08-16,6348.109863
2017-08-17,6322.720215
2017-08-18,6222.459961
2017-08-21,6216.319824
2017-08-22,6241.209961
2017-08-23,6263.470215
2017-08-24,6294.819824
2017-08-25,6293.810059
2017-08-28,6286.009766
2017-08-29,6228.899902
2017-08-30,6308.680176
2017-08-31,6385.799805
2017-09-01,6442.169922
2017-09-05,6414.819824
2017-09-06,6394.350098
2017-09-07,6402.939941
2017-09-08,6389.649902
2017-09-11,6411.180176
2017-09-12,6448.810059
2017-09-13,6440.720215
2017-09-14,6439.459961
2017-09-15,6426.160156
2017-09-18,6460.100098
2017-09-19,6465.569824
2017-09-20,6459.740234
2017-09-21,6448.569824
2017-09-22,6401.439941
2017-09-25,6403.109863
2017-09-26,6391.850098
2017-09-27,6414.370117
2017-09-28,6437.959961
2017-09-29,6461.279785
2017-10-02,6506.080078
2017-10-03,6523.740234
2017-10-04,6521.959961
2017-10-05,6552.870117
2017-10-06,6566.950195
2017-10-09,6597.370117
2017-10-10,6602.490234
2017-10-11,6586.72998
2017-10-12,6594.759766
2017-10-13,6613.209961
2017-10-16,6622.549805
2017-10-17,6621.419922
2017-10-18,6634.259766
2017-10-19,6583.700195
2017-10-20,6633.370117
2017-10-23,6641.569824
2017-10-24,6598.609863
2017-10-25,6587.220215
2017-10-26,6567.589844
2017-10-27,6635.029785
2017-10-30,6693.77002
2017-10-31,6713.709961
2017-11-01,6758.640137
2017-11-02,6709.390137
2017-11-03,6737.089844
2017-11-06,6763.299805
2017-11-07,6785.439941
2017-11-08,6764.850098
2017-11-09,6737.450195
2017-11-10,6736.390137
2017-11-13,6727.390137
2017-11-14,6733.870117
2017-11-15,6700.680176
2017-11-16,6742.339844
2017-11-17,6794.450195
2017-11-20,6789.279785
2017-11-21,6820.549805
2017-11-22,6869.529785
2017-11-24,6878.109863
2017-11-27,6889.910156
2017-11-28,6893.720215
2017-11-29,6907.279785
2017-11-30,6852.799805
2017-12-01,6844.040039
2017-12-04,6897.129883
2017-12-05,6759.140137
2017-12-06,6742.069824
2017-12-07,6785.740234
2017-12-08,6859.950195
2017-12-11,6847.640137
2017-12-12,6872.709961
2017-12-13,6880.410156
2017-12-14,6887.379883
2017-12-15,6871.549805
2017-12-18,6980.399902
2017-12-19,6991.25
2017-12-20,6991.25
2017-12-21,6972.879883
2017-12-22,6958.02002
2017-12-26,6928.919922
2017-12-27,6941.450195
2017-12-28,6953.379883
2017-12-29,6952.609863
2018-01-02,6937.649902
2018-01-03,7017.069824
2018-01-04,7089.5
2018-01-05,7105.740234
2018-01-08,7135.379883
2018-01-09,7174.189941
2018-01-10,7129.830078
2018-01-11,7168.72998
2018-01-12,7208.169922
2018-01-16,7307.189941
2018-01-17,7257.77002
2018-01-18,7293.649902
2018-01-19,7312
2018-01-22,7338.040039
2018-01-23,7424.950195
2018-01-24,7474.160156
2018-01-25,7457.950195
2018-01-26,7448.330078
2018-01-29,7484.470215
2018-01-30,7388.890137
2018-01-31,7443.25
2018-02-01,7377.169922
2018-02-02,7347.589844
2018-02-05,7165.959961
2018-02-06,6837.560059
2018-02-07,7086.200195
2018-02-08,7067.299805
2018-02-09,6863.339844
2018-02-12,6936.680176
2018-02-13,6942.160156
2018-02-14,6979.240234
2018-02-15,7200.75
2018-02-16,7236.509766
2018-02-20,7209.029785
2018-02-21,7258.47998
2018-02-22,7252.459961
2018-02-23,7261.350098
2018-02-26,7373.299805
2018-02-27,7416.169922
2018-02-28,7371.410156
2018-03-01,7274.75
2018-03-02,7099.540039
2018-03-05,7222.890137
2018-03-06,7366.609863
2018-03-07,7311.740234
2018-03-08,7422.77002
2018-03-09,7475.97998
2018-03-12,7581.040039
2018-03-13,7627.52002
2018-03-14,7539.779785
2018-03-15,7509.240234
2018-03-16,7504.370117
2018-03-19,7419.200195
2018-03-20,7353.25
2018-03-21,7347.5
2018-03-22,7257.549805
2018-03-23,7170.680176
2018-03-26,7125.200195
2018-03-27,7255.470215
2018-03-28,6978.299805
2018-03-29,6984.660156
2018-04-02,7016.169922
2018-04-03,6924.350098
2018-04-04,6811.77002
2018-04-05,7099.25
2018-04-06,6999.569824
2018-04-09,6971.450195
2018-04-10,7060.990234
2018-04-11,7055
2018-04-12,7112.02002
2018-04-13,7179.620117
2018-04-16,7153.870117
2018-04-17,7215.120117
2018-04-18,7292.379883
2018-04-19,7258.609863
2018-04-20,7220.640137
2018-04-23,7173.990234
2018-04-24,7160.77002
2018-04-25,7009.990234
2018-04-26,7080.490234
2018-04-27,7195.52002
2018-04-30,7133.950195
2018-05-01,7053.649902
2018-05-02,7138.450195
2018-05-03,7065.029785
2018-05-04,7065.669922
2018-05-07,7241.819824
2018-05-08,7255.339844
2018-05-09,7281.529785
2018-05-10,7355.899902
2018-05-11,7393.970215
2018-05-14,7429.450195
2018-05-15,7361.299805
2018-05-16,7356.220215
2018-05-17,7379.580078
2018-05-18,7364.339844
2018-05-21,7406.339844
2018-05-22,7420.850098
2018-05-23,7335.029785
2018-05-24,7421.990234
2018-05-25,7422.200195
2018-05-29,7398.509766
2018-05-30,7428.410156
2018-05-31,7455.580078
2018-06-01,7487.660156
2018-06-04,7570.080078
2018-06-05,7621.359863
2018-06-06,7652.799805
2018-06-07,7697.410156
2018-06-08,7607.740234
2018-06-11,7647.240234
2018-06-12,7673.870117
2018-06-13,7713.899902
2018-06-14,7723.529785
2018-06-15,7725.029785
2018-06-18,7692.959961
2018-06-19,7658.470215
2018-06-20,7764.149902
2018-06-21,7800.299805
2018-06-22,7739.689941
2018-06-25,7631.120117
2018-06-26,7553.740234
2018-06-27,7586.330078
2018-06-28,7438.109863
2018-06-29,7544.129883
2018-07-02,7451.899902
2018-07-03,7593.629883
2018-07-05,7550.660156
2018-07-06,7595.930176
2018-07-09,7731.740234
2018-07-10,7770.629883
2018-07-11,7698.509766
2018-07-12,7752.709961
2018-07-13,7827.620117
2018-07-16,7831.740234
2018-07-17,7751.970215
2018-07-18,7859.430176
2018-07-19,7829.799805
2018-07-20,7843.080078
2018-07-23,7806.930176
2018-07-24,7914.350098
2018-07-25,7839.089844
2018-07-26,7848.040039
2018-07-27,7889.75
2018-07-30,7735.27002
2018-07-31,7654.589844
2018-08-01,7701.819824
2018-08-02,7659.52002
2018-08-03,7819.22998
2018-08-06,7809.540039
2018-08-07,7878.620117
2018-08-08,7880
2018-08-09,7886.52002
2018-08-10,7834.709961
2018-08-13,7848
2018-08-14,7847.879883
2018-08-15,7810.02002
2018-08-16,7826.950195
2018-08-17,7786.640137
2018-08-20,7834.370117
2018-08-21,7840.089844
2018-08-22,7844.040039
2018-08-23,7886.470215
2018-08-24,7907.810059
2018-08-27,7989.640137
2018-08-28,8039.009766
2018-08-29,8044.339844
2018-08-30,8094.200195
2018-08-31,8079.310059
2018-09-04,8087.950195
2018-09-05,8073.529785
2018-09-06,7998.27002
2018-09-07,7878.790039
2018-09-10,7939.569824
2018-09-11,7894.870117
2018-09-12,7958.870117
2018-09-13,7999.930176
2018-09-14,8026.160156
2018-09-17,7992.209961
2018-09-18,7903.569824
2018-09-19,7962.549805
2018-09-20,7993.529785
2018-09-21,8041.689941
2018-09-24,7939.379883
2018-09-25,8001.589844
2018-09-26,8011.680176
2018-09-27,8021.220215
2018-09-28,8024.5
2018-10-01,8091.5
2018-10-02,8024.470215
2018-10-03,8034.649902
2018-10-04,7993.330078
2018-10-05,7874.759766
2018-10-08,7747.100098
2018-10-09,7728.509766
2018-10-10,7694.080078
2018-10-11,7388.069824
2018-10-12,7507.839844
2018-10-15,7473.330078
2018-10-16,7501.779785
2018-10-17,7669.259766
2018-10-18,7616.470215
2018-10-19,7530.160156
2018-10-22,7486.740234
2018-10-23,7328.549805
2018-10-24,7423.209961
2018-10-25,7197.490234
2018-10-26,7125.180176
2018-10-29,7272.419922
2018-10-30,7017.870117
2018-10-31,7276.620117
2018-11-01,7327.819824
2018-11-02,7424.02002
2018-11-05,7344.080078
2018-11-06,7326.069824
2018-11-07,7446.089844
2018-11-08,7544.169922
2018-11-09,7468.509766
2018-11-12,7364.049805
2018-11-13,7230.689941
2018-11-14,7265.390137
2018-11-15,7112.830078
2018-11-16,7193.600098
2018-11-19,7217.240234
2018-11-20,6867.430176
2018-11-21,6985.509766
2018-11-23,6919.52002
2018-11-26,7026.5
2018-11-27,7041.22998
2018-11-28,7135.080078
2018-11-29,7267.370117
2018-11-30,7279.299805
2018-12-03,7486.129883
2018-12-04,7407.950195
2018-12-06,7017.049805
2018-12-07,7163.490234
2018-12-10,6959.629883
2018-12-11,7121.660156
2018-12-12,7127
2018-12-13,7135.279785
2018-12-14,6986.370117
2018-12-17,6886.459961
2018-12-18,6809.819824
2018-12-19,6777.589844
2018-12-20,6607.759766
2018-12-21,6573.490234
2018-12-24,6278.490234
2018-12-26,6257.859863
2018-12-27,6457.189941
2018-12-28,6616.790039
2018-12-31,6649.52002
2019-01-02,6506.910156
2019-01-03,6584.77002
2019-01-04,6567.140137
2019-01-07,6757.529785
2019-01-08,6893.439941
2019-01-09,6923.060059
2019-01-10,6908.649902
2019-01-11,6947.459961
2019-01-14,6908.029785
2019-01-15,6931.390137
2019-01-16,7033.75
2019-01-17,7010.129883
2019-01-18,7134.100098
2019-01-22,7109.569824
2019-01-23,7061.649902
2019-01-24,7042.25
2019-01-25,7128.180176
2019-01-28,7075.009766
2019-01-29,7087.490234
2019-01-30,7094.790039
2019-01-31,7208.169922
2019-02-01,7256.370117
2019-02-04,7266.279785
2019-02-05,7356.339844
2019-02-06,7400.439941
2019-02-07,7316.5
2019-02-08,7232.299805
2019-02-11,7327.370117
2019-02-12,7358.850098
2019-02-13,7437.459961
2019-02-14,7390.25
2019-02-15,7468.569824
2019-02-19,7450.75
2019-02-20,7490.310059
2019-02-21,7475.410156
2019-02-22,7481.629883
2019-02-25,7585.299805
2019-02-26,7535.290039
2019-02-27,7526.419922
2019-02-28,7533.310059
2019-03-01,7587.450195
2019-03-04,7636.620117
2019-03-05,7582.290039
2019-03-06,7575.379883
2019-03-07,7483.790039
2019-03-08,7334.350098
2019-03-11,7442.560059
2019-03-12,7571.850098
2019-03-13,7621.379883
2019-03-14,7644.790039
2019-03-15,7658.410156
2019-03-18,7696.379883
2019-03-19,7747.399902
2019-03-20,7721.950195
2019-03-21,7705.430176
2019-03-22,7800.25
2019-03-25,7618.97998
2019-03-26,7700
2019-03-27,7702.049805
2019-03-28,7660.069824
2019-03-29,7726.709961
2019-04-01,7800.240234
2019-04-02,7824.609863
2019-04-03,7891.180176
2019-04-04,7894.259766
2019-04-05,7914.509766
2019-04-08,7924.890137
2019-04-09,7924.77002
2019-04-10,7922.72998
2019-04-11,7975.200195
2019-04-12,7984.149902
2019-04-15,7987.160156
2019-04-16,8000.569824
2019-04-17,8044.970215
2019-04-18,7998.450195
2019-04-22,7969.370117
2019-04-23,8026.75
2019-04-24,8122.879883
2019-04-25,8150.850098
2019-04-26,8100.279785
2019-04-29,8147.649902
2019-04-30,8104.910156
2019-05-01,8132.930176
2019-05-02,8046.47998
2019-05-03,8092.879883
2019-05-06,7981.850098
2019-05-07,8043.52002
2019-05-08,7946.240234
2019-05-09,7853.209961
2019-05-10,7881.310059
2019-05-13,7720.069824
2019-05-14,7689.660156
2019-05-15,7682.799805
2019-05-16,7832.580078
2019-05-17,7829.029785
2019-05-20,7714.060059
2019-05-21,7765.569824
2019-05-22,7749.799805
2019-05-23,7660.720215
2019-05-24,7675.569824
2019-05-28,7655.660156
2019-05-29,7553.02002
2019-05-30,7565.459961
2019-05-31,7470.950195
2019-06-03,7441.209961
2019-06-04,7413.939941
2019-06-05,7585.680176
2019-06-06,7582.240234
2019-06-07,7652.970215
2019-06-10,7798.870117
2019-06-11,7901.040039
2019-06-12,7803.129883
2019-06-13,7822.560059
2019-06-14,7807.189941
2019-06-17,7819.430176
2019-06-18,7920.97998
2019-06-19,7970.259766
2019-06-20,8087.450195
2019-06-21,8028.689941
2019-06-24,8040.580078
2019-06-25,8005.27002
2019-06-26,7933.919922
2019-06-27,7939.359863
2019-06-28,7988.759766
2019-07-01,8145.850098
2019-07-02,8086.649902
2019-07-03,8129.569824
2019-07-05,8123.279785
2019-07-08,8112.910156
2019-07-09,8061.410156
2019-07-10,8183.189941
2019-07-11,8219.280273
2019-07-12,8209.200195
2019-07-15,8263.179688
2019-07-16,8251.660156
2019-07-17,8224
2019-07-18,8151.759766
2019-07-19,8241.339844
2019-07-22,8171.990234
2019-07-23,8242.5
2019-07-24,8227.360352
2019-07-25,8294.679688
2019-07-26,8294.299805
2019-07-29,8325.099609
2019-07-30,8231.769531
2019-07-31,8290.799805
2019-08-01,8190.560059
2019-08-02,8056.419922
2019-08-05,7823.330078
2019-08-06,7804.509766
2019-08-07,7747.27002
2019-08-08,7921.589844
2019-08-09,7997.189941
2019-08-12,7907.490234
2019-08-13,7852.370117
2019-08-14,7877.330078
2019-08-15,7790.200195
2019-08-16,7828.350098
2019-08-19,8006.180176
2019-08-20,7989.359863
2019-08-21,8017.069824
2019-08-22,8038.790039
2019-08-23,7943.649902
2019-08-26,7829.580078
2019-08-27,7908.779785
2019-08-28,7798.350098
2019-08-29,7945.779785
2019-08-30,8015.160156
2019-09-03,7906.439941
2019-09-04,7949.810059
2019-09-05,8061.290039
2019-09-06,8125.580078
2019-09-09,8130.910156
2019-09-10,8049.97998
2019-09-11,8091.680176
2019-09-12,8206.580078
2019-09-13,8190.569824
2019-09-16,8121.640137
2019-09-17,8148.649902
2019-09-18,8174.620117
2019-09-19,8193.589844
2019-09-20,8184.879883
2019-09-23,8106.490234
2019-09-24,8147.22998
2019-09-25,7990.660156
2019-09-26,8070.120117
2019-09-27,8047.109863
2019-09-30,7964.089844
2019-10-01,8026.830078
2019-10-02,7851.129883
2019-10-03,7787.02002
2019-10-04,7908.439941
2019-10-07,7956.410156
2019-10-08,7898.27002
2019-10-09,7895.959961
2019-10-10,7904.560059
2019-10-11,8047.339844
2019-10-14,8044.350098
2019-10-15,8074.850098
2019-10-16,8119.810059
2019-10-17,8176.910156
2019-10-18,8149.850098
2019-10-21,8137.419922
2019-10-22,8188.120117
2019-10-23,8090.240234
2019-10-24,8180.040039
2019-10-25,8150.589844
2019-10-28,8285.769531
2019-10-29,8313.349609
2019-10-30,8284.280273
2019-10-31,8314.379883
2019-11-01,8335.049805
2019-11-04,8445.5
2019-11-05,8446.620117
2019-11-06,8426.570313
2019-11-07,8455.110352
2019-11-08,8422.669922
2019-11-11,8431.259766
2019-11-12,8471.070313
2019-11-13,8455.019531
2019-11-14,8461.05957
2019-11-15,8524.480469
2019-11-18,8529.160156
2019-11-19,8578.019531
2019-11-20,8543.570313
2019-11-21,8527.870117
2019-11-22,8530.540039
2019-11-25,8559.650391
2019-11-26,8635.400391
2019-11-27,8669.589844
2019-11-29,8682.009766
2019-12-02,8672.839844
2019-12-03,8460.719727
2019-12-04,8557.450195
2019-12-05,8587.929688
2019-12-06,8634.25
2019-12-09,8650.860352
2019-12-10,8623.55957
2019-12-11,8631.120117
2019-12-12,8645.360352
2019-12-13,8713.910156
2019-12-16,8791.30957
2019-12-17,8829.469727
2019-12-18,8834.650391
2019-12-19,8838.969727
2019-12-20,8911.839844
2019-12-23,8950.200195
2019-12-24,8955.009766
2019-12-26,8970.209961
2019-12-27,9049.469727
2019-12-30,9004.450195
2019-12-31,8918.740234
2020-01-02,9039.459961
2020-01-03,8976.429688
2020-01-06,8943.5
2020-01-07,9076.639648
2020-01-08,9068.030273
2020-01-09,9202.269531
2020-01-10,9232.950195
2020-01-13,9213.719727
2020-01-14,9270.610352
2020-01-15,9253.759766
2020-01-16,9313.450195
2020-01-17,9392.370117
2020-01-21,9361.070313
2020-01-22,9413.610352
2020-01-23,9377.719727
2020-01-24,9446.209961
2020-01-27,9092.459961
2020-01-28,9201.820313
2020-01-29,9318.259766
2020-01-30,9211.150391
2020-01-31,9324.330078
2020-02-03,9190.719727
2020-02-04,9398.389648
2020-02-05,9574.099609
2020-02-06,9540.980469
2020-02-07,9526.639648
2020-02-10,9493.629883
2020-02-11,9680.889648
2020-02-12,9688.599609
2020-02-13,9657.040039
2020-02-14,9728.900391
2020-02-18,9679.040039
2020-02-19,9782.80957
2020-02-20,9799.200195
2020-02-21,9708.009766
2020-02-24,9188.44043
2020-02-25,9301.200195
2020-02-26,9011.549805
2020-02-27,8744.030273
2020-02-28,8269.740234
2020-03-02,8667.139648
2020-03-03,8965.099609
2020-03-04,8834.099609
2020-03-05,8790.089844
2020-03-06,8469.019531
2020-03-09,7957.930176
2020-03-10,8219.759766
2020-03-11,8136.25
2020-03-12,7398.580078
2020-03-13,7610.390137
2020-03-16,7392.72998
2020-03-17,7072
2020-03-18,6902.319824
2020-03-19,6996.450195
2020-03-20,7248.069824
2020-03-23,6847.279785
2020-03-24,7196.149902
2020-03-25,7421.359863
2020-03-26,7462.209961
2020-03-27,7554.25
2020-03-30,7583.459961
2020-03-31,7740.060059
2020-04-01,7459.5
2020-04-02,7317.450195
2020-04-03,7477.27002
2020-04-06,7660.169922
2020-04-07,8129.990234
2020-04-08,7975.720215
2020-04-09,8169.009766
2020-04-13,8127.689941
2020-04-14,8353.209961
2020-04-15,8355.959961
2020-04-16,8479.110352
2020-04-17,8667.480469
2020-04-20,8553.379883
2020-04-21,8460.69043
2020-04-22,8434.549805
2020-04-23,8528.839844
2020-04-24,8530.080078
2020-04-27,8717.980469
2020-04-28,8825.69043
2020-04-29,8802.700195
2020-04-30,8911.019531
2020-05-01,8681.290039
2020-05-04,8555.320313
2020-05-05,8809.660156
2020-05-06,8874.700195
2020-05-07,8973.780273
2020-05-08,9056.889648
2020-05-11,9054.910156
2020-05-12,9225.150391
2020-05-13,9006.049805
2020-05-14,8788.040039
2020-05-15,8839.990234
2020-05-18,9177.150391
2020-05-19,9227.459961
2020-05-20,9305.620117
2020-05-21,9375.19043
2020-05-22,9278.549805
2020-05-26,9501.209961
2020-05-27,9346.120117
2020-05-28,9392.990234
2020-05-29,9382.349609
2020-06-01,9471.419922
2020-06-02,9566.530273
2020-06-03,9651.860352
2020-06-04,9649.650391
2020-06-05,9703.540039
2020-06-08,9823.44043
2020-06-09,9867.19043
2020-06-10,10012.32031
2020-06-11,9791.240234
2020-06-12,9715.870117
2020-06-15,9426.900391
2020-06-16,9949.780273
2020-06-17,9943.30957
2020-06-18,9892.480469
2020-06-19,10042.12988
2020-06-22,9945.490234
2020-06-23,10130.83008
2020-06-24,10092.91992
2020-06-25,9899.360352
2020-06-26,9995.120117
2020-06-29,9771.719727
2020-06-30,9875.290039
2020-07-01,10063.66992
2020-07-02,10268.66992
2020-07-06,10360.37988
2020-07-07,10412.45996
2020-07-08,10409.34961
2020-07-09,10563.71973
2020-07-10,10545.91016
2020-07-13,10729.91992
2020-07-14,10310.25
2020-07-15,10576.71973
2020-07-16,10443.87012
2020-07-17,10500.51953
2020-07-20,10526.01953
2020-07-21,10837.87988
2020-07-22,10687.58008
2020-07-23,10689.5
2020-07-24,10294.41016
2020-07-27,10421.7002
2020-07-28,10509.2002
2020-07-29,10474.7002
2020-07-30,10450.12012
2020-07-31,10741.46973
2020-08-03,10848.63965
2020-08-04,10897.88965
2020-08-05,10967.87012
2020-08-06,10989.98047
2020-08-07,11072.53027
2020-08-10,11033.73047
2020-08-11,10942.66016
2020-08-12,10878.12012
2020-08-13,11026.86035
2020-08-14,11042.24023
2020-08-17,11083.25
2020-08-18,11170.75
2020-08-19,11214.79981
2020-08-20,11096.40039
2020-08-21,11258.44043
2020-08-24,11449.25
2020-08-25,11370.23047
2020-08-26,11516.62012
2020-08-27,11688.19043
2020-08-28,11689.28027
2020-08-31,11718.80957
2020-09-01,11850.95996
2020-09-02,12047.25977
2020-09-03,11861.90039
2020-09-04,11396.24023
2020-09-08,10900.7002
2020-09-09,11064.75977
2020-09-10,11235.53027
2020-09-11,11010.07031
2020-09-14,11010.13965
2020-09-15,11193.95996
2020-09-16,11222.08008
2020-09-17,10796.04981
2020-09-18,10973.4502
2020-09-21,10610.13965
2020-09-22,10873.29981
2020-09-23,10950.82031
2020-09-24,10551.01953
2020-09-25,10680.45996
2020-09-28,11084.37988
2020-09-29,11109
2020-09-30,11092.90039
2020-10-01,11291.99023
2020-10-02,11082.53027
2020-10-05,11169.11035
2020-10-06,11314.53027
2020-10-07,11271.67969
2020-10-08,11443.34961
2020-10-09,11487.59961
2020-10-12,11732.33008
2020-10-13,11901.75977
2020-10-14,11889.07031
2020-10-15,11559.87988
2020-10-16,11761.83008
2020-10-19,11732.33984
2020-10-20,11531.83008
2020-10-21,11530.38965
2020-10-22,11526.96973
2020-10-23,11536.00977
2020-10-26,11440.63965
2020-10-27,11409.33984
2020-10-28,11230.90039
2020-10-29,11064.46973
2020-10-30,11103.46973
2020-11-02,11010.4502
2020-11-03,11038.66016
2020-11-04,11443.76953
2020-11-05,11816.33008
2020-11-06,11869.90039
2020-11-09,12046.66016
2020-11-10,11622.44043
2020-11-11,11656.65039
2020-11-12,11802.5
2020-11-13,11794.94043
2020-11-16,11847.11035
2020-11-17,11913.34961
2020-11-18,11896.05957
2020-11-19,11779.04004
2020-11-20,11892.7002
2020-11-23,11916.75977
2020-11-24,11939.33008
2020-11-25,12053.88965
2020-11-27,12159.17969
2020-11-30,12224.25
2020-12-01,12313.36035
2020-12-02,12285.75
2020-12-03,12369.25977
2020-12-04,12399.32031
2020-12-07,12461
2020-12-08,12503.16992
2020-12-09,12591.69043
2020-12-10,12247.54981
2020-12-11,12336.79004
2020-12-14,12447.44043
2020-12-15,12543.25977
2020-12-16,12611.04004
2020-12-17,12730.78027
2020-12-18,12804.92969
2020-12-21,12596.13965
2020-12-22,12785.21973
2020-12-23,12834.94043
2020-12-24,12791.54004
2020-12-28,12914.63965
2020-12-29,12965.38965
2020-12-30,12906.50977
2020-12-31,12877.08984
2021-01-04,12958.51953
2021-01-05,12665.65039
2021-01-06,12666.15039
2021-01-07,12867.33984
2021-01-08,13160.21973
2021-01-11,13048.78027
2021-01-12,13062.05957
2021-01-13,13088.00977
2021-01-14,13174.75
2021-01-15,13099.90039
2021-01-19,13132.73047
2021-01-20,13342.54981
2021-01-21,13521.48047
2021-01-22,13474.80957
2021-01-25,13681.20996
2021-01-26,13681.71973
2021-01-27,13486.58008
2021-01-28,13323.29004
2021-01-29,13284.71973
2021-02-01,13226.17969
2021-02-02,13543.09961
2021-02-03,13718.30957
2021-02-04,13674.05957
2021-02-05,13824.87988
2021-02-08,13937.05957
2021-02-09,13966.82031
2021-02-10,14093.34961
2021-02-11,14045.20996
2021-02-12,13979.20996
2021-02-16,14152.20996
2021-02-17,13911.65039
2021-02-18,13814.66992
2021-02-19,13929.2002
2021-02-22,13714.2002
2021-02-23,13262.61035
2021-02-24,13400.25
2021-02-25,13512.63965
2021-02-26,13232.90039
2021-03-01,13406.16016
2021-03-02,13599.4502
2021-03-03,13336.25
2021-03-04,12953.99023
2021-03-05,12860.04004
2021-03-08,12904.25977
2021-03-09,12923.07031
2021-03-10,13234.73047
2021-03-11,13273.30957
2021-03-12,13222.80957
2021-03-15,13323.46973
2021-03-16,13523.16992
2021-03-17,13336.91016
2021-03-18,13349.2002
2021-03-19,13119.90039
2021-03-22,13278.78027
2021-03-23,13381.42969
2021-03-24,13289.24023
2021-03-25,12844.58008
2021-03-26,12996.03027
2021-03-29,13103.96973
2021-03-30,13008.79981
2021-03-31,13122.57031
2021-04-01,13414.32031
2021-04-05,13594.90039
2021-04-06,13681.66992
2021-04-07,13675.29981
2021-04-08,13796.88965
2021-04-09,13787.01953
2021-04-12,13854.44043
2021-04-13,13902.4502
2021-04-14,14004.08008
2021-04-15,13983.23047
2021-04-16,14059.11035
2021-04-19,13984.58008
2021-04-20,13894.45996
2021-04-21,13745.76953
2021-04-22,13952.57031
2021-04-23,13861.37012
2021-04-26,14052.37988
2021-04-27,14170.91016
2021-04-28,14082.78027
2021-04-29,14204.50977
2021-04-30,13970.73047
2021-05-03,14031.76953
2021-05-04,13774.50977
2021-05-05,13731.12988
2021-05-06,13557.83008
2021-05-07,13723.08984
2021-05-10,13687.58984
2021-05-11,13115.84961
2021-05-12,13215.49023
2021-05-13,13150.94043
2021-05-14,13255.65039
2021-05-17,13368.79981
2021-05-18,13416.90039
2021-05-19,13078.19043
2021-05-20,13356.62988
2021-05-21,13616.19043
2021-05-24,13557.20996
2021-05-25,13721.54004
2021-05-26,13693.94043
2021-05-27,13742.58984
2021-05-28,13792.04981
2021-06-01,13829.05957
2021-06-02,13743.24023
2021-06-03,13655.75
2021-06-04,13697.25
2021-06-07,13802.82031
2021-06-08,13946.32031
2021-06-09,13980.23047
2021-06-10,13933.87988
2021-06-11,14030.84961
2021-06-14,14083.46973
2021-06-15,14166.63965
2021-06-16,14085.54981
2021-06-17,13999.12988
2021-06-18,14096.92969
2021-06-21,14047.41992
2021-06-22,14138.29004
2021-06-23,14263.37988
2021-06-24,14357.26953
2021-06-25,14400.80957
2021-06-28,14417.80957
2021-06-29,14509.19043
2021-06-30,14509.84961
2021-07-01,14493.69043
2021-07-02,14582.98047
2021-07-06,14661.54981
2021-07-07,14753.41016
2021-07-08,14409.2002
2021-07-09,14578.42969
2021-07-12,14743.86035
2021-07-13,14715.12988
2021-07-14,14780.90039
2021-07-15,14635.78027
2021-07-16,14597.50977
2021-07-19,14235.98047
2021-07-20,14330.45996
2021-07-21,14508.75
2021-07-22,14652.71973
2021-07-23,14753.05957
2021-07-26,14821.03027
2021-07-27,14807.9502
2021-07-28,14715.66016
2021-07-29,14771.16992
2021-07-30,14615.84961
2021-08-02,14758.59961
2021-08-03,14713.99023
2021-08-04,14747.20996
2021-08-05,14794.08008
2021-08-06,14864.21973
2021-08-09,14855.75977
2021-08-10,14887.75
2021-08-11,14834.37988
2021-08-12,14751.36035
2021-08-13,14825.07031
2021-08-16,14771.53027
2021-08-17,14670.55957
2021-08-18,14636.24023
2021-08-19,14423.16016
2021-08-20,14571.53027
2021-08-23,14776.98047
2021-08-24,14978.13965
2021-08-25,15039.03027
2021-08-26,15025.16992
2021-08-27,14969.76953
2021-08-30,15165.94043
2021-08-31,15262.87988
2021-09-01,15308.98047
2021-09-02,15358.46973
2021-09-03,15313.41016
2021-09-07,15375.98047
2021-09-08,15360.34961
2021-09-09,15296.05957
2021-09-10,15332.91992
2021-09-13,15211.42969
2021-09-14,15168.4502
2021-09-15,15071.33984
2021-09-16,15120.08984
2021-09-17,15163.36035
2021-09-20,14758.13965
2021-09-21,14803.36035
2021-09-22,14800.58984
2021-09-23,14960
2021-09-24,14961.61035
2021-09-27,14954.17969
2021-09-28,14787.20996
2021-09-29,14614.87988
2021-09-30,14582.59961
2021-10-01,14494.92969
2021-10-04,14493.12012
2021-10-05,14312.86035
2021-10-06,14289.4502
2021-10-07,14631.79981
2021-10-08,14694.71973
2021-10-11,14540.08008
2021-10-12,14539.08984
2021-10-13,14537.16992
2021-10-14,14717.5
2021-10-15,14891.24023
2021-10-18,14839.74023
2021-10-19,15073.12988
2021-10-20,15160
2021-10-21,15104.79981
2021-10-22,15158.07031
2021-10-25,15142.91992
2021-10-26,15317.5
2021-10-27,15276
2021-10-28,15304.74023
2021-10-29,15323.29004
2021-11-01,15541.25977
2021-11-02,15583.98047
2021-11-03,15658.51953
2021-11-04,15849.74023
2021-11-05,16003.55957
2021-11-08,15995.71973
2021-11-09,16024.12988
2021-11-10,15753.83984
2021-11-11,15752.08008
2021-11-12,15752.62012
2021-11-15,15894.82031
2021-11-16,15840.32031
2021-11-17,15973.62012
2021-11-18,15973.38965
2021-11-19,16042.16016
2021-11-22,16120.91992
2021-11-23,15809.5
2021-11-24,15677.87988
2021-11-26,15664.37988
2021-11-29,15719.41992
2021-11-30,15716.5
2021-12-01,15752.26953
2021-12-02,15181.82031
2021-12-03,15428.70996
2021-12-06,15117.62988
2021-12-07,15510.91016
2021-12-08,15690.65039
2021-12-09,15720.54004
2021-12-10,15629.58984
2021-12-13,15621.26953
2021-12-14,15215.95996
2021-12-15,15230.70996
2021-12-16,15629.08008
2021-12-17,15036.76953
2021-12-20,14933
2021-12-21,15140.42969
2021-12-22,15319.16016
2021-12-23,15544.79004
2021-12-27,15696.83008
2021-12-28,15895.2002
2021-12-29,15794.91992
2021-12-30,15758.98047
2021-12-31,15722.91016
2022-01-03,15732.5
2022-01-04,15852.13965
2022-01-05,15547.16016
2022-01-06,15024.15039
2022-01-07,15095.71973
2022-01-10,14751.78027
2022-01-11,14919.25977
2022-01-12,15263.09961
2022-01-13,15245.04004
2022-01-14,14708.01953
2022-01-18,14681.83008
2022-01-19,14582.21973
2022-01-20,14462.84961
2022-01-21,14046.21973
2022-01-24,13481.5
2022-01-25,13610.87012
2022-01-26,13871.76953
2022-01-27,13710.99023
2022-01-28,13436.70996
2022-01-31,13812.19043
2022-02-01,14277.42969
2022-02-02,14494.46973
2022-02-03,14045.83008
2022-02-04,13958.48047
2022-02-07,14118.79004
2022-02-08,13984.42969
2022-02-09,14368.16016
2022-02-10,14228.67969
2022-02-11,14213.62012
2022-02-14,13768.96973
2022-02-15,13997.17969
2022-02-16,14038.91992
2022-02-17,14004.19043
2022-02-18,13735.40039
2022-02-22,13424.36035
2022-02-23,13511.75
2022-02-24,12587.87988
2022-02-25,13485.25977
2022-02-28,13570.83008
2022-03-01,13716.7002
2022-03-02,13597.53027
2022-03-03,13837.58984
2022-03-04,13455.23047
2022-03-07,13328.36035
2022-03-08,12800.04004
2022-03-09,13113.7002
2022-03-10,13098.34961
2022-03-11,13229.76953
2022-03-14,12795.12012
2022-03-15,12685.23047
2022-03-16,13119.37012
2022-03-17,13360.71973
2022-03-18,13564.62988
2022-03-21,13860.38965
2022-03-22,13866.42969
2022-03-23,13990.34961
2022-03-24,14001.32031
2022-03-25,14194.71973
2022-03-28,14177.20996
2022-03-29,14500.38965
2022-03-30,14558.58984
2022-03-31,14444.78027
2022-04-01,14269.53027
2022-04-04,14304.34961
2022-04-05,14490.25977
2022-04-06,14002.58008
2022-04-07,13861.49023
2022-04-08,13830.46973
2022-04-11,13547.29004
2022-04-12,13584.69043
2022-04-13,13373.12012
2022-04-14,13647.42969
2022-04-18,13319.38965
2022-04-19,13312.44043
2022-04-20,13665.37988
2022-04-21,13623.7002
2022-04-22,13168.79981
2022-04-25,12749.16992
2022-04-26,12918.04004
2022-04-27,12500.87988
2022-04-28,12712.86035
2022-04-29,12710.41992
2022-05-02,12331.69043
2022-05-03,12511.45996
2022-05-04,12574.73047
2022-05-05,12787.51953
2022-05-06,12246.83008
2022-05-09,11923.03027
2022-05-10,11900.33984
2022-05-11,11645.57031
2022-05-12,11199.25
2022-05-13,11555.96973
2022-05-16,11727.13965
2022-05-17,11905.57031
2022-05-18,11790.67969
2022-05-19,11364.40039
2022-05-20,11542.66992
2022-05-23,11396.28027
2022-05-24,11326.44043
2022-05-25,11225.03027
2022-05-26,11409.83984
2022-05-27,11869.69043
2022-05-31,12137.54004
2022-06-01,12176.88965
2022-06-02,11945.57031
2022-06-03,12097.12012
2022-06-06,12200.33008
2022-06-07,11925.80957
2022-06-08,12147.28027
2022-06-09,12016.46973
2022-06-10,11543.87988
2022-06-13,10986.84961
2022-06-14,10897.42969
2022-06-15,10968.40039
2022-06-16,10806.01953
2022-06-17,10697.54981
2022-06-21,10974.04981
2022-06-22,10941.9502
2022-06-23,11137.67969
2022-06-24,11351.30957
2022-06-27,11661.01953
2022-06-28,11542.24023
2022-06-29,11160.21973
2022-06-30,11048.25
2022-07-01,11006.83008
2022-07-05,10964.17969
2022-07-06,11337.90039
2022-07-07,11422.59961
2022-07-08,11503.61035
2022-07-11,11524.49023
2022-07-12,11420.88965
2022-07-13,11056.54981
2022-07-14,11151.20996
2022-07-15,11379.36035
2022-07-18,11561.63965
2022-07-19,11515
2022-07-20,11726.08984
2022-07-21,11914.15039
2022-07-22,12025.37012
2022-07-25,11837.95996
2022-07-26,11701.53027
2022-07-27,11756.19043
2022-07-28,12036.48047
2022-07-29,12239.69043
2022-08-01,12317.95996
2022-08-02,12287.66992
2022-08-03,12433.87012
2022-08-04,12675.04004
2022-08-05,12538.79981
2022-08-08,12703.71973
2022-08-09,12557.49023
2022-08-10,12793.44043
2022-08-11,12944.82031
2022-08-12,12866.30957
2022-08-15,12996.62988
2022-08-16,13082.63965
2022-08-17,12968.62988
2022-08-18,12937.79004
2022-08-19,12832.26953
2022-08-22,12523.16016
2022-08-23,12380.37012
2022-08-24,12375.15039
2022-08-25,12506.37012
2022-08-26,12630.58008
2022-08-29,12021.04981
2022-08-30,12093.05957
2022-08-31,11972.55957
2022-09-01,11707.44043
2022-09-02,11899.13965
2022-09-06,11643.03027
2022-09-07,11559.37988
2022-09-08,11679.86035
2022-09-09,11958.61035
2022-09-12,12174.94043
2022-09-13,11908.80957
2022-09-14,11680.41016
2022-09-15,11633.24023
2022-09-16,11401.20996
2022-09-19,11338.57031
2022-09-20,11440.13965
2022-09-21,11466.20996
2022-09-22,11167.37988
2022-09-23,10952.69043
2022-09-26,10833.37988
2022-09-27,10955.29004
2022-09-28,10817.51953
2022-09-29,10894.44043
2022-09-30,10697.70996
2022-10-03,10659.00977
2022-10-04,11054.71973
2022-10-05,11022.66992
2022-10-06,11129.04004
2022-10-07,10877.28027
2022-10-10,10659.9502
2022-10-11,10484.37012
2022-10-12,10437
2022-10-13,10131.82031
2022-10-14,10742.80957
2022-10-17,10575.65039
2022-10-18,10963.99023
2022-10-19,10689.30957
2022-10-20,10657.41016
2022-10-21,10576.04004
2022-10-24,10867.07031
2022-10-25,10996.96973
2022-10-26,10969.01953
2022-10-27,10971.9502
2022-10-28,10766.2002
2022-10-31,11028.42969
2022-11-01,11154.74023
2022-11-02,10885.00977
2022-11-03,10399.4502
2022-11-04,10548.13965
2022-11-07,10516.94043
2022-11-08,10611.53027
2022-11-09,10528.4502
2022-11-10,10869.16992
2022-11-11,11124.75
2022-11-14,11233.90039
2022-11-15,11474.82031
2022-11-16,11260.09961
2022-11-17,11008.66992
2022-11-18,11257.00977
2022-11-21,11091.00977
2022-11-22,11058.55957
2022-11-23,11174.61035
2022-11-25,11231
2022-11-28,11147.57031
2022-11-29,11060.01953
2022-11-30,10995.2002
2022-12-01,11475.16992
2022-12-02,11308.37988
2022-12-05,11380.99023
2022-12-06,11228.41992
2022-12-07,10963.9502
2022-12-08,11011.33008
2022-12-09,11038.16992
2022-12-12,11015.48047
2022-12-13,11542.83984
2022-12-14,11248.08984
2022-12-15,11012.62012
2022-12-16,10767.62988
2022-12-19,10707.44043
2022-12-20,10490.88965
2022-12-21,10592
2022-12-22,10586.45996
2022-12-23,10437.75
2022-12-27,10462.19043
2022-12-28,10339.2002
2022-12-29,10321.45996
2022-12-30,10368.37012
2023-01-03,10562.05957
2023-01-04,10467.82031
2023-01-05,10390.30957
2023-01-06,10363.95996
2023-01-09,10662.09961
2023-01-10,10607.71973
2023-01-11,10794.99023
2023-01-12,10969.25977
2023-01-13,10906.37012
2023-01-17,11070
2023-01-18,11170.9502
2023-01-19,10890.40039
2023-01-20,10924.66016
2023-01-23,11171.94043
2023-01-24,11302.92969
2023-01-25,11146.53027
2023-01-26,11458.40039
2023-01-27,11470.46973
2023-01-30,11512.33984
2023-01-31,11398.58008
2023-02-01,11573.13965
2023-02-02,12065.15039
2023-02-03,11946.86035
2023-02-06,11904.41016
2023-02-07,11891.25
2023-02-08,12069.12012
2023-02-09,12069.09961
2023-02-10,11714.59961
2023-02-13,11759.08984
2023-02-14,11808.2002
2023-02-15,11905.12012
2023-02-16,11896.30957
2023-02-17,11777.5
2023-02-21,11640.37012
2023-02-22,11517.2002
2023-02-23,11636.92969
2023-02-24,11404.17969
2023-02-27,11517.19043
2023-02-28,11451.04981
2023-03-01,11447.58008
2023-03-02,11273.76953
2023-03-03,11524.65039
2023-03-06,11736.87012
2023-03-07,11670.98047
2023-03-08,11553.08984
2023-03-09,11578.30957
2023-03-10,11325.36035
2023-03-13,11041.45996
2023-03-14,11357.73047
2023-03-15,11291.16992
2023-03-16,11384.87012
2023-03-17,11696.33984
2023-03-20,11614.38965
2023-03-21,11764.79004
2023-03-22,11857.5
2023-03-23,11811.32031
2023-03-24,11747.62012
2023-03-27,11868.54004
2023-03-28,11752.75977
2023-03-29,11855.58984
2023-03-30,12010.4502
2023-03-31,12031.54004
2023-04-03,12146.08984
2023-04-04,12208.49023
2023-04-05,12081.75977
2023-04-06,11939.08008
2023-04-10,11975.12988
2023-04-11,12080.24023
2023-04-12,12110.87012
2023-04-13,11997.41992
2023-04-14,12117.91016
2023-04-17,12108.23047
2023-04-18,12234.55957
2023-04-19,12063.67969
2023-04-20,12039.08008
2023-04-21,12046.03027
2023-04-24,12053.46973
2023-04-25,11968.80957
2023-04-26,11913.23047
2023-04-27,11972.15039
2023-04-28,12117.54004
2023-05-01,12210.04981
2023-05-02,12198.01953
2023-05-03,12097.04004
2023-05-04,11997.33984
2023-05-05,12073.03027
2023-05-08,12231.67969
2023-05-09,12195.78027
2023-05-10,12286.66016
2023-05-11,12321.25977
2023-05-12,12350.51953
2023-05-15,12301.16992
2023-05-16,12327.04981
2023-05-17,12388.58008
2023-05-18,12513.87012
2023-05-19,12709.45996
2023-05-22,12664.44043
2023-05-23,12652.87988
2023-05-24,12481.88965
2023-05-25,12706.44043
2023-05-26,12736.41992
2023-05-30,13109.09961
2023-05-31,12968.37988
2023-06-01,12944.45996
2023-06-02,13190.48047
2023-06-05,13238.48047
2023-06-06,13199.58984
2023-06-07,13295.25977
2023-06-08,13113.26953
2023-06-09,13312.38965
2023-06-12,13326.37012
2023-06-13,13566.53027
2023-06-14,13570.55957
2023-06-15,13572.87988
2023-06-16,13859.07031
2023-06-20,13642.29004
2023-06-21,13620.87012
2023-06-22,13443.41016
2023-06-23,13484.09961
2023-06-26,13468.74023
2023-06-27,13389.25
2023-06-28,13506.01953
2023-06-29,13592.36035
2023-06-30,13719.98047
2023-07-03,13798.7002
2023-07-05,13772.09961
2023-07-06,13653.16992
2023-07-07,13668.07031
2023-07-10,13645.37012
2023-07-11,13709.80957
2023-07-12,13915.63965
2023-07-13,14021.15039
2023-07-14,14166.66016
2023-07-17,14149.91992
2023-07-18,14212.25
2023-07-19,14398.53027
2023-07-20,14273.29004
2023-07-21,14148.17969
2023-07-24,14081.62988
2023-07-25,14093.24023
2023-07-26,14123.51953
2023-07-27,14319.16016
2023-07-28,14199.83008
2023-07-31,14337.90039
2023-08-01,14274.92969
2023-08-02,14132.73047
2023-08-03,13899.75977
2023-08-04,14025.95996
2023-08-07,13972.4502
2023-08-08,13875.4502
2023-08-09,13897.61035
2023-08-10,13818.25
2023-08-11,13633.65039
2023-08-14,13599
2023-08-15,13760.48047
2023-08-16,13593.16992
2023-08-17,13527.29981
2023-08-18,13190.01953
2023-08-21,13347.25977
2023-08-22,13593.9502
2023-08-23,13532.42969
2023-08-24,13834.30957
2023-08-25,13514.37012
2023-08-28,13695.36035
2023-08-29,13687.23047
2023-08-30,13961.76953
2023-08-31,14041.54004
2023-09-01,14129.95996
2023-09-05,13994.54004
2023-09-06,13988.80957
2023-09-07,13675.11035
2023-09-08,13754.70996
2023-09-11,13884.03027
2023-09-12,13858.94043
2023-09-13,13773.66992
2023-09-14,13889.75977
2023-09-15,13889.2002
2023-09-18,13669.95996
2023-09-19,13649.44043
2023-09-20,13710.25977
2023-09-21,13328.05957
2023-09-22,13287.16992
2023-09-25,13172.54004
2023-09-26,13180.95996
2023-09-27,13115.36035
2023-09-28,13043.37012
2023-09-29,13337.70996
2023-10-02,13217.98047
2023-10-03,13229.67969
2023-10-04,13092.91992
2023-10-05,13228.12012
2023-10-06,13127.67969
2023-10-09,13326.21973
2023-10-10,13505.80957
2023-10-11,13619.20996
2023-10-12,13672.46973
2023-10-13,13613.58984
2023-10-16,13453.80957
2023-10-17,13419.87012
2023-10-18,13439.67969
2023-10-19,13354.79981
2023-10-20,13157.76953
2023-10-23,12930.84961
2023-10-24,13084.99023
2023-10-25,13039.86035
2023-10-26,12768.96973
2023-10-27,12718.69043
2023-10-30,12750.46973
2023-10-31,12786.62012
2023-11-01,12887.05957
2023-11-02,13230.49023
2023-11-03,13362.84961
2023-11-06,13514.08008
2023-11-07,13555.79004
2023-11-08,13660.21973
2023-11-09,13693.7002
2023-11-10,13571.19043
2023-11-13,13745.95996
2023-11-14,14015.37012
2023-11-15,14147.26953
2023-11-16,14066.87988
2023-11-17,14101.44043
2023-11-20,14134.75
2023-11-21,14217.23047
2023-11-22,14283.82031
2023-11-24,14238.04004
2023-11-27,14239.30957
2023-11-28,14224.62988
2023-11-29,14367.11035
2023-11-30,14265.04981
2023-12-01,14181.34961
2023-12-04,14168.66016
2023-12-05,14126.40039
2023-12-06,14325.62012
2023-12-07,14230.42969
2023-12-08,14279.45996
2023-12-11,14340.12988
2023-12-12,14423.00977
2023-12-13,14555.67969
2023-12-14,14798.71973
2023-12-15,14797.45996
2023-12-18,14814.01953
2023-12-19,14923.01953
2023-12-20,14973.36035
2023-12-21,14923.13965
2023-12-22,15006.17969
2023-12-26,15028.69043
2023-12-27,15089.66016
2023-12-28,15142.08984
2023-12-29,15099.2002
2024-01-02,14873.7002
2024-01-03,14641.46973
2024-01-04,14532.23047
2024-01-05,14500.11035
2024-01-08,14564.46973
2024-01-09,14744.12988
2024-01-10,14877.7002
2024-01-11,15020.9502
2024-01-12,15001.00977
2024-01-16,14908.25977
2024-01-17,14814.76953
2024-01-18,14994.51953
2024-01-19,15122.37988
2024-01-22,15393.04981
2024-01-23,15391.41016
2024-01-24,15560.61035
2024-01-25,15555.62012
2024-01-26,15474.84961
2024-01-29,15470.66016
2024-01-30,15604.08008
2024-01-31,15324.19043
2024-02-01,15254.01953
2024-02-02,15403.16016
2024-02-05,15613.99023
2024-02-06,15638.19043
2024-02-07,15690.34961
2024-02-08,15762.23047
2024-02-09,15842.37988
2024-02-12,15980.62012
2024-02-13,15598.87988
2024-02-14,15781.70996
2024-02-15,15865.29981
2024-02-16,15910.42969
