Date,NYSE_usd
2015-01-02,10859.79981
2015-01-05,10764.37012
2015-01-06,10610.78027
2015-01-07,10514.48047
2015-01-08,10686
2015-01-09,10811.82031
2015-01-12,10712.65039
2015-01-13,10640.74023
2015-01-14,10622.57031
2015-01-15,10606.62988
2015-01-16,10508.62012
2015-01-20,10682
2015-01-21,10646
2015-01-22,10753.58008
2015-01-23,10854.23047
2015-01-26,10787.29981
2015-01-27,10793.04004
2015-01-28,10797.23047
2015-01-29,10617.88965
2015-01-30,10636.04004
2015-02-02,10567.95996
2015-02-03,10721.57031
2015-02-04,10803.49023
2015-02-05,10821.34961
2015-02-06,10903.29004
2015-02-09,10831.04004
2015-02-10,10860.70996
2015-02-11,10883.91016
2015-02-12,10924.19043
2015-02-13,11009.87012
2015-02-17,11042.78027
2015-02-18,11054.46973
2015-02-19,11027
2015-02-20,11025.26953
2015-02-23,11091.46973
2015-02-24,11082.12988
2015-02-25,11119.63965
2015-02-26,11111.83984
2015-02-27,11078.54004
2015-03-02,11053.66016
2015-03-03,11090.76953
2015-03-04,11018.79981
2015-03-05,11014.7002
2015-03-06,10964.23047
2015-03-09,10846.04981
2015-03-10,10802.5
2015-03-11,10686.65039
2015-03-12,10734.70996
2015-03-13,10784.08984
2015-03-16,10787.46973
2015-03-17,10843.67969
2015-03-18,10846.42969
2015-03-19,10976.83008
2015-03-20,10932.5
2015-03-23,11089.66016
2015-03-24,11071.9502
2015-03-25,11036.94043
2015-03-26,10877.19043
2015-03-27,10860.65039
2015-03-30,10919.04981
2015-03-31,10914.04981
2015-04-01,10906.12988
2015-04-02,10897.66016
2015-04-06,10936.83984
2015-04-07,11042
2015-04-08,11038.51953
2015-04-09,11028.75
2015-04-10,11077.74023
2015-04-13,11110.17969
2015-04-14,11078.75977
2015-04-15,11136.88965
2015-04-16,11171.49023
2015-04-17,11113.50977
2015-04-20,11058.50977
2015-04-21,11115.79981
2015-04-22,11113.25
2015-04-23,11128.15039
2015-04-24,11199.94043
2015-04-27,11226.41992
2015-04-28,11165.07031
2015-04-29,11161.95996
2015-04-30,11116.71973
2015-05-01,11074.9502
2015-05-04,11154.99023
2015-05-05,11171.50977
2015-05-06,11082.05957
2015-05-07,10997.91992
2015-05-08,11138.65039
2015-05-11,11182.12012
2015-05-12,11106.09961
2015-05-13,11131.53027
2015-05-14,11163.9502
2015-05-15,11202.98047
2015-05-18,11207.03027
2015-05-19,11214.42969
2015-05-20,11221.41016
2015-05-21,11212.51953
2015-05-22,11213.94043
2015-05-26,11197.59961
2015-05-27,11076.25977
2015-05-28,11128.75977
2015-05-29,11116.20996
2015-06-01,11081.66992
2015-06-02,11057.13965
2015-06-03,11101.87012
2015-06-04,11062.12988
2015-06-05,10982.04981
2015-06-08,10975.21973
2015-06-09,10918.24023
2015-06-10,10960.08984
2015-06-11,11072.53027
2015-06-12,11037.33984
2015-06-15,10942.50977
2015-06-16,10940.4502
2015-06-17,11009.48047
2015-06-18,11032.48047
2015-06-19,11080.29004
2015-06-22,11104.66016
2015-06-23,11146.58008
2015-06-24,11132.44043
2015-06-25,11078.57031
2015-06-26,11048.59961
2015-06-29,10940.98047
2015-06-30,10859.11035
2015-07-01,10844.45996
2015-07-02,10885.53027
2015-07-06,10770.04004
2015-07-07,10764.96973
2015-07-08,10755.55957
2015-07-09,10741.75977
2015-07-10,10689.50977
2015-07-13,10853.91992
2015-07-14,10944
2015-07-15,10989.37012
2015-07-16,11013.33008
2015-07-17,11010.83984
2015-07-20,10991.28027
2015-07-21,10960.41016
2015-07-22,10897.13965
2015-07-23,10918.08984
2015-07-24,10830.78027
2015-07-27,10688.86035
2015-07-28,10698.90039
2015-07-29,10795.17969
2015-07-30,10866.30957
2015-07-31,10908.30957
2015-08-03,10883.46973
2015-08-04,10849.13965
2015-08-05,10874.2002
2015-08-06,10851.33984
2015-08-07,10779.5
2015-08-10,10804.80957
2015-08-11,10857.08984
2015-08-12,10725.87988
2015-08-13,10779.44043
2015-08-14,10736.34961
2015-08-17,10743.57031
2015-08-18,10799.54004
2015-08-19,10742.32031
2015-08-20,10618.34961
2015-08-21,10402.29981
2015-08-24,9864.299805
2015-08-25,9790.099609
2015-08-26,9692.400391
2015-08-27,10044.36035
2015-08-28,10199.16016
2015-08-31,10198.32031
2015-09-01,10176.5
2015-09-02,9963.139648
2015-09-03,10044.34961
2015-09-04,9955.370117
2015-09-08,9974.780273
2015-09-09,10193.04004
2015-09-10,9985.030273
2015-09-11,9987.480469
2015-09-14,10026.54981
2015-09-15,10008.62988
2015-09-16,10139.08984
2015-09-17,10217.04981
2015-09-18,10118.21973
2015-09-21,10049.36035
2015-09-22,9970.259766
2015-09-23,9923.730469
2015-09-24,9813.160156
2015-09-25,9913.629883
2015-09-28,9803.400391
2015-09-29,9612.629883
2015-09-30,9698.929688
2015-10-01,9832.330078
2015-10-02,9755.780273
2015-10-05,10035.86035
2015-10-06,10167.5
2015-10-07,10212.34961
2015-10-08,10238.12012
2015-10-09,10376.69043
2015-10-12,10356.33008
2015-10-13,10298.57031
2015-10-14,10267.5
2015-10-15,10259.50977
2015-10-16,10407.28027
2015-10-19,10385.45996
2015-10-20,10377.24023
2015-10-21,10403.74023
2015-10-22,10342.75
2015-10-23,10486.94043
2015-10-26,10495.91016
2015-10-27,10420.75
2015-10-28,10428.03027
2015-10-29,10504.34961
2015-10-30,10509.15039
2015-11-02,10474.58008
2015-11-03,10556.36035
2015-11-04,10629.58984
2015-11-05,10563.92969
2015-11-06,10525.65039
2015-11-09,10486.71973
2015-11-10,10389.17969
2015-11-11,10454.15039
2015-11-12,10335
2015-11-13,10206.54004
2015-11-16,10143.37988
2015-11-17,10320.05957
2015-11-18,10285.37012
2015-11-19,10426.12988
2015-11-20,10460.25
2015-11-23,10433.62988
2015-11-24,10379.26953
2015-11-25,10449.67969
2015-11-27,10442.61035
2015-11-30,10455.48047
2015-12-01,10447.05957
2015-12-02,10501.09961
2015-12-03,10415.55957
2015-12-04,10266.5
2015-12-07,10408.86035
2015-12-08,10214.29004
2015-12-09,10191.34961
2015-12-10,10165.45996
2015-12-11,10074.08008
2015-12-14,9977.820313
2015-12-15,10057.33008
2015-12-16,10164.83984
2015-12-17,10267.83008
2015-12-18,10072.98047
2015-12-21,10017.12988
2015-12-22,10052.33984
2015-12-23,10180.62012
2015-12-24,10266.05957
2015-12-28,10225.99023
2015-12-29,10270.37988
2015-12-30,10277.53027
2015-12-31,10186.44043
2016-01-04,10020.04981
2016-01-05,10007.00977
2016-01-06,9907.370117
2016-01-07,9751.349609
2016-01-08,9692.799805
2016-01-11,9575.179688
2016-01-12,9591.30957
2016-01-13,9619.009766
2016-01-14,9405.429688
2016-01-15,9387.540039
2016-01-19,9378.860352
2016-01-20,9214.94043
2016-01-21,9164.169922
2016-01-22,9343.129883
2016-01-25,9393.540039
2016-01-26,9295.339844
2016-01-27,9403.870117
2016-01-28,9374.839844
2016-01-29,9439.339844
2016-02-01,9578.919922
2016-02-02,9532.990234
2016-02-03,9471.790039
2016-02-04,9484.129883
2016-02-05,9499.530273
2016-02-08,9294.879883
2016-02-09,9131.980469
2016-02-10,9221.839844
2016-02-11,9092.910156
2016-02-12,9092.870117
2016-02-16,9317.94043
2016-02-17,9426.759766
2016-02-18,9532.860352
2016-02-19,9465.179688
2016-02-22,9485.769531
2016-02-23,9582.759766
2016-02-24,9411.269531
2016-02-25,9534.740234
2016-02-26,9668.259766
2016-02-29,9615.169922
2016-03-01,9626.879883
2016-03-02,9746.419922
2016-03-03,9828.30957
2016-03-04,9929.330078
2016-03-07,9922.379883
2016-03-08,9952.230469
2016-03-09,9906.839844
2016-03-10,9954.160156
2016-03-11,9988.290039
2016-03-14,10073.33008
2016-03-15,10005.58984
2016-03-16,9986.480469
2016-03-17,10101.65039
2016-03-18,10216.59961
2016-03-21,10204.7002
2016-03-22,10169.90039
2016-03-23,10171.37988
2016-03-24,10032.88965
2016-03-28,10105.12012
2016-03-29,10071.41992
2016-03-30,10245.92969
2016-03-31,10236.79981
2016-04-01,10132.58008
2016-04-04,10227.12012
2016-04-05,10104.76953
2016-04-06,10062.83984
2016-04-07,10112.98047
2016-04-08,10108.70996
2016-04-11,10154.08008
2016-04-12,10114.58008
2016-04-13,10271.66016
2016-04-14,10359.19043
2016-04-15,10359.58008
2016-04-18,10315.65039
2016-04-19,10463.63965
2016-04-20,10517.05957
2016-04-21,10524.48047
2016-04-22,10464.2002
2016-04-25,10487.83008
2016-04-26,10492.57031
2016-04-27,10528.48047
2016-04-28,10521.16992
2016-04-29,10480.21973
2016-05-02,10450.12988
2016-05-03,10432.24023
2016-05-04,10302.67969
2016-05-05,10303.04004
2016-05-06,10280.99023
2016-05-09,10300.66016
2016-05-10,10323.26953
2016-05-11,10391.92969
2016-05-12,10375.87988
2016-05-13,10305.84961
2016-05-16,10243.2002
2016-05-17,10312.69043
2016-05-18,10229.96973
2016-05-19,10189.76953
2016-05-20,10224.75
2016-05-23,10237.99023
2016-05-24,10275.79004
2016-05-25,10399.12012
2016-05-26,10462.28027
2016-05-27,10437.96973
2016-05-31,10479.87988
2016-06-01,10385.92969
2016-06-02,10424.67969
2016-06-03,10477.78027
2016-06-06,10508.5
2016-06-07,10554.58984
2016-06-08,10620.19043
2016-06-09,10581.21973
2016-06-10,10501.57031
2016-06-13,10400.15039
2016-06-14,10310.07031
2016-06-15,10294.67969
2016-06-16,10237.92969
2016-06-17,10343.61035
2016-06-20,10456.91992
2016-06-21,10481.16016
2016-06-22,10507.94043
2016-06-23,10573.46973
2016-06-24,10335.91992
2016-06-27,10084.48047
2016-06-28,10073.15039
2016-06-29,10254.86035
2016-06-30,10374.57031
2016-07-01,10495.08008
2016-07-05,10452.48047
2016-07-06,10356.21973
2016-07-07,10461.13965
2016-07-08,10414.80957
2016-07-11,10606.03027
2016-07-12,10685.57031
2016-07-13,10743.2002
2016-07-14,10806.20996
2016-07-15,10808.88965
2016-07-18,10773.11035
2016-07-19,10754.54004
2016-07-20,10758.59961
2016-07-21,10784.67969
2016-07-22,10764.26953
2016-07-25,10787.57031
2016-07-26,10754.94043
2016-07-27,10782.32031
2016-07-28,10727.87012
2016-07-29,10734.07031
2016-08-01,10768.75
2016-08-02,10729.11035
2016-08-03,10660.91016
2016-08-04,10697.23047
2016-08-05,10731.82031
2016-08-08,10789.84961
2016-08-09,10797.37012
2016-08-10,10812.32031
2016-08-11,10775.05957
2016-08-12,10827.87012
2016-08-15,10838.33984
2016-08-16,10843.41016
2016-08-17,10803.67969
2016-08-18,10823.79004
2016-08-19,10822.50977
2016-08-22,10798.09961
2016-08-23,10857.94043
2016-08-24,10845.16992
2016-08-25,10780.73047
2016-08-26,10808.40039
2016-08-29,10753.4502
2016-08-30,10817.33984
2016-08-31,10780.20996
2016-09-01,10762.4502
2016-09-02,10830.54981
2016-09-06,10879.63965
2016-09-07,10886.50977
2016-09-08,10879.96973
2016-09-09,10799.12988
2016-09-12,10563.73047
2016-09-13,10644.46973
2016-09-14,10533.7002
2016-09-15,10501.32031
2016-09-16,10554.09961
2016-09-19,10533.41992
2016-09-20,10608.55957
2016-09-21,10605.09961
2016-09-22,10769.37988
2016-09-23,10793.66016
2016-09-26,10675.25
2016-09-27,10600.15039
2016-09-28,10665.58008
2016-09-29,10742.08008
2016-09-30,10679.07031
2016-10-03,10721.84961
2016-10-04,10705.86035
2016-10-05,10666.41016
2016-10-06,10664.54004
2016-10-07,10680.46973
2016-10-10,10671.21973
2016-10-11,10656.21973
2016-10-12,10546.00977
2016-10-13,10487.61035
2016-10-14,10579.76953
2016-10-17,10516.29981
2016-10-18,10578.88965
2016-10-19,10580.4502
2016-10-20,10587.83008
2016-10-21,10545.12012
2016-10-24,10610.58008
2016-10-25,10575.19043
2016-10-26,10505.99023
2016-10-27,10561.54004
2016-10-28,10495.30957
2016-10-31,10476.91992
2016-11-01,10508.00977
2016-11-02,10389.9502
2016-11-03,10350.61035
2016-11-04,10308.30957
2016-11-07,10416.33984
2016-11-08,10462.83984
2016-11-09,10477.79004
2016-11-10,10678.96973
2016-11-11,10644.55957
2016-11-14,10660.4502
2016-11-15,10680.41992
2016-11-16,10705.46973
2016-11-17,10717.87988
2016-11-18,10725.33984
2016-11-21,10753.25
2016-11-22,10793.33984
2016-11-23,10772.61035
2016-11-25,10854.69043
2016-11-28,10857.46973
2016-11-29,10798.91992
2016-11-30,10872.37988
2016-12-01,10860.41992
2016-12-02,10828.99023
2016-12-05,10890.15039
2016-12-06,10923.58008
2016-12-07,10977.41016
2016-12-08,11114.32031
2016-12-09,11153.09961
2016-12-12,11200.19043
2016-12-13,11216.83008
2016-12-14,11214.03027
2016-12-15,11087.12988
2016-12-16,11152.20996
2016-12-19,11127
2016-12-20,11145.29004
2016-12-21,11170.41016
2016-12-22,11127.78027
2016-12-23,11111.5
2016-12-27,11601.29004
2016-12-28,11148.32031
2016-12-29,11071.11035
2016-12-30,11094.80957
2017-01-03,11138.84961
2017-01-04,11186.78027
2017-01-05,11243.12012
2017-01-06,11235.44043
2017-01-09,11209.70996
2017-01-10,11181.74023
2017-01-11,11181.92969
2017-01-12,11213.90039
2017-01-13,11218.04981
2017-01-17,11209.71973
2017-01-18,11187.33008
2017-01-19,11195.83008
2017-01-20,11175.51953
2017-01-23,11178.42969
2017-01-24,11183.55957
2017-01-25,11297.42969
2017-01-26,11335.71973
2017-01-27,11311.33008
2017-01-30,11228.36035
2017-01-31,11195.51953
2017-02-01,11244.82031
2017-02-02,11196.12988
2017-02-03,11268.01953
2017-02-06,11278.41016
2017-02-07,11271.75
2017-02-08,11222.08008
2017-02-09,11274.37988
2017-02-10,11347.92969
2017-02-13,11378.11035
2017-02-14,11419.11035
2017-02-15,11469.09961
2017-02-16,11519.32031
2017-02-17,11468.00977
2017-02-21,11517.94043
2017-02-22,11544.16992
2017-02-23,11586.95996
2017-02-24,11556.15039
2017-02-27,11531.38965
2017-02-28,11528.91016
2017-03-01,11593.20996
2017-03-02,11633.63965
2017-03-03,11575.91992
2017-03-06,11556.62988
2017-03-07,11547.79004
2017-03-08,11511.83984
2017-03-09,11454.58984
2017-03-10,11510.94043
2017-03-13,11507.19043
2017-03-14,11479.03027
2017-03-15,11490.32031
2017-03-16,11619.05957
2017-03-17,11614.90039
2017-03-20,11582.71973
2017-03-21,11598.55957
2017-03-22,11406.59961
2017-03-23,11410.46973
2017-03-24,11440.91016
2017-03-27,11341.32031
2017-03-28,11403.70996
2017-03-29,11463.73047
2017-03-30,11494.86035
2017-03-31,11497.80957
2017-04-03,11495.33008
2017-04-04,11463.78027
2017-04-05,11501.62012
2017-04-06,11426.58008
2017-04-07,11444.29981
2017-04-10,11454.11035
2017-04-11,11456.20996
2017-04-12,11460.21973
2017-04-13,11390.75
2017-04-17,11351.66992
2017-04-18,11426.83008
2017-04-19,11401.99023
2017-04-20,11375.66016
2017-04-21,11419.49023
2017-04-24,11515.00977
2017-04-25,11573.66992
2017-04-26,11594.66992
2017-04-27,11601.33008
2017-04-28,11579.30957
2017-05-01,11550.41016
2017-05-02,11554.09961
2017-05-03,11527.88965
2017-05-04,11544.13965
2017-05-05,11554.08008
2017-05-08,11607.28027
2017-05-09,11602.41992
2017-05-10,11571.71973
2017-05-11,11572
2017-05-12,11551.36035
2017-05-15,11547.44043
2017-05-16,11635
2017-05-17,11522.96973
2017-05-18,11392.90039
2017-05-19,11475.00977
2017-05-22,11574.83008
2017-05-23,11602.37988
2017-05-24,11605.29004
2017-05-25,11641.36035
2017-05-26,11625.32031
2017-05-30,11607
2017-05-31,11610.88965
2017-06-01,11616.20996
2017-06-02,11702.12988
2017-06-05,11700.45996
2017-06-06,11661.94043
2017-06-07,11677.82031
2017-06-08,11664.51953
2017-06-09,11678.86035
2017-06-12,11749.34961
2017-06-13,11770.08984
2017-06-14,11810.87012
2017-06-15,11703.25
2017-06-16,11745.29981
2017-06-19,11801.83008
2017-06-20,11801.2002
2017-06-21,11742.48047
2017-06-22,11704.12012
2017-06-23,11716.58008
2017-06-26,11761.4502
2017-06-27,11765.79981
2017-06-28,11771.13965
2017-06-29,11835.5
2017-06-30,11777.62988
2017-07-03,11801.44043
2017-07-05,11826.25
2017-07-06,11766.12988
2017-07-07,11713.66016
2017-07-10,11744.24023
2017-07-11,11748.23047
2017-07-12,11794.42969
2017-07-13,11832.78027
2017-07-14,11844.03027
2017-07-17,11894.69043
2017-07-18,11878.76953
2017-07-19,11894.33984
2017-07-20,11956.26953
2017-07-21,11944.5
2017-07-24,11918.53027
2017-07-25,11973.05957
2017-07-26,11983.75
2017-07-27,11977.88965
2017-07-28,11950.59961
2017-07-31,11976.20996
2017-08-01,12006.74023
2017-08-02,11979.09961
2017-08-03,11968.48047
2017-08-04,11982.03027
2017-08-07,11983.71973
2017-08-08,11987.76953
2017-08-09,11906.62988
2017-08-10,11889.28027
2017-08-11,11754.40039
2017-08-14,11820.17969
2017-08-15,11861.17969
2017-08-16,11868.17969
2017-08-17,11839.91016
2017-08-18,11702.00977
2017-08-21,11700.11035
2017-08-22,11743.41016
2017-08-23,11770.65039
2017-08-24,11806.88965
2017-08-25,11804.87988
2017-08-28,11831.01953
2017-08-29,11733.79981
2017-08-30,11783.37988
2017-08-31,11833.87988
2017-09-01,11897.96973
2017-09-05,11894.92969
2017-09-06,11859.32031
2017-09-07,11896.79981
2017-09-08,11873.99023
2017-09-11,11943.46973
2017-09-12,12029.79004
2017-09-13,12049.71973
2017-09-14,12042.54004
2017-09-15,12065.33008
2017-09-18,12094.83008
2017-09-19,12126.23047
2017-09-20,12137.49023
2017-09-21,12140.20996
2017-09-22,12134.4502
2017-09-25,12144.07031
2017-09-26,12142.05957
2017-09-27,12154.54981
2017-09-28,12147.61035
2017-09-29,12179.30957
2017-10-02,12209.16016
2017-10-03,12274.73047
2017-10-04,12298.11035
2017-10-05,12307.71973
2017-10-06,12314.61035
2017-10-09,12328.19043
2017-10-10,12329.65039
2017-10-11,12347.20996
2017-10-12,12342.15039
2017-10-13,12360.87012
2017-10-16,12365.99023
2017-10-17,12355.21973
2017-10-18,12371.29981
2017-10-19,12336.15039
2017-10-20,12407.98047
2017-10-23,12436.75977
2017-10-24,12405.96973
2017-10-25,12406.2002
2017-10-26,12362.83984
2017-10-27,12339.65039
2017-10-30,12349.36035
2017-10-31,12333.82031
2017-11-01,12383.87012
2017-11-02,12359.29004
2017-11-03,12361.01953
2017-11-06,12373.07031
2017-11-07,12398.79004
2017-11-08,12361.23047
2017-11-09,12326.32031
2017-11-10,12324.37988
2017-11-13,12281.19043
2017-11-14,12316.83008
2017-11-15,12222.08984
2017-11-16,12258.78027
2017-11-17,12281.28027
2017-11-20,12306.66016
2017-11-21,12352.57031
2017-11-22,12406.13965
2017-11-24,12423.7002
2017-11-27,12421.30957
2017-11-28,12412.15039
2017-11-29,12529.54981
2017-11-30,12596.34961
2017-12-01,12636.73047
2017-12-04,12685.78027
2017-12-05,12635.71973
2017-12-06,12550.16992
2017-12-07,12517.66992
2017-12-08,12605
2017-12-11,12653.09961
2017-12-12,12680.7002
2017-12-13,12709.05957
2017-12-14,12706.78027
2017-12-15,12650.08008
2017-12-18,12760.53027
2017-12-19,12803.17969
2017-12-20,12782.55957
2017-12-21,12771.20996
2017-12-22,12803.98047
2017-12-26,12794.12988
2017-12-27,12808.90039
2017-12-28,12839.54004
2017-12-29,12878.34961
2018-01-02,12860.92969
2018-01-03,12910.62988
2018-01-04,12999.53027
2018-01-05,13066.37012
2018-01-08,13096.65039
2018-01-09,13123.83008
2018-01-10,13108.23047
2018-01-11,13106.59961
2018-01-12,13240.95996
2018-01-16,13343.82031
2018-01-17,13282.48047
2018-01-18,13341.75977
2018-01-19,13342.95996
2018-01-22,13388.32031
2018-01-23,13461.87012
2018-01-24,13520.07031
2018-01-25,13548.87012
2018-01-26,13547.28027
2018-01-29,13592.79981
2018-01-30,13441.24023
2018-01-31,13416.83008
2018-02-01,13338.99023
2018-02-02,13294.34961
2018-02-05,12974.19043
2018-02-06,12386.83984
2018-02-07,12696.9502
2018-02-08,12701.87988
2018-02-09,12364.30957
2018-02-12,12496.34961
2018-02-13,12512.29981
2018-02-14,12515.49023
2018-02-15,12817.17969
2018-02-16,12826.90039
2018-02-20,12817.13965
2018-02-21,12777.36035
2018-02-22,12732.82031
2018-02-23,12766.12988
2018-02-26,12922.16016
2018-02-27,12986.94043
2018-02-28,12852.11035
2018-03-01,12644.42969
2018-03-02,12444.65039
2018-03-05,12498.4502
2018-03-06,12722.30957
2018-03-07,12634.04004
2018-03-08,12725.16016
2018-03-09,12802.13965
2018-03-12,12930.42969
2018-03-13,12938.5
2018-03-14,12874.51953
2018-03-15,12788.16016
2018-03-16,12752.69043
2018-03-19,12755.54981
2018-03-20,12663.25
2018-03-21,12663.66016
2018-03-22,12574.16016
2018-03-23,12413.61035
2018-03-26,12327.05957
2018-03-27,12466.38965
2018-03-28,12325.29004
2018-03-29,12356.19043
2018-04-02,12432.88965
2018-04-03,12274.25977
2018-04-04,12218.91016
2018-04-05,12512.41992
2018-04-06,12511.59961
2018-04-09,12412.94043
2018-04-10,12380.55957
2018-04-11,12509.38965
2018-04-12,12558.98047
2018-04-13,12580.21973
2018-04-16,12601.40039
2018-04-17,12680.38965
2018-04-18,12737.12988
2018-04-19,12714.61035
2018-04-20,12670.91992
2018-04-23,12618.07031
2018-04-24,12659.92969
2018-04-25,12491.42969
2018-04-26,12539.65039
2018-04-27,12567.66992
2018-04-30,12615.34961
2018-05-01,12490.24023
2018-05-02,12486.11035
2018-05-03,12395.46973
2018-05-04,12335.41016
2018-05-07,12493.34961
2018-05-08,12498.16016
2018-05-09,12565.23047
2018-05-10,12660.23047
2018-05-11,12748.91016
2018-05-14,12791.88965
2018-05-15,12711.87988
2018-05-16,12710.62988
2018-05-17,12741.54004
2018-05-18,12735.11035
2018-05-21,12771.57031
2018-05-22,12832.16992
2018-05-23,12701.58008
2018-05-24,12715.29981
2018-05-25,12646.58008
2018-05-29,12516.54981
2018-05-30,12514.33008
2018-05-31,12606.24023
2018-06-01,12596.67969
2018-06-04,12620.83008
2018-06-05,12673.91016
2018-06-06,12696.53027
2018-06-07,12797.92969
2018-06-08,12778.21973
2018-06-11,12845.08008
2018-06-12,12861.66016
2018-06-13,12856.15039
2018-06-14,12812.12988
2018-06-15,12727.38965
2018-06-18,12660.66992
2018-06-19,12708.62988
2018-06-20,12676.37012
2018-06-21,12620.40039
2018-06-22,12653.33984
2018-06-25,12584.9502
2018-06-26,12501.33984
2018-06-27,12528.44043
2018-06-28,12412.19043
2018-06-29,12537.19043
2018-07-02,12430.7002
2018-07-03,12542.33008
2018-07-05,12553.78027
2018-07-06,12578.86035
2018-07-09,12712.33008
2018-07-10,12795.45996
2018-07-11,12737.96973
2018-07-12,12746.71973
2018-07-13,12744.79981
2018-07-16,12758.51953
2018-07-17,12731.48047
2018-07-18,12786.25977
2018-07-19,12786.37012
2018-07-20,12778.21973
2018-07-23,12788.5
2018-07-24,12836.62988
2018-07-25,12836.36035
2018-07-26,12929.79004
2018-07-27,12967.37988
2018-07-30,12936.78027
2018-07-31,12903.42969
2018-08-01,12949.84961
2018-08-02,12818.58984
2018-08-03,12893.91992
2018-08-06,12939.76953
2018-08-07,13011.29981
2018-08-08,12995.91992
2018-08-09,12983.25
2018-08-10,12868.09961
2018-08-13,12836.65039
2018-08-14,12791.9502
2018-08-15,12752.5
2018-08-16,12784.75977
2018-08-17,12839.71973
2018-08-20,12930.15039
2018-08-21,12998.04004
2018-08-22,13007.57031
2018-08-23,12978.58984
2018-08-24,12968.82031
2018-08-27,13043.42969
2018-08-28,13125.33984
2018-08-29,13098.84961
2018-08-30,13094.78027
2018-08-31,13007.37012
2018-09-04,12976.04981
2018-09-05,12944.04981
2018-09-06,12960.20996
2018-09-07,12898.38965
2018-09-10,12952.08984
2018-09-11,12896.76953
2018-09-12,12952.30957
2018-09-13,13022.62988
2018-09-14,13042.37988
2018-09-17,13059.23047
2018-09-18,13044.92969
2018-09-19,13105.12988
2018-09-20,13183.66016
2018-09-21,13243.41992
2018-09-24,13235.20996
2018-09-25,13203.90039
2018-09-26,13164.82031
2018-09-27,13111.99023
2018-09-28,13071.40039
2018-10-01,13146.29981
2018-10-02,13108.74023
2018-10-03,13146.67969
2018-10-04,13089.23047
2018-10-05,13043.46973
2018-10-08,12955.69043
2018-10-09,12970.17969
2018-10-10,12952.12012
2018-10-11,12574.58984
2018-10-12,12485.24023
2018-10-15,12437.74023
2018-10-16,12425.67969
2018-10-17,12612.17969
2018-10-18,12570.66016
2018-10-19,12469.7002
2018-10-22,12474.15039
2018-10-23,12234.99023
2018-10-24,12274.37988
2018-10-25,12023.5
2018-10-26,12006.75977
2018-10-29,12084.49023
2018-10-30,11961.59961
2018-10-31,12198.65039
2018-11-01,12208.05957
2018-11-02,12410.73047
2018-11-05,12381.69043
2018-11-06,12413.34961
2018-11-07,12582.57031
2018-11-08,12644.58008
2018-11-09,12566.33008
2018-11-12,12517.73047
2018-11-13,12365.25977
2018-11-14,12398.92969
2018-11-15,12194.69043
2018-11-16,12329.42969
2018-11-19,12388.11035
2018-11-20,12150.2002
2018-11-21,12108.71973
2018-11-23,12034.67969
2018-11-26,12111.2002
2018-11-27,12137.87988
2018-11-28,12225.73047
2018-11-29,12384.98047
2018-11-30,12373
2018-12-03,12609.7002
2018-12-04,12555.01953
2018-12-06,12032.49023
2018-12-07,12156.83008
2018-12-10,11922.71973
2018-12-11,11982.78027
2018-12-12,12008.58984
2018-12-13,11985.78027
2018-12-14,11845.36035
2018-12-17,11712.80957
2018-12-18,11601.00977
2018-12-19,11540.17969
2018-12-20,11342.94043
2018-12-21,11198.88965
2018-12-24,10976.23047
2018-12-26,10801.46973
2018-12-27,11081.87012
2018-12-28,11343.86035
2018-12-31,11338.24023
2019-01-02,11238.76953
2019-01-03,11343.79004
2019-01-04,11323.73047
2019-01-07,11536.04981
2019-01-08,11702.5
2019-01-09,11758.03027
2019-01-10,11731.54981
2019-01-11,11806.75
2019-01-14,11767.53027
2019-01-15,11798.03027
2019-01-16,11884.96973
2019-01-17,11873.82031
2019-01-18,12070.90039
2019-01-22,12075.40039
2019-01-23,12044.54981
2019-01-24,12006.19043
2019-01-25,12106.38965
2019-01-28,12040.66016
2019-01-29,12080.41992
2019-01-30,12130.00977
2019-01-31,12222.99023
2019-02-01,12312.25977
2019-02-04,12315.49023
2019-02-05,12409.04004
2019-02-06,12405.42969
2019-02-07,12345.54981
2019-02-08,12252.87012
2019-02-11,12304.79981
2019-02-12,12366.33984
2019-02-13,12462.91992
2019-02-14,12422.24023
2019-02-15,12503.48047
2019-02-19,12567.67969
2019-02-20,12627.61035
2019-02-21,12644.04981
2019-02-22,12654.38965
2019-02-25,12746.41016
2019-02-26,12685.32031
2019-02-27,12680.91992
2019-02-28,12671.23047
2019-03-01,12698.23047
2019-03-04,12728.95996
2019-03-05,12638.19043
2019-03-06,12622.49023
2019-03-07,12513.51953
2019-03-08,12364.69043
2019-03-11,12429.88965
2019-03-12,12576.75977
2019-03-13,12621.69043
2019-03-14,12668.78027
2019-03-15,12679.08008
2019-03-18,12732.26953
2019-03-19,12826.12012
2019-03-20,12749.61035
2019-03-21,12658.96973
2019-03-22,12709.26953
2019-03-25,12526.49023
2019-03-26,12598.4502
2019-03-27,12635.25
2019-03-28,12601.20996
2019-03-29,12691.76953
2019-04-01,12775.83984
2019-04-02,12840.44043
2019-04-03,12819.05957
2019-04-04,12833.32031
2019-04-05,12889.37012
2019-04-08,12927.73047
2019-04-09,12892.04981
2019-04-10,12867.33984
2019-04-11,12892.62012
2019-04-12,12955.66016
2019-04-15,12979.26953
2019-04-16,12986.29981
2019-04-17,12984.33008
2019-04-18,12912.17969
2019-04-22,12900.41016
2019-04-23,12916.66992
2019-04-24,12993.86035
2019-04-25,12907.08008
2019-04-26,12923.66016
2019-04-29,12992.73047
2019-04-30,13027.50977
2019-05-01,13066.08008
2019-05-02,12939.04004
2019-05-03,12977.32031
2019-05-06,13037.87988
2019-05-07,12883.05957
2019-05-08,12766.96973
2019-05-09,12673.62012
2019-05-10,12702.07031
2019-05-13,12617.21973
2019-05-14,12560.99023
2019-05-15,12559.66016
2019-05-16,12676.04981
2019-05-17,12652.38965
2019-05-20,12615.66992
2019-05-21,12668.33008
2019-05-22,12682.51953
2019-05-23,12569.33984
2019-05-24,12595.54004
2019-05-28,12597.70996
2019-05-29,12398.24023
2019-05-30,12402.54004
2019-05-31,12280.78027
2019-06-03,12288.50977
2019-06-04,12341.82031
2019-06-05,12607.34961
2019-06-06,12631.08984
2019-06-07,12725.37988
2019-06-10,12821.49023
2019-06-11,12867.16992
2019-06-12,12797.86035
2019-06-13,12816.42969
2019-06-14,12808.88965
2019-06-17,12789.67969
2019-06-18,12837.46973
2019-06-19,12924.26953
2019-06-20,12954.08008
2019-06-21,13068.36035
2019-06-24,13047.24023
2019-06-25,13019.98047
2019-06-26,12936.65039
2019-06-27,12912.05957
2019-06-28,12965.54981
2019-07-01,13049.70996
2019-07-02,13127.69043
2019-07-03,13152.54981
2019-07-05,13231.79981
2019-07-08,13210.87012
2019-07-09,13147.20996
2019-07-10,13137.95996
2019-07-11,13173.25977
2019-07-12,13199.84961
2019-07-15,13234.75977
2019-07-16,13232.95996
2019-07-17,13195.19043
2019-07-18,13109.29004
2019-07-19,13168.7002
2019-07-22,13111.99023
2019-07-23,13109.90039
2019-07-24,13172.54981
2019-07-25,13234.92969
2019-07-26,13169.29004
2019-07-29,13235.49023
2019-07-30,13222.75977
2019-07-31,13187.20996
2019-08-01,13053.66016
2019-08-02,12885.32031
2019-08-05,12666.29981
2019-08-06,12564.88965
2019-08-07,12627.55957
2019-08-08,12685.71973
2019-08-09,12793.24023
2019-08-12,12688.78027
2019-08-13,12589.76953
2019-08-14,12641.29004
2019-08-15,12386.25
2019-08-16,12442.23047
2019-08-19,12687.83008
2019-08-20,12687.91016
2019-08-21,12691.75977
2019-08-22,12724.20996
2019-08-23,12643.94043
2019-08-26,12430.73047
2019-08-27,12562.04004
2019-08-28,12467.37012
2019-08-29,12657.21973
2019-08-30,12740.16016
2019-09-03,12720.19043
2019-09-04,12757.25
2019-09-05,12796.32031
2019-09-06,12933.50977
2019-09-09,12975.01953
2019-09-10,12954.29004
2019-09-11,13008.33008
2019-09-12,13096.23047
2019-09-13,13150.79981
2019-09-16,13134
2019-09-17,13087.87012
2019-09-18,13109.62988
2019-09-19,13121.20996
2019-09-20,13148.41016
2019-09-23,13084.80957
2019-09-24,13087.74023
2019-09-25,12991.09961
2019-09-26,13042.2002
2019-09-27,13053.2002
2019-09-30,12988.88965
2019-10-01,13002.33008
2019-10-02,12742.08984
2019-10-03,12587.32031
2019-10-04,12689.92969
2019-10-07,12816.24023
2019-10-08,12734.54981
2019-10-09,12622.48047
2019-10-10,12688.58008
2019-10-11,12766
2019-10-14,12923.48047
2019-10-15,12897.03027
2019-10-16,12997.45996
2019-10-17,13030.50977
2019-10-18,13032.46973
2019-10-21,13019.25
2019-10-22,13097.03027
2019-10-23,13076.37988
2019-10-24,13119.65039
2019-10-25,13106.20996
2019-10-28,13183.90039
2019-10-29,13170.90039
2019-10-30,13215.87012
2019-10-31,13239.42969
2019-11-01,13231.17969
2019-11-04,13321.17969
2019-11-05,13368.24023
2019-11-06,13339.83984
2019-11-07,13376.92969
2019-11-08,13376.33984
2019-11-11,13347.29981
2019-11-12,13391.96973
2019-11-13,13387.62012
2019-11-14,13385.04981
2019-11-15,13432.75977
2019-11-18,13488.48047
2019-11-19,13489.78027
2019-11-20,13460.33984
2019-11-21,13420.33008
2019-11-22,13412.26953
2019-11-25,13471.51953
2019-11-26,13532.55957
2019-11-27,13577.51953
2019-11-29,13595.86035
2019-12-02,13554.29004
2019-12-03,13363.66016
2019-12-04,13408.08008
2019-12-05,13466.73047
2019-12-06,13515.48047
2019-12-09,13570.54004
2019-12-10,13551
2019-12-11,13554.08984
2019-12-12,13587.7002
2019-12-13,13711.25
2019-12-16,13781.65039
2019-12-17,13795.15039
2019-12-18,13805.2002
2019-12-19,13801.73047
2019-12-20,13831.66992
2019-12-23,13906.87012
2019-12-24,13902.95996
2019-12-26,13911.16016
2019-12-27,13976.84961
2019-12-30,13951.25977
2019-12-31,13852.59961
2020-01-02,13913.03027
2020-01-03,13877.48047
2020-01-06,13856.71973
2020-01-07,13911.19043
2020-01-08,13897.00977
2020-01-09,13974.07031
2020-01-10,14018.12012
2020-01-13,13980.46973
2020-01-14,14024.23047
2020-01-15,14022.29981
2020-01-16,14103.53027
2020-01-17,14168.13965
2020-01-21,14126.12012
2020-01-22,14147.88965
2020-01-23,14064.28027
2020-01-24,14120.01953
2020-01-27,13746.62988
2020-01-28,13812.65039
2020-01-29,13912.79004
2020-01-30,13745.2002
2020-01-31,13783.80957
2020-02-03,13655.88965
2020-02-04,13826.09961
2020-02-05,13964
2020-02-06,14066.90039
2020-02-07,13987.50977
2020-02-10,13904.01953
2020-02-11,13984.48047
2020-02-12,14117.83008
2020-02-13,14069.25
2020-02-14,14104.76953
2020-02-18,14047.91016
2020-02-19,14077.50977
2020-02-20,14061.04004
2020-02-21,14014.62988
2020-02-24,13654
2020-02-25,13570.20996
2020-02-26,13194.30957
2020-02-27,12841.40039
2020-02-28,12547.25
2020-03-02,12441.42969
2020-03-03,12845.05957
2020-03-04,12696.61035
2020-03-05,12740.86035
2020-03-06,12593.03027
2020-03-09,11748.61035
2020-03-10,11635.21973
2020-03-11,11523.94043
2020-03-12,10466.7002
2020-03-13,10445.44043
2020-03-16,10851.98047
2020-03-17,9726.179688
2020-03-18,9562.490234
2020-03-19,9313.759766
2020-03-20,9577.900391
2020-03-23,9014.580078
2020-03-24,9276.639648
2020-03-25,9749.799805
2020-03-26,10060.48047
2020-03-27,10135.73047
2020-03-30,10238.12988
2020-03-31,10387.73047
2020-04-01,9917.30957
2020-04-02,9815.269531
2020-04-03,10012.46973
2020-04-06,10264.12988
2020-04-07,10894.2002
2020-04-08,10641.50977
2020-04-09,11070.32031
2020-04-13,11136.61035
2020-04-14,11151.16016
2020-04-15,10861.96973
2020-04-16,10882.83008
2020-04-17,11101.32031
2020-04-20,11016.87988
2020-04-21,10763.66992
2020-04-22,10919.96973
2020-04-23,10961.24023
2020-04-24,11000.7002
2020-04-27,11106.03027
2020-04-28,11462.37988
2020-04-29,11546.40039
2020-04-30,11473.23047
2020-05-01,11158.87012
2020-05-04,10965.76953
2020-05-05,11188.96973
2020-05-06,11196.87012
2020-05-07,11140.92969
2020-05-08,11281.29981
2020-05-11,11244.25
2020-05-12,11332.41992
2020-05-13,11035.23047
2020-05-14,10661.92969
2020-05-15,10927.41016
2020-05-18,11282.88965
2020-05-19,11374.23047
2020-05-20,11408.61035
2020-05-21,11393.91992
2020-05-22,11325.08008
2020-05-26,11636.54004
2020-05-27,11787.55957
2020-05-28,11935.87988
2020-05-29,11750.96973
2020-06-01,11799.91992
2020-06-02,11900.24023
2020-06-03,12175.05957
2020-06-04,12236.74023
2020-06-05,12640.98047
2020-06-08,12734.54004
2020-06-09,12635.59961
2020-06-10,12616.62988
2020-06-11,12090.12988
2020-06-12,11999.48047
2020-06-15,11565.82031
2020-06-16,12304.13965
2020-06-17,12193.41016
2020-06-18,11994.45996
2020-06-19,12240.30957
2020-06-22,11963.29981
2020-06-23,12157.37012
2020-06-24,11956.29004
2020-06-25,11680.38965
2020-06-26,11796.40039
2020-06-29,11683.07031
2020-06-30,11736.75
2020-07-01,11907.83008
2020-07-02,12088.7002
2020-07-06,12181.29004
2020-07-07,12056.20996
2020-07-08,12023.57031
2020-07-09,12089.24023
2020-07-10,11935.29981
2020-07-13,12159.75
2020-07-14,11989.41016
2020-07-15,12377.65039
2020-07-16,12310.17969
2020-07-17,12395.75977
2020-07-20,12413.15039
2020-07-21,12492.08008
2020-07-22,12508.67969
2020-07-23,12567.16992
2020-07-24,12488.67969
2020-07-27,12481.00977
2020-07-28,12515.83984
2020-07-29,12533.45996
2020-07-30,12491.45996
2020-07-31,12509.33008
2020-08-03,12513.20996
2020-08-04,12548.92969
2020-08-05,12612.08984
2020-08-06,12702.87988
2020-08-07,12655.7002
2020-08-10,12797.78027
2020-08-11,12996.42969
2020-08-12,12984.90039
2020-08-13,12914.7002
2020-08-14,12864.74023
2020-08-17,12942.30957
2020-08-18,12967.94043
2020-08-19,12931.08008
2020-08-20,12751.29004
2020-08-21,12782.05957
2020-08-24,12904.9502
2020-08-25,13029.90039
2020-08-26,13006.17969
2020-08-27,13066.15039
2020-08-28,13115.37012
2020-08-31,13134.38965
2020-09-01,13032.04004
2020-09-02,13132.70996
2020-09-03,13253.79981
2020-09-04,13022.46973
2020-09-08,12777.54981
2020-09-09,12806.24023
2020-09-10,12924.5
2020-09-11,12779.98047
2020-09-14,12868.30957
2020-09-15,13010.96973
2020-09-16,13013.45996
2020-09-17,12866.16992
2020-09-18,12937.59961
2020-09-21,12617.4502
2020-09-22,12575.19043
2020-09-23,12630.53027
2020-09-24,12314.58008
2020-09-25,12293.88965
2020-09-28,12650.04981
2020-09-29,12660.92969
2020-09-30,12643.4502
2020-10-01,12759.66016
2020-10-02,12554.12012
2020-10-05,12842.49023
2020-10-06,12995.9502
2020-10-07,12950.55957
2020-10-08,13116.12988
2020-10-09,13256.82031
2020-10-12,13289.54981
2020-10-13,13271.25
2020-10-14,13222.36035
2020-10-15,12974.12988
2020-10-16,13183.61035
2020-10-19,13169.32031
2020-10-20,13018.50977
2020-10-21,13092.16016
2020-10-22,13040.12988
2020-10-23,13145.91992
2020-10-26,13063.79981
2020-10-27,12921.25
2020-10-28,12575.29004
2020-10-29,12409.04004
2020-10-30,12448.69043
2020-11-02,12573.33984
2020-11-03,12781.16992
2020-11-04,12916.23047
2020-11-05,13125.75
2020-11-06,13233.4502
2020-11-09,13726.20996
2020-11-10,13663.17969
2020-11-11,13779.92969
2020-11-12,13645.4502
2020-11-13,13644.9502
2020-11-16,13946.19043
2020-11-17,13880.80957
2020-11-18,13986.41016
2020-11-19,13765.51953
2020-11-20,13853.12012
2020-11-23,13827
2020-11-24,14158.70996
2020-11-25,14249.5
2020-11-27,14191.58008
2020-11-30,14140.9502
2020-12-01,14183.4502
2020-12-02,14104.05957
2020-12-03,14210.54004
2020-12-04,14299.50977
2020-12-07,14375.54981
2020-12-08,14304.13965
2020-12-09,14466.07031
2020-12-10,14310.40039
2020-12-11,14332.96973
2020-12-14,14445.36035
2020-12-15,14303.03027
2020-12-16,14426.08008
2020-12-17,14488.69043
2020-12-18,14525.74023
2020-12-21,14257.73047
2020-12-22,14368.55957
2020-12-23,14397.00977
2020-12-24,14398.62012
2020-12-28,14476.34961
2020-12-29,14500.03027
2020-12-30,14447.95996
2020-12-31,14469
2021-01-04,14601.4502
2021-01-05,14378.7002
2021-01-06,14594.48047
2021-01-07,14866.91992
2021-01-08,14990.51953
2021-01-11,14828.03027
2021-01-12,14970.78027
2021-01-13,15017.01953
2021-01-14,15063.55957
2021-01-15,14949.33984
2021-01-19,15026.63965
2021-01-20,15067.86035
2021-01-21,15102.53027
2021-01-22,14895.73047
2021-01-25,14951.83984
2021-01-26,14935.29004
2021-01-27,14867.37012
2021-01-28,14487.73047
2021-01-29,14669.51953
2021-02-01,14397.2002
2021-02-02,14596.17969
2021-02-03,14768.58008
2021-02-04,14839.05957
2021-02-05,14975.42969
2021-02-08,15069.59961
2021-02-09,15226.61035
2021-02-10,15244.40039
2021-02-11,15273.90039
2021-02-12,15297.08984
2021-02-16,15370.21973
2021-02-17,15423.01953
2021-02-18,15402.58984
2021-02-19,15290.63965
2021-02-22,15362.69043
2021-02-23,15340.46973
2021-02-24,15359.12988
2021-02-25,15539.41992
2021-02-26,15206.66992
2021-03-01,15010.46973
2021-03-02,15327.76953
2021-03-03,15277.01953
2021-03-04,15199.19043
2021-03-05,14959.41016
2021-03-08,15251.83008
2021-03-09,15288.37988
2021-03-10,15375.62988
2021-03-11,15521.83984
2021-03-12,15648
2021-03-15,15715.20996
2021-03-16,15775.5
2021-03-17,15669.29981
2021-03-18,15731.15039
2021-03-19,15589.07031
2021-03-22,15562.25977
2021-03-23,15551.58008
2021-03-24,15346.53027
2021-03-25,15276.55957
2021-03-26,15410.37012
2021-03-29,15682.54004
2021-03-30,15611.87988
2021-03-31,15626.11035
2021-04-01,15601.74023
2021-04-05,15752.24023
2021-04-06,15870.33984
2021-04-07,15877.95996
2021-04-08,15838.84961
2021-04-09,15886.55957
2021-04-12,15956.37012
2021-04-13,15977.45996
2021-04-14,15962.33984
2021-04-15,16000.15039
2021-04-16,16116.84961
2021-04-19,16186.29004
2021-04-20,16107.55957
2021-04-21,15944.61035
2021-04-22,16121.61035
2021-04-23,16030.62012
2021-04-26,16206
2021-04-27,16241.20996
2021-04-28,16273.30957
2021-04-29,16322.12988
2021-04-30,16376
2021-05-03,16219.33008
2021-05-04,16325.24023
2021-05-05,16289.26953
2021-05-06,16348.41016
2021-05-07,16459.59961
2021-05-10,16590.42969
2021-05-11,16516.83008
2021-05-12,16355.62012
2021-05-13,16042.96973
2021-05-14,16181.62988
2021-05-17,16415.35938
2021-05-18,16422.96094
2021-05-19,16337.73047
2021-05-20,16233.32031
2021-05-21,16350.4502
2021-05-24,16375
2021-05-25,16464.68945
2021-05-26,16390.18945
2021-05-27,16451.96094
2021-05-28,16531.94922
2021-06-01,16555.66016
2021-06-02,16643.32031
2021-06-03,16673.96094
2021-06-04,16632.33984
2021-06-07,16708.74023
2021-06-08,16685.14063
2021-06-09,16685.48047
2021-06-10,16620
2021-06-11,16651.42969
2021-06-14,16694.92969
2021-06-15,16662.41992
2021-06-16,16655.81055
2021-06-17,16542.75977
2021-06-18,16411.65039
2021-06-21,16143.9502
2021-06-22,16411.98047
2021-06-23,16449.00977
2021-06-24,16437.63086
2021-06-25,16558.61914
2021-06-28,16658.78906
2021-06-29,16573.7207
2021-06-30,16547.57031
2021-07-01,16555.34961
2021-07-02,16640.96094
2021-07-06,16674.84961
2021-07-07,16542.75
2021-07-08,16559.31055
2021-07-09,16359.7002
2021-07-12,16633.30078
2021-07-13,16673.14063
2021-07-14,16575.76953
2021-07-15,16543.7793
2021-07-16,16499.06055
2021-07-19,16364.66016
2021-07-20,16052.70996
2021-07-21,16321.94043
2021-07-22,16503.4707
2021-07-23,16455.91992
2021-07-26,16552.38086
2021-07-27,16565.31055
2021-07-28,16520.96094
2021-07-29,16573.56055
2021-07-30,16697.14063
2021-08-02,16602.28906
2021-08-03,16576.21094
2021-08-04,16713.46094
2021-08-05,16594.48047
2021-08-06,16695.5
2021-08-09,16748.08008
2021-08-10,16726.94922
2021-08-11,16792.7793
2021-08-12,16875.39063
2021-08-13,16871.11914
2021-08-16,16868.10938
2021-08-17,16836.74023
2021-08-18,16707.13086
2021-08-19,16550.33984
2021-08-20,16429.14063
2021-08-23,16516.67969
2021-08-24,16648.55078
2021-08-25,16741.16016
2021-08-26,16812.83984
2021-08-27,16694.32031
2021-08-30,16844.75
2021-08-31,16819.63086
2021-09-01,16806.43945
2021-09-02,16845.99023
2021-09-03,16926.7207
2021-09-07,16909.7207
2021-09-08,16801.17969
2021-09-09,16731.03906
2021-09-10,16663.11914
2021-09-13,16563.48047
2021-09-14,16635.39063
2021-09-15,16497.23047
2021-09-16,16626.88086
2021-09-17,16576.76953
2021-09-20,16460.34961
2021-09-21,16168.16992
2021-09-22,16184.5
2021-09-23,16352.17969
2021-09-24,16567.25977
2021-09-27,16539.15039
2021-09-28,16599.78906
2021-09-29,16328.78027
2021-09-30,16344.88965
2021-10-01,16144.91992
2021-10-04,16323.74023
2021-10-05,16198.55957
2021-10-06,16327.08984
2021-10-07,16338.45996
2021-10-08,16511.81055
2021-10-11,16517.23047
2021-10-12,16430.07031
2021-10-13,16441.75
2021-10-14,16513.16016
2021-10-15,16744.28906
2021-10-18,16871.74023
2021-10-19,16862
2021-10-20,16988.16016
2021-10-21,17099.21094
2021-10-22,17083.15039
2021-10-25,17122.24023
2021-10-26,17169.07031
2021-10-27,17145.15039
2021-10-28,16920.38086
2021-10-29,17077
2021-11-01,17016.41016
2021-11-02,17131.08008
2021-11-03,17115.16992
2021-11-04,17209.75
2021-11-05,17168.86914
2021-11-08,17242.35938
2021-11-09,17310.50977
2021-11-10,17286.91016
2021-11-11,17192.0293
2021-11-12,17220.41016
2021-11-15,17297.66016
2021-11-16,17285.55078
2021-11-17,17302.78906
2021-11-18,17192.66016
2021-11-19,17117.74023
2021-11-22,16973.96094
2021-11-23,16945.7793
2021-11-24,17007.90039
2021-11-26,17036.81055
2021-11-29,16624.86914
2021-11-30,16683.98047
2021-12-01,16318.96973
2021-12-02,16133.88965
2021-12-03,16475.25
2021-12-06,16347.87012
2021-12-07,16591.9707
2021-12-08,16853.57031
2021-12-09,16899.91992
2021-12-10,16780.4707
2021-12-13,16856.63086
2021-12-14,16719.57031
2021-12-15,16652.58008
2021-12-16,16813.57031
2021-12-17,16849.08984
2021-12-20,16668.64063
2021-12-21,16442.31055
2021-12-22,16744.26953
2021-12-23,16874.88086
2021-12-27,16963.43945
2021-12-28,17141.08984
2021-12-29,17134.16016
2021-12-30,17149.92969
2021-12-31,17164.24023
2022-01-03,17164.13086
2022-01-04,17226.09961
2022-01-05,17336.75977
2022-01-06,17112.59961
2022-01-07,17156.51953
2022-01-10,17166.2793
2022-01-11,17119.56055
2022-01-12,17294.53906
2022-01-13,17353.75977
2022-01-14,17259.01953
2022-01-18,17219.06055
2022-01-19,16950.91016
2022-01-20,16818.98047
2022-01-21,16663.76953
2022-01-24,16397.33984
2022-01-25,16413.9707
2022-01-26,16340.32031
2022-01-27,16236.50977
2022-01-28,16152.12012
2022-01-31,16397.85938
2022-02-01,16659.76953
2022-02-02,16829.7207
2022-02-03,16904.51953
2022-02-04,16677.39063
2022-02-07,16701.58008
2022-02-08,16722.75977
2022-02-09,16853.71094
2022-02-10,17069.66016
2022-02-11,16855.96094
2022-02-14,16664.99023
2022-02-15,16531.31055
2022-02-16,16745.83008
2022-02-17,16770.35938
2022-02-18,16492.05078
2022-02-22,16392.32031
2022-02-23,16215.62012
2022-02-24,16019.58008
2022-02-25,15995.99023
2022-02-28,16427.96094
2022-03-01,16313.88965
2022-03-02,16069.16016
2022-03-03,16380.91016
2022-03-04,16287.49023
2022-03-07,16129.66016
2022-03-08,15708.23047
2022-03-09,15625.92969
2022-03-10,15977.54004
2022-03-11,15929.55957
2022-03-14,15753.7002
2022-03-15,15694.34961
2022-03-16,15895.66992
2022-03-17,16261.5
2022-03-18,16483.58008
2022-03-21,16612.64063
2022-03-22,16606.66992
2022-03-23,16735.48047
2022-03-24,16558.5293
2022-03-25,16701.82031
2022-03-28,16792.80078
2022-03-29,16798.7207
2022-03-30,17014.75977
2022-03-31,16932.75977
2022-04-01,16670.91016
2022-04-04,16787.75
2022-04-05,16830.93945
2022-04-06,16645.05078
2022-04-07,16587.09961
2022-04-08,16631.44922
2022-04-11,16689.94922
2022-04-12,16534.19922
2022-04-13,16465.99023
2022-04-14,16614.78906
2022-04-18,16511.50977
2022-04-19,16466.21094
2022-04-20,16658.90039
2022-04-21,16761.34961
2022-04-22,16499.33008
2022-04-25,16056.87012
2022-04-26,16054.75977
2022-04-27,15694.24023
2022-04-28,15741.82031
2022-04-29,16032.67969
2022-05-02,15615.25
2022-05-03,15609.28027
2022-05-04,15729.53027
2022-05-05,16119.61035
2022-05-06,15652.61035
2022-05-09,15566.55957
2022-05-10,15057.87012
2022-05-11,15025.74023
2022-05-12,14902.13965
2022-05-13,14931.09961
2022-05-16,15257.36035
2022-05-17,15259.82031
2022-05-18,15541.91016
2022-05-19,15044.51953
2022-05-20,15035.87012
2022-05-23,15080.98047
2022-05-24,15342.95996
2022-05-25,15290.37988
2022-05-26,15412.19043
2022-05-27,15664
2022-05-31,15942.62012
2022-06-01,15827.04981
2022-06-02,15709.61035
2022-06-03,15960.53027
2022-06-06,15797.16992
2022-06-07,15848.4502
2022-06-08,16019.55957
2022-06-09,15843.83008
2022-06-10,15472.45996
2022-06-13,15096.69043
2022-06-14,14527.90039
2022-06-15,14444.63965
2022-06-16,14595.23047
2022-06-17,14142.19043
2022-06-21,14097.04981
2022-06-22,14414.25
2022-06-23,14352.78027
2022-06-24,14402.12012
2022-06-27,14811.54981
2022-06-28,14835.29981
2022-06-29,14667.32031
2022-06-30,14599.58984
2022-07-01,14487.63965
2022-07-05,14636.75977
2022-07-06,14499.49023
2022-07-07,14465.29004
2022-07-08,14676.5
2022-07-11,14642.33008
2022-07-12,14502.42969
2022-07-13,14395.04004
2022-07-14,14340.28027
2022-07-15,14171.24023
2022-07-18,14449.67969
2022-07-19,14403.17969
2022-07-20,14766.59961
2022-07-21,14778.46973
2022-07-22,14871.12988
2022-07-25,14790.79004
2022-07-26,14899.08984
2022-07-27,14793.54981
2022-07-28,15031.04004
2022-07-29,15198.80957
2022-08-01,15327.70996
2022-08-02,15286.00977
2022-08-03,15162.67969
2022-08-04,15267.16016
2022-08-05,15224.20996
2022-08-08,15273.23047
2022-08-09,15305.79981
2022-08-10,15264.79004
2022-08-11,15552.7002
2022-08-12,15602.92969
2022-08-15,15804.38965
2022-08-16,15794.33008
2022-08-17,15846.79004
2022-08-18,15734.11035
2022-08-19,15763.90039
2022-08-22,15588.32031
2022-08-23,15341.84961
2022-08-24,15338.15039
2022-08-25,15392.05957
2022-08-26,15595.24023
2022-08-29,15178.20996
2022-08-30,15118.84961
2022-08-31,14931.41992
2022-09-01,14801.24023
2022-09-02,14771.90039
2022-09-06,14689.5
2022-09-07,14631.51953
2022-09-08,14844.57031
2022-09-09,14961.76953
2022-09-12,15190.79004
2022-09-13,15352.17969
2022-09-14,14820.79004
2022-09-15,14843.20996
2022-09-16,14722.03027
2022-09-19,14573.91016
2022-09-20,14674.45996
2022-09-21,14474.71973
2022-09-22,14236.61035
2022-09-23,14116.58984
2022-09-26,13796.99023
2022-09-27,13580.38965
2022-09-28,13541.75977
2022-09-29,13833.17969
2022-09-30,13608.29004
2022-10-03,13472.17969
2022-10-04,13855.71973
2022-10-05,14319.49023
2022-10-06,14262.03027
2022-10-07,14087.37988
2022-10-10,13798.25977
2022-10-11,13693.57031
2022-10-12,13608.08984
2022-10-13,13546.79981
2022-10-14,13888.96973
2022-10-17,13607.30957
2022-10-18,13923.20996
2022-10-19,14089.2002
2022-10-20,13947.25977
2022-10-21,13840.46973
2022-10-24,14144.04981
2022-10-25,14226.11035
2022-10-26,14440.69043
2022-10-27,14531.69043
2022-10-28,14569.90039
2022-10-31,14795.62988
2022-11-01,14747.03027
2022-11-02,14790.70996
2022-11-03,14497.84961
2022-11-04,14455.66992
2022-11-07,14702.76953
2022-11-08,14808.62988
2022-11-09,14889.29981
2022-11-10,14587.75977
2022-11-11,15234.71973
2022-11-14,15320.42969
2022-11-15,15445.09961
2022-11-16,15381
2022-11-17,15090.08008
2022-11-18,15314.44043
2022-11-21,15309.76953
2022-11-22,15278.25977
2022-11-23,15481.75977
2022-11-25,15545.51953
2022-11-28,15605.66992
2022-11-29,15370.44043
2022-11-30,15433.45996
2022-12-01,15780.01953
2022-12-02,15761.12012
2022-12-05,15767.01953
2022-12-06,15474.79004
2022-12-07,15328.44043
2022-12-08,15311.79004
2022-12-09,15399.94043
2022-12-12,15291.04981
2022-12-13,15468.66992
2022-12-14,15562.54004
2022-12-15,15494.98047
2022-12-16,15182.28027
2022-12-19,15018.16992
2022-12-20,14938.03027
2022-12-21,15000.62012
2022-12-22,15219.54981
2022-12-23,15081.53027
2022-12-27,15188.4502
2022-12-28,15218.25977
2022-12-29,15037.32031
2022-12-30,15241.20996
2023-01-03,15184.30957
2023-01-04,15154.4502
2023-01-05,15350.29981
2023-01-06,15225.40039
2023-01-09,15539.74023
2023-01-10,15514.44043
2023-01-11,15608.16992
2023-01-12,15749.08984
2023-01-13,15859.54981
2023-01-17,15918.37012
2023-01-18,15883.55957
2023-01-19,15649.12988
2023-01-20,15569.62988
2023-01-23,15777.54981
2023-01-24,15880.08984
2023-01-25,15868.21973
2023-01-26,15889.26953
2023-01-27,15985.87012
2023-01-30,15962.58008
2023-01-31,15818.90039
2023-02-01,16036.38965
2023-02-02,16121.25
2023-02-03,16122.58008
2023-02-06,15999.40039
2023-02-07,15895.36035
2023-02-08,16021.62012
2023-02-09,15934.71973
2023-02-10,15828.59961
2023-02-13,15910.69043
2023-02-14,16052.25
2023-02-15,16025.11035
2023-02-16,16016.08984
2023-02-17,15873.78027
2023-02-21,15840.16016
2023-02-22,15572.51953
2023-02-23,15530.83008
2023-02-24,15584.92969
2023-02-27,15464.45996
2023-02-28,15492.92969
2023-03-01,15428.96973
2023-03-02,15436.29981
2023-03-03,15524.51953
2023-03-06,15721.05957
2023-03-07,15694.33984
2023-03-08,15439.01953
2023-03-09,15440.63965
2023-03-10,15140.79004
2023-03-13,14894.17969
2023-03-14,14764.37012
2023-03-15,14944.74023
2023-03-16,14662.54981
2023-03-17,14830.99023
2023-03-20,14599.04981
2023-03-21,14777.7002
2023-03-22,14985.9502
2023-03-23,14741.08008
2023-03-24,14693.01953
2023-03-27,14758.57031
2023-03-28,14894.84961
2023-03-29,14949.34961
2023-03-30,15123.95996
2023-03-31,15200.58984
2023-04-03,15374.91016
2023-04-04,15487.75
2023-04-05,15374.11035
2023-04-06,15368.25977
2023-04-10,15379.12988
2023-04-11,15427.17969
2023-04-12,15520.91992
2023-04-13,15500.92969
2023-04-14,15630.88965
2023-04-17,15601.78027
2023-04-18,15668.33984
2023-04-19,15684.95996
2023-04-20,15653.62012
2023-04-21,15582.94043
2023-04-24,15578.92969
2023-04-25,15606.70996
2023-04-26,15363.53027
2023-04-27,15228.58008
2023-04-28,15431.63965
2023-05-01,15545.87988
2023-05-02,15535.88965
2023-05-03,15314.57031
2023-05-04,15233.84961
2023-05-05,15117.66992
2023-05-08,15380.87012
2023-05-09,15391.26953
2023-05-10,15352.80957
2023-05-11,15349.16992
2023-05-12,15263.07031
2023-05-15,15246.36035
2023-05-16,15322.55957
2023-05-17,15129.25
2023-05-18,15313.91992
2023-05-19,15345.42969
2023-05-22,15324.32031
2023-05-23,15318.84961
2023-05-24,15172.26953
2023-05-25,15022.88965
2023-05-26,14975.96973
2023-05-30,15078.69043
2023-05-31,14994.63965
2023-06-01,14887.13965
2023-06-02,15031.08984
2023-06-05,15345.19043
2023-06-06,15275.20996
2023-06-07,15391.79981
2023-06-08,15469.62988
2023-06-09,15502.63965
2023-06-12,15499.91016
2023-06-13,15548.46973
2023-06-14,15667.79004
2023-06-15,15642.73047
2023-06-16,15826.34961
2023-06-20,15795.12012
2023-06-21,15648.91992
2023-06-22,15657
2023-06-23,15600.7002
2023-06-26,15469.34961
2023-06-27,15518.74023
2023-06-28,15646.67969
2023-06-29,15617.36035
2023-06-30,15737.37988
2023-07-03,15875.91016
2023-07-05,15918.5
2023-07-06,15835.53027
2023-07-07,15641.66992
2023-07-10,15671.62988
2023-07-11,15748.87012
2023-07-12,15897.30957
2023-07-13,16011.28027
2023-07-14,16106.84961
2023-07-17,16040.23047
2023-07-18,16054.16992
2023-07-19,16156.50977
2023-07-20,16230.94043
2023-07-21,16263.70996
2023-07-24,16289.12012
2023-07-25,16369.13965
2023-07-26,16385.17969
2023-07-27,16418.21094
2023-07-28,16270.59961
2023-07-31,16363.25977
2023-08-01,16427.28906
2023-08-02,16356.50977
2023-08-03,16174.54004
2023-08-04,16125.41992
2023-08-07,16071.05957
2023-08-08,16208.23047
2023-08-09,16176.34961
2023-08-10,16135.76953
2023-08-11,16135.21973
2023-08-14,16143.37988
2023-08-15,16116.04981
2023-08-16,15911.30957
2023-08-17,15818.11035
2023-08-18,15734.37988
2023-08-21,15750.16992
2023-08-22,15746.20996
2023-08-23,15690.28027
2023-08-24,15823.26953
2023-08-25,15683.00977
2023-08-28,15766.91016
2023-08-29,15879.58984
2023-08-30,16041.49023
2023-08-31,16074.21973
2023-09-01,16000.37012
2023-09-05,16091.79004
2023-09-06,15942.48047
2023-09-07,15891.53027
2023-09-08,15864.19043
2023-09-11,15878.99023
2023-09-12,15949.44043
2023-09-13,15953.91016
2023-09-14,15926.63965
2023-09-15,16089.48047
2023-09-18,15973.67969
2023-09-19,15952.51953
2023-09-20,15929.00977
2023-09-21,15859.62012
2023-09-22,15601.59961
2023-09-25,15569.50977
2023-09-26,15593.73047
2023-09-27,15381.58008
2023-09-28,15394.69043
2023-09-29,15478.07031
2023-10-02,15398.20996
2023-10-03,15230.00977
2023-10-04,15049.61035
2023-10-05,15070.91016
2023-10-06,15072.90039
2023-10-09,15214.01953
2023-10-10,15318.08008
2023-10-11,15450.24023
2023-10-12,15487.78027
2023-10-13,15329.54981
2023-10-16,15323.7002
2023-10-17,15484.5
2023-10-18,15541.37988
2023-10-19,15324.95996
2023-10-20,15196.37012
2023-10-23,15033.30957
2023-10-24,14946.00977
2023-10-25,15025.75977
2023-10-26,14914.12012
2023-10-27,14858.7002
2023-10-30,14675.78027
2023-10-31,14825.88965
2023-11-01,14919.2002
2023-11-02,15002.54981
2023-11-03,15332.59961
2023-11-06,15475.2002
2023-11-07,15440.5
2023-11-08,15388.48047
2023-11-09,15352.19043
2023-11-10,15235.17969
2023-11-13,15388.44043
2023-11-14,15403.13965
2023-11-15,15732.66992
2023-11-16,15765.01953
2023-11-17,15716.54981
2023-11-20,15813.45996
2023-11-21,15881.62988
2023-11-22,15861.57031
2023-11-24,15907.88965
2023-11-27,15983.82031
2023-11-28,15930.88965
2023-11-29,15929.15039
2023-11-30,15962.99023
2023-12-01,16088.83984
2023-12-04,16263.75
2023-12-05,16232.82031
2023-12-06,16123.04004
2023-12-07,16092.37012
2023-12-08,16136.84961
2023-12-11,16207.75977
2023-12-12,16274.44043
2023-12-13,16285.94043
2023-12-14,16560.71094
2023-12-15,16723.91992
2023-12-18,16609.83984
2023-12-19,16656.75977
2023-12-20,16798.40039
2023-12-21,16534.7207
2023-12-22,16724.91992
2023-12-26,16770.44922
2023-12-27,16859.49023
2023-12-28,16898.33984
2023-12-29,16890.58008
2024-01-02,16852.89063
2024-01-03,16841.61914
2024-01-04,16718.65039
2024-01-05,16715.71094
2024-01-08,16758.24023
2024-01-09,16885.36914
2024-01-10,16773.07031
2024-01-11,16818.88086
2024-01-12,16781.11914
2024-01-16,16799.53906
2024-01-17,16639.38086
2024-01-18,16522.83008
2024-01-19,16616.28906
2024-01-22,16729.55078
2024-01-23,16779.49023
2024-01-24,16800.85938
2024-01-25,16769.25
2024-01-26,16889.51953
2024-01-29,16949.10938
2024-01-30,17040.59961
2024-01-31,17089.46094
2024-02-01,16911.13086
2024-02-02,17115.58008
2024-02-05,17101.9707
2024-02-06,17004.7793
2024-02-07,17135.48047
2024-02-08,17212.32031
2024-02-09,17252.32031
2024-02-12,17275.86914
2024-02-13,17332.46094
2024-02-14,17068.53906
2024-02-15,17240.18945
2024-02-16,17434.92969
